longitude,latitude,rough_climate_r4750,rough_terrain_soil_r4750
-48.60896291781246,-13.379283262855123,0.019620814251362157,1.1438396561330733
-46.92686754829865,-14.935614492592196,0.03610319191922028,1.3857240328112337
-48.260865745216144,-14.749214071137395,0.027234131721589484,1.5394322674794818
-48.13510160543941,-15.663249872729008,0.01734203736807672,0.9155300933883753
-48.144084758280606,-16.307791089084763,0.015802372927238767,1.0492156108587416
-49.316386204056585,-16.332494759398053,0.023257070463759244,0.9642431276502235
-47.683698175169354,-16.395376829286416,0.016761860743790987,0.8859360369421282
-48.283323627319135,-13.790262505339806,0.013390742009760242,1.3216113054271965
-47.6050955878089,-16.152831702574147,0.017560230990076232,0.8183737900684185
-50.36292351005583,-13.100805524778073,0.011323106324192997,0.5786352320851185
-47.9734048542979,-17.900054930186617,0.015577700756734437,1.0248938845404807
-49.13447735902238,-18.24815210278293,0.018152018503796864,1.062243397326618
-52.06298518525202,-16.440292593492394,0.013747802736090473,1.1649440669615583
-48.66510762306993,-13.269239640550483,0.019217723961406148,1.022532115764814
-48.77290545716427,-15.946219187226657,0.019910886953709173,0.9125426205325908
-51.638531213505544,-15.2994321826606,0.014895362880003527,0.6561115435488896
-48.61794607065365,-17.98539488217797,0.01895645891244462,0.9269316641293578
-50.34046562795284,-16.979281763964106,0.016633849441050366,0.6704243456520703
-52.51438861552208,-16.491945722329266,0.02446226418050825,0.8075208674385906
-49.14346051186357,-16.375164735393728,0.023092294375673398,0.9051830272428445
-49.16367260575626,-14.201241747824486,0.01664860702262625,0.9568177838838895
-50.63690967171228,-15.418458957806438,0.019353282941588064,0.6562479700134217
-48.727989692958296,-14.973792892167275,0.03028209546947596,1.0658732442072612
-48.02281219492447,-14.32476009939092,0.017426703527394987,1.192579628238171
-46.97852067713553,-14.446032662747056,0.039706292051778995,0.4982714049004906
-47.17165846322123,-14.041790784893271,0.03845146753961222,1.5009467765658349
-50.92437056263053,-16.31003687729506,0.015965424925327328,0.8800289209908779
-48.63366658812575,-15.247779053823729,0.03174563700724628,0.8253148465653256
-47.528738788658735,-15.773293495033649,0.018432994867905533,0.7278242081775725
-50.45275503846778,-16.718770331569445,0.0175178312724349,0.8893782183312693
-50.30228722837776,-13.208603358872415,0.01126420282854858,0.6815406200756038
-49.58363500108214,-17.83492707208795,0.011742240389728155,0.8805130391300571
-52.22917351281413,-17.617085615688968,0.013066366655147548,0.7674204290128586
-51.29267982911953,-16.752457154723928,0.02475669578001652,0.8268111836073028
-52.2943013709128,-18.04603116385604,0.013053947591502546,0.7780896549835017
-49.536473448665866,-18.10217586911351,0.011323716244110963,0.9289262533743309
-50.477458708781064,-15.856387658814704,0.01240161936470863,0.8811590733769569
-51.5352249558318,-16.961315458281717,0.0282922520190103,1.0330699792572313
-46.30478421404589,-13.89356876301355,0.023213108695643636,0.9131287675125018
-46.10715485153959,-14.657136754515143,0.02596555214079637,0.9985098263396285
-46.93135912471925,-13.866619304489964,0.03688271957231205,1.0055276735337095
-52.50315967447059,-16.849026047766777,0.02413685187081985,0.9038359060261804
-48.341714120786904,-17.619331403899267,0.016000785018477657,0.9695506479176829
-49.192867852490146,-17.32962472477072,0.022272146441383926,0.9115709029223141
-49.67346652949409,-16.08994963268578,0.01273206247716627,0.8570380878944385
-50.75369065864782,-14.405608474961678,0.00976980577569989,0.47570289284876893
-47.23903210953019,-13.767804623236817,0.037601528627507534,1.3025365148441665
-51.20060251249728,-15.532994156531677,0.015393525916559013,0.5851414386014031
-49.11201947691939,-15.966431281119347,0.01927503179534987,1.1785517353058126
-48.209212616379276,-13.298434887284367,0.01412152032163559,1.2074851339315396
-51.57340335540688,-16.25838374845819,0.013590569901277832,0.8431745448221601
-48.84252489168354,-14.648153601673949,0.0295495655461684,0.9786598221019666
-48.3484514854178,-15.330873217604784,0.030000034257981156,0.9679110210024785
-52.08095149093441,-18.71976762694568,0.023654177494299045,0.7288245228549272
-51.092804678402935,-18.19649897394606,0.023002688154643607,0.8692084097652524
-48.04302428881716,-14.055265514155064,0.015725217943621115,0.8014457474507818
-49.893553774103374,-14.857011905231737,0.01876175929361856,1.3229664167128499
-50.05749631345519,-17.430685194234165,0.015845884623378666,0.7544921418030385
-47.4119578017232,-13.282714369812275,0.038765659079664276,1.0868743544636066
-47.9689132778773,-17.192631643942494,0.018870588470848527,1.0361470795243573
-48.642649740966945,-14.760443012188889,0.031166414523042325,0.732215259449656
-52.783883200757934,-17.601365098216874,0.016024277811306074,0.7569075146907015
-50.38987296857941,-16.07198332700339,0.01216262342474572,1.1386156971639176
-46.987503829976724,-14.648153601673949,0.040581298711056715,0.43192722937749206
-52.72773849550047,-18.59175769895865,0.03244386207422628,0.6172053769983528
-52.89392682306258,-18.295313655199205,0.01888456164962985,0.5703643742287405
-50.73123277654483,-16.530124121904347,0.01912444964233991,1.0546125358390068
-48.876211714838014,-16.622201438526595,0.027066695374756627,1.0170046888445234
-49.091807383026705,-14.053019725944765,0.016834074439526846,0.6763511467796396
-49.44664192025392,-17.81920655461586,0.020777218515345284,0.814212364535158
-47.892556478727144,-17.83268128387765,0.015351003359012464,0.9597334871229415
-49.59710973034393,-17.965182788285283,0.011537797982217986,0.7494523613186134
-49.77228121074724,-15.625071473153927,0.014111030289960679,1.1273847771034695
-52.298792947333396,-16.173043796466835,0.014616077037406324,0.7899075687389768
-50.284320922695365,-13.579158413571717,0.007505098193671503,0.7606027666413088
-47.93073487830222,-18.023573281753052,0.01573671680503823,0.8395069026982519
-49.947452691150545,-15.054641267738031,0.019157325948563862,1.0401267558606395
-46.57877037570234,-14.7379851300859,0.04033965783904734,1.236321107078697
-48.75044757506129,-15.025446021004147,0.030094909943038237,1.2096036092660507
-49.80147645748112,-17.203860584993986,0.01487110309601295,0.8361237577387568
-48.22717892206166,-13.96992556216371,0.014264011813919954,1.3472107703970522
-51.25450142954445,-17.23754740814847,0.026409624374593765,0.7392834670714669
-52.1056551612477,-16.736736637251834,0.024980156278135584,0.8887645343794809
-47.11775954617406,-13.327630134018252,0.03510932809228629,1.2343726292459862
-47.14470900469764,-15.872108176286796,0.02732716418040604,0.8195543375221276
-49.094053171237,-13.114280254039866,0.019693572680509953,0.5896229497910146
-52.078705702724115,-17.50030462875343,0.015888622182511948,0.8208325692721544
-49.04240004240013,-14.94684343364369,0.02735543520543091,1.1270650043237953
-49.165918393966564,-12.943600350057157,0.019734667086494784,0.5272191912320522
-48.02730377134507,-16.736736637251834,0.01879424354171109,1.348641310428336
-50.56279866077242,-16.03380492742831,0.015950619334456746,0.8147263194746519
-50.63017230708138,-17.006231222487692,0.019289547241405913,0.8705637887615549
-49.165918393966564,-14.971547103956976,0.02631834365324311,0.8082037900726028
-53.10278512662037,-17.27348001951325,0.017350126621721966,0.87233933820896
-47.95768433682581,-15.011971291742354,0.024160589253257866,1.1296450531211333
-49.36130196826256,-17.718146085152412,0.020918714961425822,0.912300151319236
-50.50216237909435,-13.900306127644447,0.008535774466160672,0.6603148104891743
-50.52012868477674,-15.1152775494161,0.01887885219466836,0.6896228401552639
-52.03828151493873,-17.56992406327269,0.013493078292541922,0.845334868651876
-49.691432835176485,-13.6128452367262,0.007659827857852137,0.5691475605576992
-49.18613048785925,-15.937236034385462,0.01934826703069966,1.150713593898989
-50.895175315896644,-17.639543497791955,0.027128680712860953,0.7552551913377678
-46.62144035169802,-13.509538979052454,0.03495583176239484,0.6672241612245896
-48.16878842859389,-16.07198332700339,0.01627728206906009,1.014577409027044
-49.900291138734275,-16.226942713514006,0.012064223289049963,1.0032384540692438
-52.14383356082278,-17.408227312131178,0.024302454080848156,1.1013179743853836
-50.2326677938585,-12.918896679743868,0.01176680022587151,0.6580432259769973
-50.996235785360085,-18.596249275379247,0.02616811348362206,1.0751893314912793
-51.44988500384045,-16.36842737076283,0.01594253429691713,1.1870669860563812
-50.89966689231724,-15.519519427269884,0.01568615715058238,0.6077113404472596
-49.79024751642963,-16.19999325499042,0.012266176122698562,0.8969505762370721
-49.985631090725626,-16.280841630561177,0.011825283764064687,0.9085564479937928
-48.70328602264501,-18.032556434594245,0.01873847208440813,1.0358231683683259
-50.12262417155385,-18.349212572246376,0.011876831400460036,0.6675264111461053
-49.62855076528812,-17.185894279311597,0.014512358553169834,1.029629576218031
-47.84539492631087,-15.786768224295441,0.0177176362254391,1.0629178632737395
-50.070971042716984,-14.551584708631099,0.018492424589435157,0.8051737156929595
-46.24190214415752,-14.407854263171975,0.018883528852569442,1.1192757102913629
-46.36542049572395,-14.576288378944387,0.027626169245142506,1.2784514782431282
-50.67957964770795,-14.994004986059965,0.017452683950874716,0.6498938685790254
-49.745331752223656,-13.177162323928231,0.012067261677328514,0.57234006754617
-50.42580557994419,-15.97990601038114,0.012454189084089249,0.7899452604911756
-46.12961273364258,-13.293943310863769,0.02630540848107125,0.9365774882910891
-47.95543854861551,-14.313531158339426,0.017769626535314956,1.449024215413117
-51.05911785524845,-16.613218285685402,0.02161910485108167,0.9106504237562429
-48.052007441658354,-13.601616295674706,0.014166080475825833,1.2721947404141314
-49.26024149879911,-18.391882548242055,0.017920858207863426,0.6760905909947309
-52.44027760458222,-17.06911329237606,0.022582558140022,0.7271367867576192
-49.17939312322836,-15.404984228544645,0.02714115707334447,0.8691744870546553
-48.260865745216144,-13.637548907039486,0.013066686660003128,1.2600924169883505
-49.20634258175194,-15.894566058389785,0.01920352336097067,1.1343926578826486
-48.3506972736281,-14.320268522970323,0.015767703138885373,1.0823435242129722
-50.37864402752792,-15.101802820154306,0.018779637433697104,0.703596955334429
-48.23840786311316,-17.82369813103646,0.015950346079611235,0.7847768560710576
-50.342711416163134,-16.18202694930803,0.011838109685141542,0.826971560164225
-48.020566406714174,-17.758570272937792,0.015502030979179054,0.8338446310741655
-47.9756506425082,-14.937860280802493,0.024159193708135605,1.379610656207215
-47.73535130400622,-16.283087418771476,0.016837664751257277,0.9729806975128653
-49.92050323262696,-16.150585914363848,0.012262689042067931,1.0465057232390833
-48.41582513172676,-14.086706549099247,0.013998522037331223,1.0801091538328074
-51.28818825269893,-17.210597949624884,0.026342632265469894,1.1945399117299247
-46.531608823286064,-13.55670053146873,0.03463144047364788,0.7732280716038035
-49.219817311013735,-14.07996918446835,0.01700628148299682,0.6958660694584594
-51.79349060001616,-17.34983681866341,0.026526610285060207,0.748604783887005
-50.95356580936441,-17.729375026203908,0.026453290244582112,0.8123735345380729
-49.40397194425824,-16.7996187071402,0.024812477108787635,0.8140674858351411
-52.6603648491915,-18.257135255624124,0.021513554181436422,0.9152265733786465
-48.97727218430146,-17.203860584993986,0.023001177336885895,0.7898732846765667
-51.811456905698556,-18.185270032894564,0.01420085747422205,0.7247514122235712
-47.49505196550425,-13.242290182026897,0.028458854047177396,0.7504584152168937
-51.01195630283218,-18.748962873679563,0.025872693415842158,1.1863288904390288
-49.2759620162712,-16.63118459136779,0.025883950540287564,0.9223355682728219
-48.28107783910883,-14.56955101431349,0.02866485876177636,1.2229207970092453
-48.69430286980381,-15.562189403265561,0.019900302438302705,1.0310631518551905
-52.64689011992971,-17.545220392959404,0.015564567219714456,0.9490604487328587
-49.79024751642963,-17.49581305233283,0.013923368854405779,0.7319368132659498
-49.49604926088049,-13.96767977395341,0.013869413533312861,0.6622267776557338
-46.569787222861144,-12.99300769068373,0.027541592839041163,0.7453029537204126
-47.07059799375778,-15.18938856035596,0.03294867870947133,1.3351994371373743
-47.827428620628474,-14.724510400824107,0.024246071154176707,1.0279899121934732
-49.54321081329676,-18.261626832044723,0.011057228016908028,0.8642507229488205
-49.73410281117216,-18.369424666139064,0.01120236219534182,0.7788855108337615
-47.939718031143414,-15.840667141342612,0.017329905082733986,0.8001858609648193
-49.273716228060906,-18.335737842984585,0.018172095911196614,0.7354952041625006
-52.33247977048788,-18.427815159606833,0.01348432917860439,0.8432671308655055
-50.87271743379365,-18.38289939540086,0.021231018003319394,0.7980116235335858
-50.49093343804286,-15.95969391648845,0.012205283168499984,0.7734441969625186
-48.164296852173294,-15.166930678252971,0.026620477533900153,0.8331951119589429
-47.795987585684294,-16.545844639376437,0.017215903948251572,0.959702018158608
-50.19224360607311,-13.408478509589008,0.011528756163492854,0.6325912605439082
-48.48319877803573,-15.820455047449924,0.017379569914849916,0.9295911905655846
-52.036035726728436,-17.72039187336271,0.013469032627737713,0.7710808343455978
-51.31064613480192,-16.669362990942872,0.025967477313275054,0.810201144265103
-48.759430727902476,-15.739606671879166,0.01944147868980649,1.0718108108923072
-52.020315209256346,-17.147715879736516,0.02499123461323078,0.9556597221468176
-46.86173969019999,-13.866619304489964,0.03672156008796995,0.6599244406101362
-49.32536935689778,-15.97766022217084,0.020424520342419712,0.9051029462993326
-50.987252632518896,-16.507666239801356,0.019674429968988185,0.9427483129721441
-48.55506400076529,-13.700430976927853,0.01786694895528989,1.1416483476467614
-49.60384709497483,-16.678346143784065,0.014707561574205967,0.8309664632987959
-47.74433445684742,-14.693069365879925,0.024431687403746374,1.016441911420005
-52.23366508923473,-16.736736637251834,0.024294977052956305,0.8814866942158278
-47.48382302445276,-15.436425263488829,0.030273834678407364,0.8329343742098388
-46.453006235925606,-14.151834407197912,0.02091717659520855,1.0334649241753542
-47.83641177346967,-15.436425263488829,0.025671706495840507,1.190833668093585
-50.88619216305545,-16.875975506290363,0.017420283301183535,0.9791883328746879
-50.74246171759632,-13.639794695249785,0.010174678290114142,0.6477433571730248
-49.81270539853262,-16.03829650384891,0.012716430443323575,0.7673134997819006
-50.73572435296543,-16.161814855415344,0.015938692653469293,0.7880510085289688
-48.02954955955537,-16.91639969407574,0.018848045592506652,0.8983291204239422
-47.01220750029001,-15.054641267738031,0.03448596139303874,1.1030325745081997
-49.359056180052264,-17.396998371079682,0.022850874044003846,0.7746058239901331
-48.047515865237756,-13.693693612296956,0.014415058609729092,1.322187162913967
-50.35169456900433,-15.746344036510063,0.01328547626623786,0.9911935665657555
-48.76616809253338,-13.16144180645614,0.01898002846857616,0.6614502658461113
-47.12898848722555,-14.839045599549346,0.03784458051313946,0.6480285543760856
-49.04689161882072,-16.59300619179271,0.026491297909686552,0.8745298646041082
-50.63017230708138,-16.29880793624357,0.01608668904850331,1.2098002449145446
-49.11426526512969,-15.333119005815083,0.027303603687529952,0.7808049587643322
-50.322499322270446,-14.859257693442036,0.018254269689223633,0.6630120326271424
-48.03853271239657,-18.23018579710054,0.01634451928380657,0.8173076963755199
-46.44626887129471,-13.350088016121239,0.025585714802434434,0.9111638385043862
-50.74695329401692,-17.260005290251456,0.024226515054694538,1.005611594531646
-50.2281762174379,-15.84515871776321,0.012991711794941574,1.0093538004809963
-48.63366658812575,-17.475600958440143,0.02587845178420971,0.7519180160247423
-48.13061002901881,-13.938484527219526,0.014684304822107386,1.4493653602821706
-49.990122667146224,-15.750835612930661,0.013474958716486405,0.8011592074657301
-47.459119354139474,-15.427442110647632,0.03306924242895599,1.0408427994766745
-47.67471502232816,-14.259632241292255,0.019362017872568082,0.9354394448749077
-49.498295049090785,-17.129749574054127,0.018969143228064003,1.0546493523181486
-49.58812657750274,-15.438671051699128,0.021965426015928234,0.7964054393210037
-50.044021584193395,-17.414964676762075,0.015781735018078606,0.6830870306806446
-52.72100113086957,-17.23305583172787,0.019445437693604052,1.03153528335256
-50.322499322270446,-13.96992556216371,0.007894686563500713,0.6135187321773171
-50.73123277654483,-15.238795900982533,0.017597381307693706,0.9341933511614332
-46.93809648935015,-15.106294396574905,0.03257307821899931,1.5760104907062182
-46.50241357655218,-13.624074177777693,0.028734005001910142,0.6526774917353557
-50.67957964770795,-16.516649392642552,0.018144653977645336,1.1556734985691774
-47.822937044207876,-16.563810945058826,0.01737367492180584,0.9539533730039979
-50.84352218705977,-14.53137261473841,0.016257869604987655,0.6782253316111029
-50.85025955169067,-17.01072279890829,0.01878068143901859,0.8071308042780007
-48.37764673215168,-14.1765380775112,0.01451819396143375,1.2662925389160586
-47.16267531038003,-13.334367498649147,0.03558686491835728,1.3524564386905695
-49.94520690294025,-18.025819069963347,0.011881808434510605,0.7002676969058256
-48.79087176284666,-18.337983631194884,0.01778298269107659,1.1902265468225413
-50.76042802327871,-16.626693014947193,0.01780582353435702,0.9275734071448078
-52.81981581212272,-16.85576341239767,0.023120763569183623,0.7784766670874886
-51.44763921563015,-18.632181886744025,0.02551178700367767,0.9540553037624088
-50.94682844473351,-17.471109382019545,0.029615309664409506,0.7980893460664071
-48.99074691356326,-17.365557336135502,0.023134434426389402,0.7062248572305546
-50.4123308506824,-15.032183385635044,0.018556421197273323,0.9817300563713469
-51.99336575073276,-17.34983681866341,0.025213949988980553,1.0451777530463136
-51.86760161095602,-18.023573281753052,0.013947550681464338,0.8509529326465559
-47.694927116220846,-15.110785972995501,0.02319090141164708,0.8873031294079644
-50.569536025403316,-18.234677373521137,0.02243797503823031,0.8918024818380843
-52.918630493375865,-17.581153004324186,0.016708867421315516,0.8625750134354453
-49.311894627635986,-13.177162323928231,0.020246613188516525,0.5622883258434752
-50.156310994708335,-17.304921054457434,0.015971217531852495,0.8793609010389257
-53.0443946331526,-17.098308539109944,0.01804682401509432,1.215331720927
-49.74757754043395,-18.295313655199205,0.01127296542785089,0.6779224484343583
-51.26123879417535,-15.930498669754565,0.01563782075355067,0.7684681047679977
-48.770659668953975,-14.210224900665681,0.01591201456996388,0.750707840304281
-51.216323029969374,-16.756948731144526,0.02308467610170595,0.8187022762194059
-50.472967132360466,-16.990510705015602,0.016903938895583257,1.025330571417758
-49.87109589200039,-13.150212865404646,0.011872801523912064,0.6822008505016971
-48.24289943953376,-14.639170448832752,0.02748317081162705,1.4716971842946076
-50.67508807128736,-16.125882244050562,0.01594531915716125,0.8375536864708893
-47.88357332588595,-13.960942409322515,0.01639991522964025,0.6743405536832725
-48.25861995700585,-17.320641571929524,0.02189771723214906,0.9240952874604046
-50.12262417155385,-14.383150592858689,0.008364642527941783,0.8918685236459328
-52.68506851950479,-16.725507696200342,0.026624141030170762,0.9112593117666682
-50.91987898620993,-14.556076285051697,0.015568682978245098,0.6036779302309913
-51.94620419831648,-17.264496866672054,0.02547414901727999,0.8820683529441898
-51.02767682030427,-19.195874727529027,0.02541791364542448,0.7973957752364083
-49.251258345957915,-13.289451734443173,0.020703633322670074,0.6203626080824058
-50.51339132014584,-17.284708960564743,0.023482876330639606,0.723820196865313
-49.45113349667451,-18.00111539965006,0.020072878622033875,0.8153622019499916
-48.24289943953376,-16.78389818966811,0.020708789165890824,0.845524142828385
-51.436410274578655,-18.052768528486936,0.025103305757110304,0.8735296075544862
-49.82618012779441,-14.753705647557991,0.01876393616704963,0.6604137514164456
-52.50315967447059,-17.679967685577335,0.0140704361523911,0.9846136783110263
-50.06198788987579,-14.960318162905482,0.018727476054310726,0.9759786218168515
-52.95456310474064,-16.97479018754351,0.020369402393433093,0.7883641005543526
-49.77003542253694,-16.249400595616994,0.012152485269013257,1.0847320030311713
-47.30640575583915,-15.510536274428688,0.027283669810869656,1.103945517537999
-50.87271743379365,-16.460504687385082,0.016098741114923036,1.0638791400773437
-51.06360943166905,-16.774915036826915,0.02003010388142911,0.9956458628650964
-51.03216839672487,-19.07684795238319,0.02546078648896404,0.7039830408932194
-50.53584920224883,-17.83492707208795,0.025436756504416142,0.7789187559492908
-50.0417757959831,-15.806980318188131,0.013242796419325381,0.8855226613383714
-49.93846953830935,-14.973792892167275,0.018938819742974643,1.0667140192497973
-47.34458415541423,-15.591384649999446,0.027106456701665192,0.8608678673714207
-47.88357332588595,-16.610972497475103,0.01774730681611931,0.927111340691877
-48.28107783910883,-17.44640571170626,0.02263373263806608,0.9637789363953212
-50.387627180369115,-16.11016172657847,0.012041175476213178,1.120446242878166
-46.12512115722198,-14.331497464021817,0.01974648645093366,0.9187421906325538
-47.90153963156833,-15.054641267738031,0.02395391332758272,1.0206111632759358
-47.28619366194646,-14.017087114579985,0.03881839832293306,1.5790867445821064
-48.701040234434714,-15.1130317612058,0.03071361644477213,1.0524631873892392
-46.286817908363496,-13.812720387442793,0.02091432451757149,1.2011573327638676
-50.15406520649804,-14.767180376819784,0.01832806450670631,0.8345123442388802
-50.210209911755506,-17.280217384144144,0.01613318871347139,0.9186344197364124
-49.23329204027553,-15.036674962055642,0.02572004158391662,0.7225947409270352
-47.80497073852549,-16.321265818346557,0.016543614850348443,1.023772479124525
-50.933353715471725,-16.345969488659843,0.015988906608301757,0.9947337954820527
-51.104033619454434,-16.29880793624357,0.015909067597095285,0.9928977469014489
-50.74695329401692,-18.802861790726734,0.026599622722609777,1.097337210199633
-49.327615145108076,-13.372545898224228,0.021283284302284898,0.8417879177193224
-46.88419757230298,-14.661628330935741,0.04043149811634111,0.45202377964041407
-49.1007905358679,-14.488702638742733,0.019018304697797434,0.8177857792404372
-50.798606422853794,-15.483586815905102,0.017626996716605614,0.8052550660665946
-48.69205708159352,-16.020330198166516,0.020806361755547925,1.0017954563281464
-51.908025798741406,-17.868613895242433,0.013779925192286444,0.7735822133631856
-48.30578150942212,-14.630187295991558,0.028562550434850082,1.4327239837620673
-48.02505798313477,-17.583398792534485,0.015451412911193911,0.9718127728330832
-46.39686153066814,-13.895814551223848,0.023146452597739453,0.9384050039369932
-48.81108385673935,-15.481341027694805,0.02831308516562511,1.150578362524514
-48.38213830857228,-17.08258802163785,0.022352713656082275,0.7717831856865817
-51.398231875003574,-16.471733628436578,0.016741956478037404,1.1168443839942095
-51.73959168296899,-18.90616804840048,0.020290770615597382,0.9589545350541017
-48.79311755105696,-17.23754740814847,0.024671320540920697,0.9261925859601637
-52.68282273129449,-16.925382846916936,0.023300862669926474,0.7978746794575611
-50.531357625828235,-13.942976103640124,0.010246741526999382,0.6536908995171256
-47.551196670761726,-15.885582905548588,0.0183842205618298,0.7770704951488047
-50.04851316061399,-14.731247765455004,0.018441834445103746,0.8680510029186457
-49.37253090931405,-14.973792892167275,0.025041392518791922,0.7289748206556284
-50.24838831133059,-16.217959560672814,0.011785784893073597,1.1241696041638283
-51.86535582274573,-17.693442414839126,0.013851304587330231,0.8785878698000227
-49.79473909285023,-14.926631339751,0.019066052648600788,1.2043571379990456
-49.482574531618695,-13.785770928919208,0.016431568317437525,0.7006932330311239
-49.40397194425824,-14.1765380775112,0.01717505011181613,0.9315057207374311
-48.77515124537457,-14.279844335184944,0.015839642611469296,0.9870224344437512
-46.48220148265949,-14.059757090575662,0.022440578511714604,1.0923512507434403
-49.95194426757114,-15.4880783923257,0.019147068733340534,0.8771021934907096
-47.88581911409624,-15.047903903107136,0.02385910549941569,0.959080404876742
-51.3465787461667,-15.025446021004147,0.011084896666338061,0.6439701599733877
-51.71039643623511,-18.90616804840048,0.020042048827283665,1.0098203822071865
-52.23141930102443,-17.72039187336271,0.013044154867266372,1.1044026131797475
-47.69043553980025,-18.090946928062014,0.015694463480103442,1.0346804874372835
-51.22081460638997,-16.123636455840263,0.015767604950769974,0.8054538349547021
-49.969910573253536,-13.821703540283988,0.007760280488379853,0.7290571058200025
-51.99561153894306,-18.580528757907153,0.022757440144559753,0.9682065125855996
-52.61544908498553,-17.30941263087803,0.020910966622962723,1.2753489682096513
-49.22430888743433,-15.35782267612837,0.026500451961183637,1.0904477048017014
-49.594863942133635,-17.9292501769205,0.011594687241066165,0.7665937063687537
-49.63079655349841,-16.837797106715282,0.014473845362476381,1.0273994607603802
-50.18775202965252,-14.857011905231737,0.018386791764481065,0.8746580815267867
-50.51339132014584,-14.704298306931419,0.01867892047935264,0.7147949544604697
-50.163048359339236,-15.813717682819027,0.013136289960405645,1.0325159274771252
-49.92274902083726,-13.228815452765105,0.011791678879783312,0.6270307659297493
-49.39498879141704,-16.2426632309861,0.02287772763921447,1.093133196624813
-48.44277459025035,-17.033180681011277,0.022841867837748806,0.8644580086672994
-48.97053481967057,-13.59038735462321,0.018264818459701522,0.9671962466332746
-48.829050162421744,-17.59238194537568,0.02049270516571366,0.8694972726000224
-49.24901255774762,-16.640167744208988,0.02575654022875663,0.8768126301201195
-50.627926518871085,-16.269612689509685,0.01606725411147486,1.2448384783457345
-48.41807091993706,-15.975414433960541,0.01613400705154351,0.9845472441623887
-51.55319126151419,-17.758570272937792,0.01458150397725502,0.8049369865268585
-47.292931026577364,-13.57466683715112,0.03724248457231809,1.487353896430455
-50.890683739476046,-17.882088624504224,0.025178154813078574,0.8108227576914476
-52.2853182180716,-18.13586269226799,0.013160729486992232,0.8755365430051706
-50.05525052524489,-17.037672257431876,0.015495832913151502,0.9094121922912342
-52.523371768363276,-16.866992353449167,0.025537061492523626,0.8414465022889788
-47.009961712079715,-13.350088016121239,0.03476378982812644,1.001954694417161
-47.355813096465724,-13.401741144958113,0.03856007226166152,1.5138354417064974
-50.7806401171714,-14.650399389884248,0.01665291541983154,0.6008097006506312
-46.522625670444874,-14.23268278276867,0.03529201703433436,1.0793448444815152
-48.59099661213007,-15.58240149715825,0.020727713519050405,1.0022789411441566
-49.93397796188876,-13.576912625361418,0.007534865384967994,0.55795868753972
-51.05911785524845,-16.166306431835938,0.015825143667852003,0.8359424140403524
-51.901288434110505,-16.325757394767155,0.013705960657779858,0.6148019510913786
-51.3578076872182,-18.465993559181914,0.021942987701493288,0.708510003389229
-50.05525052524489,-15.088328090892514,0.0190887988949074,1.2046532279919107
-46.52037988223457,-14.64590781346365,0.03928733192966492,1.4633541258815714
-48.09467741765403,-15.708165636934984,0.017310517608496563,0.8074790181589365
-49.48032874340839,-17.295937901616238,0.021997416880799377,1.01966251156065
-52.527863344783874,-16.233680078144904,0.025596589662906937,0.939100389312202
-52.543583862255964,-17.145470091526217,0.02264242160640495,1.1638489999500707
-50.237159370279095,-17.266742654882353,0.016219510965643346,0.8099181702440074
-50.89292952768634,-16.09219542089608,0.015826374247121893,1.0389520953682725
-50.54483235509003,-16.18427273751833,0.016056581102278398,1.0809381584723017
-46.73822133863356,-14.803112988184566,0.03852377390167696,1.4120554747119227
-49.27147043985061,-13.242290182026897,0.02067573824983731,0.8366284395923486
-50.0372842195625,-16.95457809365082,0.015455040980446184,1.0328756496964149
-50.71551225907274,-16.46948784022628,0.01611571829886443,1.048451749583002
-48.11039793512612,-14.001366597107893,0.015056398918259453,1.1823968257987396
-47.60734137601919,-17.61034825105807,0.014987380037986862,1.0286917761365444
-47.7847586446328,-14.412345839592573,0.01952453148138054,1.4714029361488465
-50.2191930645967,-14.627941507781259,0.01822439248135387,0.637018449088306
-49.406217732468534,-18.337983631194884,0.018687368224183182,0.8753184760600039
-50.96030317399531,-18.728750779786875,0.026030476681592394,1.1151873618177823
-51.452130792050745,-18.34022941940518,0.023164571262784452,0.7586564794719298
-49.188376276069555,-15.611596743892134,0.018455676347307944,1.0125161491269772
-46.35643734288276,-12.988516114263133,0.02219586978136182,0.9375308923681299
-47.78925022105339,-15.943973399016357,0.017475592041401675,0.9466675101635152
-48.04077850060686,-16.889450235552154,0.018925638414666067,0.9249633476769626
-51.11750834871622,-16.07198332700339,0.015749160336964045,0.7190253944704476
-47.153692157538835,-14.72226461261381,0.039657541729810585,0.5441208955731649
-52.18874932502875,-18.70404710947359,0.024896686081124973,0.6382473381334443
-50.237159370279095,-16.453767322754185,0.011149946913214087,0.9101073386234472
-47.9599301250361,-13.338859075069745,0.01663064050060152,1.2117364380519677
-48.18900052248658,-17.915775447658707,0.015968897942995004,0.8157374616168989
-47.984633795349396,-15.272482724137015,0.02555098813970913,1.0258987922383918
-47.49954354192485,-16.4268178642306,0.022333294687543657,0.8367092236473711
-52.92536785800676,-18.26836419667562,0.021556931935468492,0.5879939589472927
-49.4735913787775,-18.47273092381281,0.018108933871781523,0.9203254877716572
-48.58650503570947,-13.493818461580362,0.0193178043493191,1.195968584536436
-52.04951045599023,-18.8657438606151,0.023456025993279415,0.6394836838306265
-49.857621162738596,-18.198744762156355,0.011540696421502494,0.7017921800063327
-51.99336575073276,-17.006231222487692,0.02520961531819268,1.1234112096259856
-49.45787086130541,-13.91153506869594,0.017886245448866106,0.7022179086084713
-52.07421412630352,-18.441289888868628,0.01396512287327971,0.7715793450953012
-50.66385913023586,-16.777160825037214,0.016477140869351266,0.8871916067329016
-47.28394787373617,-15.407230016754944,0.03199635665320343,1.0722698383025646
-50.62568073066078,-15.631808837784824,0.015698840607660854,0.7121321054844598
-49.33659829794927,-17.870859683452732,0.02020181293150993,1.1109091330291097
-50.42805136815449,-15.649775143467215,0.013617377678142733,0.6607927472900598
-51.28369667627833,-17.63056034495076,0.02779601314023219,0.763960327570861
-50.457246614888376,-14.697560942300521,0.017964581630458533,0.7342480904130508
-48.882949079468915,-14.091198125519846,0.016380838936112477,0.985857985934299
-46.886443360513276,-14.607729413888569,0.04130221323281339,0.44657431458135827
-47.308651544049454,-14.803112988184566,0.03905593131673857,0.8122522646991133
-47.849886502731465,-17.66649295631554,0.015178673788204495,0.9505033362218381
-50.531357625828235,-15.908040787651577,0.015645128788102584,0.8217064843234364
-50.906404256948136,-15.782276647874845,0.015636266652728135,0.5912867225546902
-50.29330407553656,-13.17940811213853,0.011291605130217127,0.67010195459201
-48.696548658014116,-14.796375623553669,0.030622155198017198,0.8249793289523836
-49.6712207412838,-14.376413228227793,0.008470078915125395,0.7327385951374289
-48.37764673215168,-18.355949936877273,0.01641233970109499,1.0865861819997467
-47.602849799598594,-15.939481822595761,0.018073142970873153,0.958782872004352
-49.81719697495322,-13.59263314283351,0.007586532267157159,0.5249134513080911
-51.24551827670326,-19.103797410906775,0.02523945868201427,0.6876727980851706
-51.94844998652678,-18.744471297258965,0.022173099414998693,0.7119835404398266
-47.10428481691226,-13.601616295674706,0.036337621478013324,1.5816052525543347
-51.285942464488635,-17.23754740814847,0.026854501943014305,0.9343000379662901
-47.42767831919529,-13.886831398382654,0.0389926179517797,1.4034427644939529
-50.90865004515843,-18.748962873679563,0.026139611303787197,1.0494697837097844
-48.10141478228493,-14.113656007622833,0.01563872919810166,1.1018834586420903
-52.27184348880981,-16.40660577033791,0.014112927021464803,1.1194125606417413
-51.054626278827854,-19.276723103099783,0.025404106793140285,0.663310434484679
-47.50852669476605,-15.420704746016737,0.02546031542826103,0.7821275940649891
-48.674090775911125,-17.426193617813567,0.026365503275407133,0.7587572201861633
-50.17652308860102,-15.07934493805132,0.018899781668886256,0.7539205482125514
-50.45275503846778,-14.733493553665303,0.017992269317872817,0.7417270612578345
-51.115262560505926,-16.622201438526595,0.022506762034126476,0.983434371041477
-49.2849451691124,-18.353704148666974,0.018144726761604685,0.8061728679307015
-46.682076633376084,-14.650399389884248,0.04122472361436869,0.6198652970335427
-50.021563702090404,-15.164684890042674,0.019405364831618248,1.0495987671361424
-48.813329644949654,-16.58177725074122,0.027934297609782593,0.8731506556059491
-47.10203902870196,-13.992383444266697,0.037975608493400724,1.3305538235128453
-48.24963680416465,-16.020330198166516,0.016260566729454924,0.9550665839351109
-48.06323638270985,-15.036674962055642,0.02493925986303688,1.066815794688802
-48.503410871928416,-13.803737234601599,0.014066424598429623,1.1952223491502016
-48.925619055464594,-15.465620510222713,0.029518862923124424,0.990389955796914
-48.299044144791225,-15.930498669754565,0.01638976153122271,0.9980089571026006
-52.918630493375865,-16.84453447134618,0.0219230303697203,0.8385014533521113
-49.0895615948164,-16.819830801032893,0.023893965962103407,0.9025547248481827
-47.36704203751722,-15.604859379261239,0.02727614602503564,0.7967564280238197
-46.437285718453516,-14.241665935609864,0.020141818982265896,1.0708222159821863
-50.333728263321944,-15.427442110647632,0.020070513902466315,0.6922299247266809
-48.11488951154672,-13.379283262855123,0.015608650722507762,1.3329281974340712
-52.99723308073632,-17.423947829603268,0.017707410807742106,0.803429559596379
-46.39012416603724,-14.762688800399188,0.022491148415779143,0.9363900616332205
-47.582637705705906,-16.101178573737275,0.01775683818043586,0.7604400858218656
-48.84252489168354,-15.422950534227036,0.030322105271177704,0.9843561537526694
-47.20983686279631,-14.62344993136066,0.04132623057540665,0.5929072554766235
-48.02505798313477,-13.783525140708909,0.014811351882436612,1.4136400561544704
-50.291058287326265,-13.93399295079893,0.007853165378225389,0.6269559476515517
-51.483571826994925,-15.294940606240004,0.012205542394287396,0.6208848084566914
-50.441526097416286,-18.847777554932712,0.020126341209856822,1.007906407206498
-52.35493765259086,-16.983773340384705,0.023163224632705388,0.8152579957707561
-49.069349500923714,-15.663249872729008,0.018101172034761828,0.9566982957120714
-49.96092742041234,-13.59038735462321,0.007540381310968369,0.5199946786610726
-52.08993464377561,-15.910286575861877,0.014677096046117652,0.7177191481568311
-46.89767230156477,-13.507293190842155,0.03553936456595586,1.346465245524233
-51.68344697771152,-17.70916293231122,0.014269122078196802,0.7239180320941867
-52.6648564256121,-17.83268128387765,0.017506184905858594,1.1113949204865274
-49.819442763163515,-17.59462773358598,0.01237778048687112,0.7729392711674524
-49.455625073095106,-15.506044698008091,0.022248628750770612,0.9191602341362913
-50.9782694796777,-18.281838925937414,0.022136274086693986,0.9651456145604166
-50.91763319799963,-18.391882548242055,0.021206375328651394,0.8563185609453793
-51.76204956507198,-18.308788384461,0.01443596459072498,0.7088960673371103
-47.63429083454278,-17.352082606873708,0.016913724332046597,0.9072993444306211
-49.26697886343001,-14.21247068887598,0.016831741638906245,0.7167342783763391
-51.69018434234242,-16.67610035557377,0.02764416405939285,1.001528650188548
-48.546080847924095,-16.345969488659843,0.024218230826007898,0.8725661782059579
-49.18613048785925,-15.694690907673191,0.018416748442311087,1.0589758661449469
-46.855002325569096,-15.755327189351258,0.024895896814613315,1.037038783166074
-47.721876574744435,-18.19425318573576,0.0160075232342595,0.841943757990272
-50.24838831133059,-13.426444815271399,0.011478524034044521,0.650820572033213
-46.511396729393375,-13.868865092700263,0.03112719129064327,0.7263038435811233
-49.03566267776923,-16.03380492742831,0.019751504536605822,0.9491077040350836
-51.52848759120091,-17.190385855732195,0.02830922071800338,1.2436899572603644
-49.862112739159194,-15.086082302682215,0.019430449831189137,0.9715430485348239
-47.618570317070684,-17.953953847233787,0.015277448790696082,1.0078012151901112
-49.765543846116344,-17.01521437532889,0.014669820034647962,0.966297764201185
-49.150197876494474,-14.848028752390542,0.026667817013186497,0.9114346428607564
-51.87433897558692,-18.486205653074602,0.015964969259911962,1.255424147839091
-50.05749631345519,-16.433555228861497,0.011353826559674512,0.9400290248316118
-51.59361544929957,-18.946592236185857,0.01923694623688066,1.0432070053096216
-47.09754745228136,-15.627317261364226,0.026313620067672412,0.8692083017807691
-49.53871923687616,-14.919893975120104,0.019833284267085933,0.7955017358079782
-51.9057800105311,-17.096062750899645,0.025718566236919402,1.009118135155876
-46.94258806577075,-14.526881038317812,0.04224309412960996,0.5064245124298318
-48.55730978897559,-13.83742405775608,0.01729505774868797,1.108302939054959
-50.28207513448507,-17.913529659448407,0.012562185622214584,1.0660678651996438
-49.197359428910744,-18.216711067838748,0.018411889835698057,0.9226279085441428
-48.66061604664933,-16.8018644953505,0.027485678882342494,0.8859375448230016
-51.67446382487033,-16.139356973312353,0.01396601334161319,0.6511614459941474
-47.73535130400622,-15.151210160780881,0.02342011865404292,1.015180193525814
-48.267603109847045,-14.351709557914505,0.01633615190869263,1.1328515721912904
-48.75044757506129,-14.329251675811518,0.015794203296228736,0.8982385861428838
-53.0421488449423,-18.160566362581278,0.02182839035460554,0.5377389644671302
-49.242275193116726,-16.552582004007334,0.0266644660167964,0.9748600975658919
-48.507902448349014,-17.147715879736516,0.02595291988410365,0.9661017775207269
-50.67508807128736,-15.56668097968616,0.01564013648611458,0.6963556335335417
-50.589748119296004,-17.637297709581656,0.027158692918451716,0.6259029699067215
-51.14894938366041,-17.019705951749486,0.021778006642744867,1.065421282490274
-49.1030363240782,-15.02095444458355,0.026780625237928797,1.0434708184797712
-51.65874330739823,-18.70404710947359,0.019290396845321935,0.7498058412648757
-50.49767080267375,-15.643037778836318,0.012824924089649567,0.819821300539968
-51.618319119612856,-16.599743556423608,0.028309416930962585,1.1205433240768226
-51.60484439035106,-15.32189006476359,0.015451097742442783,0.5462624735484338
-48.59099661213007,-16.779406613247513,0.02840326076621642,0.7941723986193646
-52.00234890357395,-18.567054028645362,0.02284712942809656,0.9838178240208397
-51.12649150155742,-18.6815892273706,0.025748292285659582,1.0437301521543627
-50.9715321150468,-19.115026351958267,0.025546319192766315,0.7160791740355504
-50.9692863268365,-17.093816962689345,0.020655089968060238,0.6118648847344036
-46.569787222861144,-14.088952337309546,0.03733328086046344,0.7227897779092438
-48.14633054649091,-13.749838317554426,0.013973818604695766,1.5737779174537676
-48.88744065588951,-16.208976407831617,0.021424065192838054,0.8683680950897118
-48.995238489983855,-17.596873521796276,0.020643570825525624,0.8300916961703398
-48.46298668414304,-17.538483028328507,0.01613443280797029,1.1276109014246856
-47.02119065313121,-14.443786874536757,0.03981096138234095,0.5209266984676894
-50.964794750415905,-18.4906972294952,0.02246814119890394,0.891088005664059
-50.569536025403316,-16.662625626311975,0.017077524865461314,1.2397476413784447
-50.026055278511,-17.477846746650442,0.015377999210869705,0.7406421436144939
-48.373155155731084,-15.420704746016737,0.030958343481948012,1.0168793733090082
-49.69367862338678,-14.708789883352015,0.01902347558726895,1.2167050136973578
-47.71963078653413,-15.647529355256916,0.01845548957242914,0.9331280625752942
-52.71650955444897,-17.77878236683048,0.017166913815364965,0.8895755928381077
-49.16367260575626,-18.050522740276637,0.019004301760854516,1.0084033929896792
-48.08794005302314,-16.808601859981398,0.019309098095231986,0.9875815767065048
-51.94620419831648,-15.986643375012035,0.014616181554896805,0.7165827427876676
-48.87396592662772,-15.54646888579347,0.018780178767122836,1.1452846898008633
-51.17814463039429,-19.061127434911096,0.02529056559204368,0.8012869112646479
-50.06872525450668,-17.729375026203908,0.012477206608165871,0.7614578968019932
-51.14894938366041,-18.17179530363277,0.023320120546495914,0.862120360632002
-48.229424710271964,-17.093816962689345,0.020936918064282006,0.9095350014238942
-48.00933746566268,-13.821703540283988,0.015032952568781522,1.281597992465516
-51.47234288594343,-16.25389217203759,0.015203708058651367,1.119797565058337
-51.382511357531484,-17.111783268371735,0.026462255230626116,0.9529336516770939
-46.12961273364258,-14.809850352815461,0.024737182857155367,0.7192468558581093
-52.260614547758315,-17.974165941126476,0.013066443710308179,1.2181358775408235
-51.14894938366041,-18.79612442609584,0.025551117929879012,1.2785589223779827
-51.692430130552715,-17.70467135589062,0.014248106786528434,0.7305192871426452
-48.957060090408774,-14.127130736884626,0.01641342517739885,1.2356782177043135
-47.29966839120826,-15.2994321826606,0.033006189224664785,0.9695357684603315
-48.824558586001146,-13.359071168962435,0.019605009406619228,0.6056993193760648
-49.34333566258017,-18.457010406340718,0.018035203159345113,0.8703481002040584
-49.93846953830935,-15.503798909797792,0.017185865469950566,0.8411717081446839
-49.90702850336517,-14.708789883352015,0.018638274276245235,0.6206681830523426
-51.70590485981451,-16.384147888234924,0.013391176627622486,1.0194600109546048
-47.27047314447437,-14.02607026742118,0.03878735757639089,1.5886666772204905
-49.26473307521971,-13.48034373231857,0.02059993376135183,1.006521612475886
-52.8535026352772,-18.42332358318624,0.019383828460694492,0.43971261961672115
-48.128364240808516,-17.46212622917835,0.021334275401423408,0.8802388514277558
-52.64464433171941,-18.452518829920123,0.02357592450022589,0.5709548893272406
-48.936847996516086,-14.329251675811518,0.016056749929011425,0.7972545661369145
-49.374776697524354,-16.934365999758132,0.023791247302553,0.8990244194071493
-50.25512567596148,-16.95233230544052,0.016299088840670817,0.7438533756800113
-47.402974648882,-16.65364247347078,0.029024682070158323,0.8557085204684555
-49.72511965833097,-16.16406064362564,0.01244936501905931,0.821688306333439
-50.12037838334356,-16.721016119779744,0.01611246050525522,0.7253447727241576
-46.52487145865517,-13.455640062005283,0.03440977196597104,0.8379467332114577
-49.92050323262696,-17.68445926199793,0.012347716014898608,0.5555642140979314
-50.39211875678971,-17.25326792562056,0.016814544318175785,0.9046909020539476
-50.35843193363523,-17.583398792534485,0.013122776902233358,0.5280875376015769
-49.32986093331838,-15.171422254673569,0.02488328073432704,0.8730870129949232
-50.33148247511164,-17.814714978195262,0.012765513765590182,1.0021161986272584
-52.137096196191884,-18.09993008090321,0.01342341791640605,1.0706019166348872
-52.918630493375865,-18.232431585310838,0.021931071737101977,0.585339033693837
-50.32025353406015,-14.798621411763968,0.01817623380477575,0.6082857581786213
-50.306778804798356,-15.254516418454624,0.019365510690485706,0.9807757460614001
-48.49442771908722,-17.767553425778985,0.01615561446472913,1.0981551814928456
-49.94520690294025,-13.107542889408968,0.011784181936672276,0.5247218816346298
-46.8505107491485,-14.129376525094925,0.037906031666881654,0.5050748504007668
-46.31152157867678,-14.149588618987613,0.020994938161071657,1.0601150968586006
-49.03117110134863,-16.662625626311975,0.025780707213375297,0.960978037207702
-50.69080858875945,-14.439295298116159,0.009920313813034601,0.5215859419999034
-48.48993614266662,-13.27373121697108,0.012875380808529197,1.4395910532017806
-49.657746012022,-17.644035074212553,0.01213184794389165,0.6720088145359341
-52.92985943442736,-17.715900296942113,0.0176264286564808,0.8007088570316085
-47.66124029306636,-14.7379851300859,0.024176018882545745,0.8816223740873502
-50.53584920224883,-14.210224900665681,0.01022810084460092,0.5234356939317443
-48.503410871928416,-13.920518221537135,0.014038078280145581,1.2948638963107229
-52.12137567871979,-17.906792294817514,0.013323576272903133,0.7377412375967402
-47.90153963156833,-16.20448483141102,0.016544914346875394,0.9214317613705058
-49.188376276069555,-16.247154807406698,0.021965519941297782,0.996248316937161
-50.0417757959831,-14.724510400824107,0.01844894676534381,0.868627347640584
-50.113641018712656,-16.345969488659843,0.011529289533178411,0.8704126602331704
-50.441526097416286,-13.300680675494666,0.011097464931247794,0.5688846370749032
-52.78163741254764,-17.738358179045104,0.01703066423391934,0.9603731350502048
-48.67858235233172,-13.889077186592953,0.016982466286109093,1.1867979987470074
-48.84926225631443,-16.096686997316677,0.02050339433290352,1.0336299117991257
-50.23491358206879,-15.117523337626398,0.01895283823374296,0.8313582272323717
-47.230048956689,-15.890074481969187,0.027634610671733346,0.6680827174631653
-49.94520690294025,-17.767553425778985,0.012249078833073213,0.6840860016109471
-50.75818223506842,-18.405357277503846,0.02101100626468978,0.7816950763095045
-50.01707212566981,-13.978908715004904,0.00791435944695811,0.6485141011028038
-46.81008656136312,-14.506668944425124,0.04127496710879889,0.44406482230950955
-48.43154564919885,-15.285957453398808,0.030911794102908407,0.705205975198712
-49.23778361669613,-13.215340723503312,0.020465043291455588,0.5892781533097613
-48.00709167745238,-16.25838374845819,0.01617286456057337,0.9587239101311908
-49.08731580660611,-13.06936448983389,0.01959438573112945,0.5442777664367442
-49.44888770846421,-14.556076285051697,0.02601881106370738,1.1419647714158012
-50.89742110410694,-17.091571174479046,0.02030950790817659,0.645353426148237
-50.85699691632156,-17.118520633002632,0.020752941330743836,0.6699315451167173
-52.33247977048788,-18.427815159606833,0.01348432917860439,0.8432671308655055
-48.45175774309154,-18.277347349516816,0.017031173037164626,0.9153863559193822
-48.19349209890718,-17.073604868796657,0.020560693887604908,0.9046220301882456
-50.91987898620993,-15.461128933802115,0.017268997069954158,0.91793535939714
-50.52462026119734,-16.444784169912992,0.015568010018168951,0.9249451439609963
-48.23840786311316,-17.89331756555572,0.016028184473611835,0.7839164967633437
-48.7302354811686,-16.52338675727345,0.02829886714080741,0.8561798959467821
-48.696548658014116,-16.011347045325323,0.02072415882304927,1.0016159874252895
-48.24289943953376,-15.41172159317554,0.029217940908318505,1.1915774841567957
-46.89767230156477,-13.10529710119867,0.029691236408841738,1.4914207451501111
-48.39785882604437,-18.06175168132813,0.016553278600400012,0.8274954228262684
-51.634039637084946,-15.912532364072174,0.014739855344800584,0.7236812222840961
-51.48132603878463,-18.373916242559662,0.021618077537171886,0.8318328012493857
-50.50440816730465,-14.592008896416479,0.018469673133981766,0.6191580977772588
-50.574027601823914,-14.374167440017494,0.010184265339904951,0.5215489867640893
-49.72736544654126,-16.941103364389026,0.01459631526968482,0.9217863595469672
-48.68082814054202,-15.088328090892514,0.03087791677271389,1.1507986804032866
-51.38924872216238,-16.159569067205044,0.01578566561420296,0.8670797469744312
-48.507902448349014,-15.71265721335558,0.01951843128126692,0.9633275131289304
-47.71289342190324,-18.313279960881594,0.016365112433274022,0.8574063343533102
-46.91788439545746,-13.922764009747434,0.03710388850794366,0.7832346455491485
-52.99723308073632,-17.318395783719225,0.017194363698256315,0.7984917232064802
-49.374776697524354,-17.12525799763353,0.02306585426600322,0.9651211251877001
-51.488063403415524,-18.012344340701556,0.022309494879483232,0.779130616917422
-52.393116052165944,-18.708538685894187,0.027071115924289697,0.7566404553911829
-49.57465184824095,-13.747592529344129,0.007847122869657169,0.7995636910001492
-46.36991207214455,-14.684086213038729,0.026694874332813208,1.2571229767047172
-52.68057694308419,-18.281838925937414,0.021797836825096194,0.8682289228078681
-50.85924270453186,-17.61034825105807,0.027344748270158915,0.780632717294759
-48.162051063963,-17.365557336135502,0.02121468270010368,0.7765251900475377
-52.81532423570212,-18.623198733902832,1.4142725956259843,0.5449911371150767
-49.958681632202044,-15.701428272304087,0.013670952926322246,1.0548117038791798
-47.7780212800019,-17.906792294817514,0.015288418138063765,0.9069637633145584
-47.811708103156384,-14.075477608047754,0.017417875845016084,1.3735432840484674
-51.73959168296899,-17.940479117971993,0.014193859389311897,0.9456147292814747
-50.77390275254051,-15.638546202415721,0.015620608934692538,0.9689918605737614
-46.80784077315282,-13.154704441825244,0.030440358358518438,1.0292356227199864
-47.63653662275308,-13.740855164713231,0.017507133335735205,1.0188214093840957
-51.45662236847134,-18.834302825670918,0.025305053335447934,0.7322157869821257
-46.6596187512731,-13.823949328494287,0.03623567898067646,0.9054127790946015
-47.14021742827704,-13.457885850215582,0.03755763703982386,1.1363266560019591
-50.12936153618475,-16.045033868479806,0.012397007891941566,1.228854706496233
-49.89804535052397,-13.01321978457642,0.011223585693847698,0.5591685268798746
-47.82967440883878,-13.691447824086657,0.01590448964958644,1.3722597110868395
-49.819442763163515,-16.628938803157492,0.015364514069042675,0.9712536315543101
-48.651632893808134,-14.228191206348072,0.015704589301924966,0.9746151332772538
-49.67795810591469,-14.879469787334726,0.019188087735231476,1.0768851898774416
-52.42455708711013,-16.91415390586544,0.02289522854421876,0.8356826415812084
-52.14607934903307,-17.77653657862018,0.013231321891778128,0.7279921806296349
-52.54582965046626,-16.516649392642552,0.030230189924782304,0.9796558579679545
-50.62118915424019,-15.420704746016737,0.01951197979121342,0.623180362071032
-49.23778361669613,-14.805358776394865,0.026194997731440742,0.8191862233091886
-48.635912376336044,-17.428439406023866,0.026802161504625537,0.7317777017888406
-48.391121461413476,-14.196750171403888,0.014645431117952242,1.1834549565277273
-51.591369661089274,-17.437422558865062,0.027989510782585714,0.6809612201850227
-51.85188109348393,-16.058508597741596,0.014311820049962315,0.9069406210969116
-52.512142827311784,-18.19425318573576,0.017904203006298653,0.9455409831462361
-49.80821382211202,-16.152831702574147,0.012380250446705352,0.7754423786728771
-47.346829943624535,-13.660006789142475,0.03779074928683445,1.5487719101680346
-48.67184498770083,-13.810474599232494,0.01731301045433524,1.09574981854729
-51.00521893820128,-17.971920152916177,0.02458983494982118,0.8176154957416446
-52.280826641651004,-18.36717887792877,0.013475177492393377,0.9082536377783779
-48.647141317387536,-16.768177672196018,0.02786309695519609,0.834217326665053
-47.679206598748756,-13.972171350374008,0.017953917727953787,1.5972593539664388
-52.107900949458,-17.864122318821835,0.013335574592881563,0.6198057412780312
-48.144084758280606,-14.825570870287553,0.025503606270728056,1.5072403267244352
-52.6648564256121,-17.23754740814847,0.02025507381093478,1.0720315330567758
-49.45113349667451,-17.49581305233283,0.022821573237677674,0.7892031093778117
-49.053628983451624,-14.360692710755702,0.016226445990392913,0.8042389223387718
-49.63528812991901,-17.1791569146807,0.014515298327514784,1.00135940295347
-47.227803168478694,-14.053019725944765,0.038722870528352736,1.5886232423087892
-47.68145238695905,-14.960318162905482,0.02326086282112354,1.0685991372436925
-48.23167049848226,-15.643037778836318,0.01720436748090432,0.9379329911461406
-46.91563860724716,-13.363562745383032,0.03451915195599088,1.128203311709567
-48.19349209890718,-15.1152775494161,0.026677955855338838,0.988155538932808
-49.03117110134863,-15.710411425145283,0.018127011575836283,1.074281601774834
-49.68244968233529,-16.534615698324945,0.0151118014515877,0.7788105625518685
-49.74308596401335,-16.48520835769837,0.009997682163568408,0.9186378110913845
-52.507651250891186,-17.565432486852096,0.014047682747989352,0.965074636885166
-50.08893734839937,-14.187767018562694,0.008136628229426093,0.6619668493599558
-48.18450894606599,-13.89356876301355,0.014215895417992246,1.2560948849216518
-48.86498277378652,-17.940479117971993,0.01907897632609157,0.8723650160643451
-48.61794607065365,-16.880467082710958,0.02749525557303211,0.9976096885374369
-47.70391026906204,-14.068740243416856,0.018179836026080566,1.3042741575543508
-51.104033619454434,-18.791632849675242,0.025627986154986043,1.1846867815682662
-48.67184498770083,-17.529499875487314,0.020516892257501175,0.8362107187181643
-49.32312356868748,-17.639543497791955,0.021145021045338958,0.9824718184133697
-53.0488862095732,-17.473355170229844,0.018028131005218717,0.7758845773933926
-48.08569426481284,-15.07934493805132,0.0253209090505781,1.016158722804755
-52.844519482436006,-18.43904410065833,0.022364756364529125,0.5583976031868442
-49.893553774103374,-14.859257693442036,0.018765262055771857,1.3249957628046674
-50.67957964770795,-14.787392470712474,0.01747102680486003,0.5940125442213608
-52.107900949458,-16.52114096906315,0.023854370099813855,1.0381066134302552
-49.59037236571304,-16.835551318504983,0.014393169891133163,0.8147935833427589
-52.554812803307456,-18.64341082779552,0.03138157284527805,0.7806555765149175
-50.42131400352359,-15.070361785210123,0.018658393120839698,0.9263402563299693
-48.10815214691583,-15.422950534227036,0.027805334575135104,1.072998092471072
-47.7847586446328,-16.78838976608871,0.016816713332445384,0.9907404529515421
-51.61382754319226,-18.744471297258965,0.018906295039885286,0.8534032183761648
-47.169412675010925,-15.856387658814704,0.027323217858966818,0.7229049534397584
-51.80696532927796,-17.76306184935839,0.01398658638335915,0.8639510967767703
-48.58201345928887,-13.684710459455761,0.017905401287617074,1.1471203486605306
-48.9098985379925,-15.73511509545857,0.018585022645694206,1.2090620655527033
-48.368663579310486,-17.504796205174028,0.01711606091911635,1.1241100205736496
-48.725743904748,-18.26611840846532,0.017963915737857977,1.1968701952679632
-50.31576195763955,-17.38576943002819,0.01661929235644847,0.5975848354023874
-47.32212627331125,-14.410100051382274,0.040680941298733016,1.6397270072956533
-52.18201196039786,-18.71303026231478,0.024821058638340367,0.6282955956632891
-49.33884408615957,-16.613218285685402,0.026187653744438006,0.9470361658967787
-50.72898698833453,-16.938857576178727,0.017616100818633837,0.9826960042136451
-47.66573186948696,-14.45726160379855,0.02061503828985099,1.1375497152332532
-48.352943061838396,-13.882339821962056,0.013403948636202529,1.3827850672267619
-48.92337326725429,-14.49319421516333,0.020266549449279078,0.6985763923139485
-49.037908465979534,-13.224323876344506,0.01973354067622186,0.5584133318333715
-49.60609288318513,-17.89107177734542,0.011667288772302354,0.7744102802714766
-49.59935551855423,-15.512782062638987,0.016464679646134985,0.8741638711838736
-47.08182693480927,-13.269239640550483,0.033837334072913464,1.2135129445542912
-49.633042341708716,-15.328627429394485,0.0212073241294339,1.0495270057801032
-47.82967440883878,-14.917648186909805,0.023595078631058784,1.0009284176942048
-47.564671400023514,-15.05913284415863,0.023094844295187943,1.5438932447352391
-47.55344245897202,-15.05688705594833,0.02310876119565408,1.5408700364364416
-50.852505339900965,-14.450524239167652,0.009594615438835927,0.6277694039055919
-50.23491358206879,-13.228815452765105,0.011338901308619798,0.7490885496847377
-47.346829943624535,-13.529751072945144,0.03743459468498347,1.4029931245616585
-51.618319119612856,-15.60261359105094,0.01592945064911019,0.7113554263201682
-48.14183897007031,-14.320268522970323,0.016705036621700697,0.8290481952764929
-47.834165985259375,-15.56443519147586,0.01834853160792629,1.0362524400817064
-48.85150804452473,-17.886580200924822,0.01928682464210568,0.8952541582838681
-49.86660431557979,-15.02095444458355,0.019200892836452037,0.9286240601570507
-52.14607934903307,-15.899057634810381,0.014312223648061072,0.7883520997482923
-49.83067170421501,-14.53361840294871,0.01874167358650884,0.7264758751588033
-50.47072134415017,-15.025446021004147,0.018373771529599438,0.8118592800201799
-49.053628983451624,-15.351085311497474,0.027946054874803193,0.742315508037224
-46.967291736084036,-14.383150592858689,0.03937782142773739,0.4635881285707964
-48.128364240808516,-14.596500472837075,0.026099913042514494,1.536179184691399
-52.790620565388835,-16.941103364389026,0.021976252256353992,0.8165729099850951
-51.912517375162,-18.187515821104864,0.013981471020877401,0.6999660158574857
-50.52237447298704,-18.349212572246376,0.020008911012205192,1.1240552711314287
-50.883946374845145,-19.177908421846634,0.025710088820804864,0.6990582874265404
-48.05649901807895,-16.507666239801356,0.015654091160856098,1.1483347401399753
-51.135474654398614,-16.08770384447548,0.0157560985895963,0.7414418534542272
-48.40010461425467,-18.120142174795898,0.016653707611513427,0.8442072529839758
-49.455625073095106,-17.882088624504224,0.020555790239052536,0.9230996022546507
-48.42480828456796,-16.920891270496337,0.022511388963564555,0.7979813019970026
-49.97889372609473,-16.646905108839885,0.015791454159370024,0.8397154935740833
-46.794366043891024,-13.192882841400323,0.031062659905048418,0.957849330407578
-47.82967440883878,-16.0495254449004,0.01710193695006567,0.7769108115876731
-51.054626278827854,-16.460504687385082,0.01604844138162159,1.0258492608485261
-47.656748716645765,-17.392506794659088,0.0173136001126386,0.9497182414954329
-51.104033619454434,-16.11016172657847,0.015777171931744816,0.7786056381139602
-52.44476918100282,-18.371670454349363,0.013209788843570585,1.075097455440692
-48.31925623868391,-18.131371115847394,0.016537223340668723,0.9311046849017209
-48.78413439821577,-14.56730522610319,0.03024039048585832,1.1983425614269565
-47.93747224293312,-16.152831702574147,0.01657460111246253,0.8397593600836744
-47.018944864920904,-15.108540184785204,0.03378258758416376,0.8865530846564714
-49.69367862338678,-13.208603358872415,0.012159344980742006,0.5374082484741715
-50.38538139215881,-18.70404710947359,0.019881515970619667,0.9643937070435724
-50.68407122412855,-16.74571979009303,0.01647511941785384,0.8876050169224565
-48.66735341128023,-13.850898787017872,0.017146080443594183,1.0966312277615138
-46.839281808097,-14.760443012188889,0.0389187624107717,0.42830629669507037
-48.10141478228493,-15.18938856035596,0.026080604702990336,0.9478445871587114
-48.58875082391977,-15.982151798591438,0.021434781992951787,0.8854710851971431
-48.01158325387298,-17.803486037143767,0.01552464644520427,0.8554947370275358
-47.68818975158995,-15.24553326561343,0.02363078075030963,0.9877696453169719
-50.36741508647642,-15.456637357381517,0.02017833413941409,0.8194691483912964
-52.32125082943638,-18.165057939001876,0.013124854509356422,0.8046400161829705
-47.753317609688615,-14.872732422703828,0.023549059177404377,0.9073405916998407
-47.81844546778728,-17.02644331638038,0.017211723437466245,0.867692166331986
-51.28818825269893,-17.14097851510562,0.02520133330763103,1.0757848765888196
-46.16105376858676,-14.654890966304844,0.02613531315449089,0.7863523442002306
-49.88007904484158,-17.695688203049425,0.012279760958397322,0.5127608348207545
-51.88107634021782,-17.089325386268747,0.025878536027344183,0.9271453393036583
-51.47009709773314,-16.723261907990043,0.029088781450843936,0.9911904561037973
-49.064857924503116,-16.934365999758132,0.022898606834284196,0.8446587116314235
-51.95294156294738,-16.96805282291261,0.025479423852652668,1.0479298423386114
-47.73984288042682,-13.841915634176678,0.017015794675027934,0.975852918513399
-52.15506250187427,-18.450273041709824,0.01382862787362267,0.9404982133870866
-48.979517972511765,-17.61259403926837,0.020553631571239402,0.8576164342737943
-52.26286033596861,-17.042163833852474,0.023611430122529555,1.0498480301382163
-48.69879444622441,-17.282463172354444,0.02574984964064522,0.7904612461665254
-47.212082651006604,-14.931122916171597,0.03682848080257326,0.6209133367081787
-50.34720299258373,-16.348215276870143,0.011352098499186608,0.9915358964447903
-48.988501125352954,-15.521765215480183,0.01900429123368124,1.0366152010109217
-49.20858836996224,-14.706544095141718,0.026668913995696653,0.8147450229230103
-49.52299871940407,-14.163063348249407,0.009348606953352713,0.7729568779421383
-48.635912376336044,-15.84515871776321,0.02056366732559925,0.9711879336477763
-47.06610641733718,-14.246157512030463,0.03901420823728502,0.5297686898890824
-46.6483898102216,-13.747592529344129,0.035907899966929425,0.653957317480535
-49.053628983451624,-15.396001075703449,0.028175159188092273,0.878221631890251
-47.49954354192485,-15.07709914984102,0.027221765427467907,0.7012388757612625
-52.078705702724115,-18.70404710947359,0.023624616428350963,0.6643108757665687
-51.243272488492956,-15.164684890042674,0.013098462879933909,0.4263126927065011
-51.99561153894306,-18.567054028645362,0.02277367216876391,0.9694882435494742
-47.84539492631087,-17.042163833852474,0.017455637420311577,0.9516463829632088
-49.44888770846421,-16.363935794342233,0.024229869492750293,0.9049462359550389
-49.637533918129314,-17.859630742401237,0.011747481433993389,0.7435724480476834
-51.452130792050745,-18.623198733902832,0.025522512767027543,0.9892325435486254
-50.76716538790961,-16.586268827161817,0.018517347952699163,0.9455237771101187
-49.796984881060524,-14.04628236131387,0.008045534613957484,0.6556270122602635
-47.73984288042682,-17.414964676762075,0.01803603738787572,0.9595408815022033
-48.32374781510451,-17.51602514622552,0.016008821529164587,0.9969663701834691
-50.600977060347496,-14.949089221853988,0.01830119162867214,0.8024297016950874
-51.85412688169423,-16.837797106715282,0.026208480191897556,1.1093773167991494
-46.68656820979668,-13.576912625361418,0.0352894461406393,0.5978677559888705
-48.36192621467959,-16.069737538793092,0.01599804445208331,1.0296231335481065
-50.15181941828774,-18.39861991287295,0.01190132832604125,0.6788521679258667
-49.145706300073876,-16.027067562797413,0.019856021619457476,0.99865949561304
-49.235537828485825,-15.501553121587493,0.022031453678993184,0.9762358203314471
-50.547078143300325,-16.566056733269125,0.018662463287145166,1.0636875436398934
-49.05812055987222,-17.9314959651308,0.01930433178345093,0.928175448343178
-49.33435250973897,-17.037672257431876,0.023115388406941505,0.9921604237316722
-51.11301677229562,-16.336986335818647,0.01593549473371798,0.9609664662136529
-49.54321081329676,-13.25351912307839,0.01245688789241583,0.5518528293708509
-49.34108987436987,-18.564808240435063,0.021205943036475442,0.8682083435071899
-48.209212616379276,-13.502801614421559,0.013577770244616025,1.8424474165237272
-47.48157723624246,-16.837797106715282,0.02437361991727183,0.8670831933060318
-48.83129595063204,-16.4290636524409,0.023706212573022172,0.8666623724346924
-51.60484439035106,-18.510909323387892,0.017661643489720727,1.009432364949225
-47.95543854861551,-14.001366597107893,0.016068124816717166,0.7351405711784426
-50.5964854839269,-15.912532364072174,0.015859931600811415,0.8242415455063282
-50.52237447298704,-18.203236338576954,0.02097305343907299,0.9910976503539292
-49.64427128276021,-15.530748368321378,0.01478509193734674,0.913877079220919
-49.25350413416822,-13.844161422386977,0.017703266160257997,0.7366815511351658
-49.26024149879911,-18.126879539426795,0.018935594364520417,0.9175869449813123
-47.54895088255142,-16.70754139051795,0.015324178768974213,0.8167819427379198
-49.74757754043395,-14.598746261047374,0.0190336076138433,0.9215340422435797
-48.876211714838014,-17.432930982444464,0.024313709452347756,0.8427866733711512
-50.37415245110732,-13.035677666679407,0.01143391327324784,0.5712703086354962
-52.222436148183235,-16.13261960868146,0.014583257272135103,0.7359895141925655
-47.81395389136668,-13.675727306614567,0.01598049180511767,1.2860283734756526
-46.960554371453135,-13.752084105764725,0.03644755197258674,1.497517459124956
-50.38313560394852,-15.728377730827672,0.013341052769023485,0.9388025465331888
-47.93747224293312,-16.359444217921638,0.01610847156738244,0.8741645923930342
-46.89542651335447,-15.717148789776179,0.026668342725170747,0.861893981562793
-51.94620419831648,-18.892693319138687,0.022334815272099663,0.721710892552001
-50.01482633745951,-15.027691809214446,0.0189666270278186,1.1158376235857164
-51.76878692970288,-17.02419752817008,0.026638807899576646,1.1913583503601766
-52.70528061339748,-16.655888261681078,0.02784041959109406,0.9859613081990077
-47.63653662275308,-18.23018579710054,0.015911975428765435,1.1262526397422088
-47.28394787373617,-14.223699629927474,0.039696290252349664,1.4462376362271467
-51.92150052800319,-17.969674364705877,0.013794529851754871,0.7689024955512546
-48.66286183485963,-13.552208955048132,0.018404984724627715,1.192724803300828
-50.026055278511,-13.704922553348451,0.007634230878651445,0.790252155775015
-48.422562496357656,-14.40111689854108,0.016285355897592283,1.3260524847870514
-46.93360491292955,-13.177162323928231,0.031326459690286856,1.123150487606282
-49.32986093331838,-15.694690907673191,0.019221324561516245,0.986209595171489
-46.41033625992993,-14.753705647557991,0.02154117498950047,0.9595983502748423
-52.71875534265927,-17.10729169195114,0.020526773348377204,0.7784458725112423
-51.483571826994925,-16.26062953666849,0.013989272394406975,1.1378324191184601
-46.78089131462924,-13.996875020687295,0.037160729032131176,0.7438410995294946
-49.439904555623016,-15.122014914046996,0.024588483633639174,0.8648581466311303
-48.99748427819415,-14.910910822278908,0.027777676078947093,1.2828046035021898
-46.25762266162961,-14.003612385318192,0.02210497993588203,1.0306223592369428
-52.891681034852276,-18.28633050235801,0.02014018561125203,0.6080218016971944
-47.65450292843547,-14.706544095141718,0.02439292500300011,0.9176405803510659
-49.293928321953594,-15.425196322437333,0.026452893912973084,1.0045718184554127
-51.18039041860459,-16.833305530294684,0.021945948204399473,0.9449928212446165
-50.821064304956785,-14.273106970554048,0.009584769064468092,0.6123593825116207
-47.939718031143414,-13.341104863280044,0.017053557790111137,1.2253343955280178
-49.70041598801768,-18.526629840859982,0.01729137693752222,0.7140076991241168
-52.732230071921066,-17.87535125987333,0.018018908342581408,1.0942207583128352
-48.132855817229114,-17.62831455674046,0.015634301065065585,0.8861907533799562
-47.308651544049454,-14.859257693442036,0.03827018817307394,1.0856547145808642
-47.501789330135146,-13.354579592541837,0.02834342798008526,1.4325719954820044
-46.8460191727279,-13.21758651171361,0.03164625593616485,0.8297574260073558
-52.36392080543206,-18.483959864864303,0.01605676760116958,0.8746079895039878
-49.954190055781446,-13.922764009747434,0.007867585327033171,0.711226051738667
-48.373155155731084,-16.0517712331107,0.016022788689752036,1.0309438810232312
-51.982136809681265,-17.149961667946815,0.025228710905326638,0.9504828139926512
-51.76654114149258,-18.133616904057693,0.014256500379048275,0.7888793896546221
-49.87109589200039,-13.529751072945144,0.00750728249555199,0.685642549073164
-50.488687649832556,-17.915775447658707,0.014426828608694816,0.8135065220260419
-47.76005497431951,-17.471109382019545,0.018205583646586178,0.9260914814347925
-48.99299270177355,-15.41396738138584,0.028830691041355095,0.9533010217506127
-49.86885010379009,-18.27060998488592,0.011491433162440228,0.8720504621073255
-49.24676676953732,-16.206730619621318,0.02180572212227874,1.146112656530973
-49.327615145108076,-16.626693014947193,0.026030137019778393,0.9350028158550797
-48.530360330452,-15.483586815905102,0.029895726062847742,0.9450667136706281
-50.79636063464349,-16.552582004007334,0.019335652106707246,0.9898413633132722
-49.05138319524132,-13.134492347932554,0.019585213828368666,0.5662072825568801
-46.426056777402025,-14.059757090575662,0.021715796152338124,1.039712588609883
-50.70877489444184,-17.40598152392088,0.028337913328084486,0.9893964815122528
-50.01931791388011,-14.077723396258051,0.008021445128569749,0.5863495057367181
-47.919505937250726,-15.337610582235682,0.02549188579132549,1.227741831713585
-50.883946374845145,-14.913156610489207,0.015144312426106489,0.5459778900655117
-51.41170660426537,-17.969674364705877,0.025614618323063606,0.7386876345352134
-48.334976756156,-17.529499875487314,0.015848407172511705,1.0722310570174882
-50.64813861276377,-17.473355170229844,0.030410490750857024,0.9649312375668719
-51.03216839672487,-16.224696925303707,0.015872323519481556,0.9837937414295007
-49.20858836996224,-18.088701139851715,0.018951883831245072,1.0301479291799105
-48.748201786850984,-15.685707754831995,0.019468503485117396,1.0991643387245136
-47.31314312047005,-14.284335911605542,0.04008316260532384,1.4672321082395772
-47.42992410740559,-14.64366202525335,0.04198043267275348,1.4728524717247578
-47.80047916210489,-15.8653708116559,0.017641275080530504,1.0390637101438265
-46.34296261362097,-13.904797704065045,0.023090364299574968,0.9529673714691432
-48.631420799915446,-15.912532364072174,0.020803246636091902,0.8797914495636787
-48.31027308584272,-16.68957508483556,0.021353896649086993,0.8791785806584609
-49.853129586318,-14.603237837467972,0.018803853426832485,0.7062337731802524
-51.27920509985774,-16.963561246492016,0.023779883789523858,0.8257832704172335
-52.2943013709128,-18.506417746967294,0.021290074325933793,0.9160868462795201
-48.18001736964539,-16.82207658924319,0.020138442588625245,0.8236549644060709
-49.92274902083726,-17.361065759714904,0.015377998034617205,0.727022015356474
-49.03117110134863,-13.91153506869594,0.017147809924258652,0.7864412650030133
-48.855999620945326,-17.785519731461378,0.019699130979244885,0.9041876599505027
-46.17228270963826,-14.690823577669626,0.025851313044884968,0.7023629605622933
-51.717133800866,-17.774290790409882,0.01419566044594339,0.8957995367142337
-48.66510762306993,-17.27572580772355,0.026126632532283794,0.8494800396593152
-49.64651707097051,-18.36044151329787,0.011084363337615722,0.7748190199849941
-50.360677721845526,-12.802115692808332,0.012065011289026126,0.5249961734410236
-49.08282423018551,-13.246781758447494,0.019935559786724306,0.6055307409124279
-50.92886213905113,-19.278968891310083,0.025564635182841404,0.6381085450868176
-47.37153361393782,-17.882088624504224,0.013062709116845189,0.7411895415313849
-49.21532573459314,-14.428066357064665,0.01645187064803574,1.0140074773393182
-47.05936905270629,-13.846407210597276,0.03717747086035262,1.1558580599713097
-49.92948638546816,-15.180405407514765,0.019641576027276845,0.855981998104066
-47.38949991962021,-17.866368107032134,0.015006685227658575,0.7613598281473245
-48.584259247499176,-13.89356876301355,0.017031506756153794,1.3743795142025814
-48.7212523283274,-17.017460163539187,0.025705285424240575,1.0195694279400283
-47.15144636932854,-13.451148485584685,0.03752380344615815,1.0233172565903075
-50.118132595133254,-16.945594940809624,0.015759808523792503,0.8255336338041132
-51.37352820469029,-16.191010102149225,0.015807349557445057,0.9212886624073136
-48.748201786850984,-13.215340723503312,0.019097493378453477,0.6571200349809891
-50.56279866077242,-18.843285978512114,0.027353118670139277,0.8737138641135234
-48.08569426481284,-15.297186394450302,0.026630539285738403,1.0159561258017107
-50.99398999714979,-19.39799566645592,0.023884711157883886,0.9475444810354213
-48.16878842859389,-16.417834711389407,0.015537599440528274,0.9817524094290735
-50.01707212566981,-16.875975506290363,0.015438568491435158,0.7529629704528427
-47.908276996199234,-17.282463172354444,0.018686384798305592,0.7041241484163135
-50.01707212566981,-14.237174359189266,0.008202012260137774,0.8022125245604844
-48.18900052248658,-17.814714978195262,0.015851540215719558,0.879299615172047
-49.90253692694457,-17.268988443092653,0.015189865207220685,0.8438540389582699
-49.610584459605725,-16.278595842350878,0.012285174519955944,1.0418520236047184
-48.283323627319135,-16.552582004007334,0.021228175931897037,0.8029876681137326
-50.51788289656644,-15.180405407514765,0.01892338935636354,0.6354109575583747
-47.73535130400622,-17.938233329761697,0.01530540214232884,0.9536043077931415
-52.82655317675361,-17.70691714410092,0.016962442059616518,0.9845909608212436
-51.5374707440421,-16.054017021321,0.01422746729066039,0.7747352289044499
-49.540965025086464,-16.658134049891377,0.014624377447662516,0.7995617999856311
-49.94969847936085,-14.425820568854366,0.008436025774590463,0.8055156655949193
-50.124869959764155,-13.790262505339806,0.007705323001901943,0.6900995542364899
-47.753317609688615,-13.788016717129507,0.01674256773220468,0.9161281945069413
-51.31962928764312,-16.660379838101676,0.0262748758852051,0.8658238583646899
-47.35132152004513,-17.619331403899267,0.019492280137929436,0.7683784335324616
-50.67284228307706,-16.552582004007334,0.018793403240452266,1.1880748855556187
-47.034665382393,-14.302302217287933,0.039181548393304476,0.5859261411122867
-50.70428331802125,-17.284708960564743,0.025075122200960816,0.8844496369261764
-51.59810702572017,-15.2994321826606,0.015404345553997287,0.5828794871276138
-49.347827239000765,-15.07709914984102,0.024937603194926748,0.7603564035873768
-49.13223157081208,-18.077472198800223,0.018830273579430366,0.9691293485361417
-51.804719541067655,-17.45538886454745,0.02654488987641525,0.9601104796852119
-50.73572435296543,-18.481714076654008,0.021638430797924955,0.7253254550540215
-50.612206001398995,-15.517273639059585,0.016300172524683333,0.7397650276246074
-48.58201345928887,-16.795127130719603,0.028403362060196367,0.8303417368269156
-52.94782574010975,-17.72712923799361,0.017829375417222078,0.8165507063260925
-49.62181340065722,-13.859881939859068,0.007929952078144575,0.7090816488593653
-50.37415245110732,-12.750462563971459,0.012245058089950207,0.5073176459144596
-48.68307392875232,-15.088328090892514,0.03085494314363688,1.1383391221082912
-50.52686604940764,-16.07198332700339,0.015472934998772243,0.7568854153816851
-49.707153352648575,-15.968677069329646,0.013056240323283976,0.7906172495971524
-49.12773999439148,-17.304921054457434,0.022357473009998817,0.8335748159573247
-51.00971051462188,-17.547466181169703,0.02797381294672882,0.8782894923274808
-47.362550461096625,-14.81209614102576,0.039208859051044195,0.9003875823363843
-49.877833256631284,-14.095689701940442,0.008073049418903671,0.7972059595065667
-48.56629294181678,-14.865995058072931,0.0318662418156019,1.355240073593461
-50.15181941828774,-13.0491523959412,0.01158322480452292,0.7446828368136478
-48.620191858863954,-16.662625626311975,0.028945629562538797,0.8716040457029709
-52.83104475317421,-17.906792294817514,0.018622419154605947,0.9862933141586051
-48.87845750304832,-15.726131942617373,0.018720964882248305,1.1447615246355274
-48.00709167745238,-16.03829650384891,0.01668097772628817,1.0820591840672469
-51.02992260851457,-15.256762206664924,0.015103822903002008,0.6272224244730291
-51.36454505184909,-15.108540184785204,0.012109379283408645,0.5189384570546659
-51.56217441435539,-15.26349957129582,0.015466976020222402,0.6233879540567858
-50.75818223506842,-18.299805231619803,0.02182738635311685,1.1426341923912244
-50.771656964330205,-15.60261359105094,0.015604569942361004,0.8115622180165123
-47.358058884676026,-13.960942409322515,0.038922636587216015,1.2120464204365888
-49.6667291648632,-15.840667141342612,0.01351167568100386,1.221510524856299
-50.38987296857941,-13.132246559722255,0.011261334088507357,0.5691230806746028
-50.38538139215881,-15.934990246175163,0.012618253730375574,0.843803905271521
-50.762673811489016,-17.042163833852474,0.019288737855157116,0.8312753484913623
-50.01707212566981,-15.723886154407076,0.013546252383522561,0.8371327127295055
-50.47970449699136,-15.535239944741976,0.013302129572147766,0.9316581697625804
-50.61669757781959,-13.505047402631856,0.01186456170183158,0.6687644211626015
-49.36803933289345,-15.054641267738031,0.024890446602179612,0.8246127099539873
-46.18126586247945,-14.791884047133072,0.025041121523488752,0.6833065509149598
-50.499916590884055,-14.726756189034406,0.018091017030638926,0.7121150933824247
-47.009961712079715,-15.60261359105094,0.026168298796654225,0.9222888440512386
-51.89005949305901,-17.28695474877504,0.025848079751566645,1.053796953253673
-52.265106124178914,-16.415588923179108,0.014087881393616353,1.1208788611746148
-52.125867255140385,-17.72039187336271,0.013272063473524037,1.0079996781914315
-50.26186304059238,-14.627941507781259,0.01817076029660758,0.6516705926268015
-46.35643734288276,-14.367430075386597,0.019093641010799543,1.3224579913999943
-47.0369111706033,-15.2994321826606,0.03163672426392241,1.4695211578124863
-48.615700282443356,-18.111159021954702,0.018543562365518605,1.0206498986439965
-49.58812657750274,-15.685707754831995,0.014120260606994521,0.8317322948654636
-49.370285121103755,-17.585644580744784,0.021517133009924267,1.1078431437170406
-49.36579354468316,-14.154080195408211,0.01713947643503299,0.740391303319763
-49.71389071727947,-15.948464975436956,0.013110878375455366,0.7632607958827058
-48.10141478228493,-18.38289939540086,0.016795728471265665,0.9342444272282054
-48.988501125352954,-17.971920152916177,0.019047085770446455,0.9364277556919456
-50.70877489444184,-15.993380739642932,0.015845340359275643,0.6562314346607537
-47.26373577984348,-13.395003780327215,0.03751947840783779,1.668298485392561
-51.532979167621505,-19.067864799541994,0.019473342143584583,0.7860716985815857
-50.54932393151063,-17.396998371079682,0.02940837000235526,0.5952309239003266
-52.21794457176264,-18.791632849675242,0.025303285174584418,0.9513489203793859
-52.26959770059951,-17.902300718396916,0.01300541550598018,1.0865611783976212
-46.24639372057812,-13.51852213189365,0.019383636642244774,1.2263714964037646
-48.047515865237756,-15.404984228544645,0.027069979484270385,1.0304668196096356
-51.87883055200752,-17.224072678886674,0.02589830402442251,0.9117080512826358
-48.14633054649091,-14.461753180219148,0.01780091693776402,0.8493162753900544
-51.869847399166325,-17.475600958440143,0.024041958943264333,0.859794462660719
-51.413952392475665,-17.096062750899645,0.027047183132728657,1.071152156576626
-49.06710371271342,-13.552208955048132,0.01848561293951733,0.6676293025278648
-50.59199390750631,-15.764310342192454,0.015783471251157834,0.660275086733336
-49.36803933289345,-14.486456850532434,0.01857234076009154,1.2105751084416412
-48.86947435020712,-17.583398792534485,0.020562191396210988,0.824535065102689
-50.740215929386025,-17.396998371079682,0.027928784795411075,0.8431403574244309
-49.33884408615957,-16.103424361947575,0.02141171197231141,0.9019832067511704
-50.07546261913758,-15.259007994875223,0.019678598665431712,1.103180649085002
-48.30128993300152,-16.31003687729506,0.01557986298173917,1.8454018282332445
-49.617321824236626,-17.527254087277015,0.012400997672325918,0.847361682210137
-47.85662386736236,-17.493567264122532,0.0168942756331066,0.8914727772887675
-50.102412077661164,-13.127754983301658,0.011556363054560453,0.6454781835221822
-47.31538890868035,-14.825570870287553,0.038772892779213704,0.8045591981221115
-51.490309191625826,-16.8063560717711,0.028223085046580616,1.0443262360107084
-52.4807017923676,-16.986019128595004,0.022381188593015935,0.7296425819635214
-46.50465936476248,-13.024448725627913,0.02348794553509993,0.7786702907010729
-51.40721502784477,-15.117523337626398,0.011973746015591471,0.6261303779688049
-47.908276996199234,-16.217959560672814,0.01649691172886884,0.979976616263737
-52.50315967447059,-17.325133148350123,0.021909797582521793,1.052841459460064
-48.37764673215168,-16.78614397787841,0.02197615023462485,0.8945259890045199
-51.97989102147096,-17.713654508731814,0.013593583043061535,0.8923956803316386
-49.87109589200039,-16.027067562797413,0.012686705929974687,0.7770249022140493
-47.9599301250361,-15.180405407514765,0.024812516725200063,0.9605460807177145
-46.94034227756045,-14.969301315746677,0.035605269536583786,1.5063400470324322
-48.88968644409981,-15.932744457964864,0.019328931589120635,1.0396631777436198
-52.613203296775225,-16.57503988611032,0.03020761414600993,0.838491243252729
-50.49542501446346,-18.403111489293547,0.014457323835076074,1.093622145883107
-51.25674721775475,-18.706292897683888,0.02553435038130111,1.3419787553964149
-47.10203902870196,-15.014217079952653,0.03527984579405977,0.7843642750279164
-48.829050162421744,-14.140605466146418,0.016162750429631795,1.0395146282440515
-50.05075894882429,-17.72712923799361,0.012455104565084377,0.7787210821236465
-47.67022344590756,-15.800242953557234,0.018203829253713808,0.9546439984395793
-50.30453301658806,-14.686332001249028,0.018118274335782315,0.5588418126848609
-50.07321683092728,-14.825570870287553,0.018479865127978435,0.9280704997057438
-46.623686139908315,-14.7379851300859,0.04011207520333119,1.2660318119319638
-51.49704655625672,-18.369424666139064,0.019334927181507006,0.7979535956989801
-51.62505648424375,-17.98988645859857,0.014487270253355902,1.1022542864643918
-50.14508205365684,-12.925634044374766,0.010587047819315203,0.7220196295335172
-50.20796412354521,-15.126506490467593,0.01901096620040129,0.7435223671444836
-52.70528061339748,-17.547466181169703,0.01562786133025446,0.7637067756064528
-48.7234981165377,-16.384147888234924,0.023622680235793055,0.8022677209013714
-48.14633054649091,-17.38352364181789,0.02115577770068711,0.8033494839961709
-49.53198187224527,-13.996875020687295,0.008372969508245452,0.6567806248835008
-52.27858085344071,-18.47273092381281,0.014295664173753728,0.9691325169002679
-50.434788732785385,-14.365184287176298,0.008376942883166493,0.5026179971709372
-47.52424721223814,-17.509287781594622,0.013622330808472426,0.9740661318605669
-50.31576195763955,-18.023573281753052,0.012496412567542761,0.848350425787531
-52.23366508923473,-18.573791393276256,0.025455618984672506,0.749298848975275
-52.539092285835366,-17.167927973629205,0.022551771746607892,1.2417369564772336
-48.840279103473236,-17.655264015264045,0.020232685087905575,0.9042112066890856
-46.538346187916964,-13.147967077194346,0.030231773886109998,0.8713280726125464
-50.56055287256212,-13.269239640550483,0.015259275521979369,0.7168947863551901
-47.43441568382619,-17.599119310006575,0.019630926798096287,0.6739346104398614
-48.05649901807895,-17.262251078461755,0.019871019920933413,0.9673036045069083
-49.518507142983474,-15.62282568494363,0.015255832938425801,0.9223665548687281
-49.72511965833097,-14.389887957489586,0.008462558877800019,0.7914210035846553
-47.571408764654414,-14.441541086326458,0.02117093868414682,1.0978379224620736
-48.41357934351647,-13.736363588292633,0.012714434573233286,1.1669799737542494
-51.773278506123475,-17.489075687701934,0.0204818766983144,0.9581720068963611
-48.786380186426065,-15.874353964497095,0.01957558536228358,1.0247006473845839
-51.10178783124413,-18.36493308971847,0.02174659921256744,0.7932003834890723
-52.988249927895126,-18.095438504482612,0.020984774900942166,0.42250262484717066
-50.06423367808608,-17.785519731461378,0.012388429583754487,0.7633466665587206
-51.60933596677166,-15.492569968746299,0.01591423347753781,0.556872127742049
-49.235537828485825,-14.865995058072931,0.026048096810733976,0.8998689511594513
-49.145706300073876,-17.641789286002254,0.02070287415541513,0.8164661716378085
-47.76454655074011,-15.236550112772235,0.02391153937112541,1.1291986169186126
-51.12424571334712,-16.606480921054505,0.02289918953085362,0.9841750340187119
-51.1601783247119,-15.054641267738031,0.013058324212628225,0.7718422823687195
-48.61794607065365,-17.983149093967672,0.01896419046162056,0.9251977562694395
-49.49604926088049,-15.665495660939307,0.017757319516595205,0.7285002058853597
-48.39336724962377,-14.032807632052076,0.013823833910160078,1.5200836220463538
-47.15144636932854,-14.538109979369306,0.042496119861291225,0.6103787352508655
-52.53235492120447,-16.267366901299386,0.02732026762873586,0.9410634179708447
-52.141587772612475,-16.40885155854821,0.013904208514659339,1.47097080754476
-48.66286183485963,-13.898060339434148,0.01695141420848912,1.190841577528144
-46.98974961818702,-14.185521230352395,0.038507363855544326,0.5678064962710972
-52.59074541467224,-16.90067917660365,0.024786969486442177,0.8109036817001586
-49.54545660150706,-15.014217079952653,0.020138840930376763,0.7151094717014809
-48.763922304323074,-13.112034465829566,0.01886790234689315,0.6908559500952455
-49.572406060030644,-13.6128452367262,0.00772524972211592,1.1244587655252245
-49.75656069327515,-13.12550919509136,0.012055877735423272,0.5669806438485719
-51.12873728976772,-17.062375927745162,0.02188368460710811,1.2227879116218225
-51.928237892634094,-18.53561299370118,0.022010978145135675,0.7933095760462535
-49.35231881542136,-13.621828389567394,0.018578232929394606,0.8908079347172486
-46.58999931675383,-13.96992556216371,0.036813916195838084,0.6560256760498223
-47.91052278440953,-15.326381641184186,0.025347407180150248,1.2131711728861958
-49.92724059725786,-18.016835917122155,0.011866108298455705,0.7111804302432502
-48.83354173884234,-17.960691211864685,0.01898873565471823,0.8703150718955581
-47.44564462487768,-14.066494455206557,0.03976628639917039,1.4733662097541635
-50.80534378748469,-15.703674060514386,0.015637803983898767,0.6689895055221
-50.059742101665485,-16.31452845371566,0.011662168950191676,0.9522811842225526
-50.95356580936441,-17.920267024079305,0.024932639585369915,0.8035391531828665
-51.18712778323549,-15.948464975436956,0.015658010247581792,0.6720791434510017
-49.850883798107695,-14.690823577669626,0.018731541741007544,0.5951758595492899
-49.63079655349841,-16.42232628781,0.011882927715613481,0.9739921222316426
-50.91538740978933,-15.05913284415863,0.015147952476704859,0.490464901465939
-48.24289943953376,-18.086455351641415,0.01633063484736447,1.0582939011688468
-52.581762261831045,-17.02868910459068,0.023202377298742027,0.7668996704966711
-50.54932393151063,-16.927628635127235,0.018727712464551433,0.9987087828486415
-52.806341082860925,-18.13810848047829,0.020644062098770125,0.8035850975681905
-51.730608530127796,-15.777785071454247,0.01522544938356322,0.6605903374800026
-48.454003531301844,-13.439919544533192,0.012962246340040543,1.2323061016870462
-49.38375985036555,-13.864373516279665,0.017873911589728887,0.8956877827511757
-49.43092140278182,-18.010098552491257,0.019962002384160047,0.8661857189242474
-52.43354023995132,-17.201614796783687,0.022520425147090028,0.9468120338484122
-46.24639372057812,-14.468490544850043,0.018551391511132807,1.1143580898703025
-49.197359428910744,-16.723261907990043,0.024859091036906377,0.9629592019322591
-51.01420209104248,-16.981527552174406,0.019612150785489245,0.7794218514249649
-47.319880485100946,-16.929874423337534,0.02692948436309665,0.8644349594132016
-53.120751432302754,-17.848401801349745,0.017742083470730412,0.8963250019034232
-52.30553031196429,-18.524384052649683,0.025090547799665665,0.8172205658294048
-48.57527609465798,-17.81920655461586,0.019578089220039084,1.190623986023388
-50.825555881377376,-14.228191206348072,0.00956611439898507,0.6273620024732519
-50.88619216305545,-14.221453841717175,0.009436914668642963,0.557917775611467
-47.003224347448814,-14.994004986059965,0.035315397669182035,1.1706349595458434
-50.933353715471725,-17.23081004351757,0.02339820351190716,0.7555186558022583
-47.265981568053775,-15.351085311497474,0.03233621164990807,1.0276874409339019
-47.20983686279631,-13.841915634176678,0.0377584666533427,1.1952385261785092
-48.28107783910883,-13.848652998807573,0.013585453070591422,1.4661635850331856
-50.681825435918256,-13.91153506869594,0.010024524319657589,0.6844395286846315
-49.219817311013735,-16.058508597741596,0.020407271014229088,1.135944781617895
-47.30191417941855,-16.000118104273827,0.028738586597442384,0.834993601454561
-47.506280906555745,-14.194504383193589,0.02239026394597729,1.108521293180371
-50.589748119296004,-18.15607478616068,0.02302564140666951,1.1244439366661687
-49.2871909573227,-17.491321475912233,0.022097475068726172,0.9580336547806
-52.33697134690848,-17.841664436718847,0.01283885351600402,0.9817064642443909
-47.227803168478694,-13.570175260730522,0.03687270895486827,1.1652825883428561
-50.194489394283416,-13.399495356747813,0.011511608532201331,0.6299972841242314
-51.61158175498196,-18.710784474104486,0.018874759567071037,0.7951988588003323
-50.342711416163134,-18.4951888059158,0.015663571426353412,0.8488704845445061
-52.330233982277576,-18.537858781911478,0.02656311086737323,0.7156374923813273
-52.500913886260285,-18.632181886744025,0.030015199269807027,0.8984341749841068
-47.23678632131989,-14.021578691000581,0.03862493004536448,1.4750290398103585
-48.7145149636965,-15.917023940492772,0.020183583055215032,0.828180702246624
-47.32886363794214,-13.85763615164877,0.038380703172013884,1.2854898573110456
-51.17589884218399,-18.481714076654008,0.02190438019171023,1.3023824138539029
-50.58301075466511,-16.399868405707014,0.01618682428523572,1.1358024765115886
-47.46136514234977,-13.505047402631856,0.03855208229263497,1.4292450676501165
-50.87047164558336,-19.26100258562769,0.025699319828654515,0.7620573619430876
-50.097920501240566,-14.915402398699506,0.018587962453561473,0.9495212501021872
-48.01382904208328,-15.247779053823729,0.025634601959083427,1.072759540363151
-50.07995419555817,-14.49319421516333,0.011646371627151967,0.7270883754360987
-50.63241809529168,-18.764683391151657,0.027139722939183892,0.9777484504254659
-49.305157263005086,-13.585895778202614,0.01863309316673258,0.7503556303947265
-48.5281145422417,-16.795127130719603,0.02864167316101258,0.8451391254040943
-52.26286033596861,-17.426193617813567,0.023578774470585723,0.8931752297270766
-47.7825128564225,-17.601365098216874,0.015107101692452201,0.9157861381435509
-50.99848157357039,-17.38576943002819,0.027641368569752467,0.8760725789510889
-51.382511357531484,-15.604859379261239,0.015441123983915422,0.6841609244827674
-46.69105978621728,-14.711035671562314,0.040200149797228614,0.5918641004647875
-51.750820624020484,-16.893941811972752,0.02685094259618701,0.9237736662962178
-47.64327398738397,-18.3110341726713,0.01357211199787216,1.1602681016025738
-52.71650955444897,-16.700804025887056,0.026783129627844748,0.817196255611868
-52.12137567871979,-18.558070875804166,0.024182524710045162,0.7426258085778485
-48.245145227744054,-14.958072374695183,0.026807524871452718,1.1346452695617832
-49.32986093331838,-15.391509499282853,0.02601459304700837,0.8308909086035748
-46.42381098919172,-14.688577789459327,0.026926943697515172,0.9859941738416516
-50.589748119296004,-17.825943919246754,0.025635452915252144,0.8162355022927006
-49.11201947691939,-17.08258802163785,0.02243301976521152,0.8643920990420035
-50.33597405153224,-16.040542292059207,0.012287060992476239,0.8729617120291455
-48.51688560119021,-13.68920203587636,0.015941605303027608,1.0661005227494844
-49.92724059725786,-18.15382899795038,0.011701547392893473,0.7634857545982855
-51.923746316213496,-17.864122318821835,0.013743048117912817,0.7433205741301303
-49.03117110134863,-17.361065759714904,0.02284858469000618,0.7479300853456827
-51.975399445050364,-16.098932785526976,0.01431919763905636,1.0648728608562539
-50.92886213905113,-18.019081705332454,0.024125302746966386,0.9707930149013535
-50.659367553815265,-17.983149093967672,0.024337883089554552,0.7773367992966002
-48.06772795913045,-15.934990246175163,0.01679716241581323,1.012413772170357
-47.436661472036484,-14.277598546974646,0.0405908527079234,1.1609622243735573
-47.67696081053845,-17.83941864850855,0.015018515015928172,1.6552166023632777
-48.422562496357656,-13.792508293550103,0.012867873752574635,1.1044254177038135
-47.7847586446328,-16.247154807406698,0.01676841040143478,1.087275564950606
-46.971783312504634,-13.412970086009606,0.0356821610062429,1.4530107190040251
-49.88232483305188,-15.18938856035596,0.019782615903659973,1.0763049866484804
-52.08993464377561,-16.63567616778839,0.025334843247929516,1.2363515845836
-52.377395534693854,-16.59525198000301,0.023961609754062634,0.9091352990922821
-47.185133192483015,-13.826195116704586,0.03758558785258714,1.2357940066616793
-49.6510086473911,-15.054641267738031,0.01988891552029859,0.8675409739092611
-53.0421488449423,-18.32675469014339,0.020660754801105078,0.6026298432133649
-46.76741658536744,-12.99076190247343,0.0262677137112358,1.233602850275419
-48.19124631069688,-17.711408720521515,0.015773718627252256,0.7770177375329549
-50.07546261913758,-14.562813649682594,0.018472655194264276,0.8270246300948862
-50.15181941828774,-14.897436093017115,0.018491528608647976,0.897159319421729
-47.560179823602915,-16.39088525286582,0.01721107287994252,0.8691035675930966
-49.82618012779441,-16.89618760018305,0.014850901337361765,0.6941929645290648
-52.067476761672616,-17.40373573571058,0.024779843582512385,0.9882536074175365
-50.284320922695365,-13.210849147082714,0.011283534126142861,0.686024970867122
-48.99074691356326,-16.610972497475103,0.026518855049256947,1.016268052724565
-46.97852067713553,-14.40111689854108,0.03949247016247608,0.44895595272781824
-47.438907260246786,-15.869862388076497,0.028536154354072942,0.8097665514915316
-46.2800805437326,-14.547093132210502,0.02754199710060589,1.0415466223664025
-52.880452093800784,-17.131995362264426,0.018728233285603618,1.0249492919576186
-50.20571833533491,-15.422950534227036,0.020189681938758215,1.1488041787045784
-46.48669305908009,-13.134492347932554,0.022331597253482695,0.9520319054390526
-50.91538740978933,-14.632433084201857,0.015222483858288607,0.5276276953189313
-49.347827239000765,-16.343723700449544,0.023507658307624125,0.9699884532563928
-48.11039793512612,-18.075226410589924,0.016100413664326536,0.786259340948341
-51.76878692970288,-18.167303727212175,0.014280086071994007,0.7549183807808055
-51.87658476379722,-17.7428497554657,0.01382619134594916,0.9072954461455329
-48.10815214691583,-13.832932481335483,0.014449340227604482,1.2992390165008303
-51.13772044260891,-16.388639464655522,0.0159700097431682,0.7356009015844318
-49.49380347267019,-13.994629232476996,0.014247526080120006,0.6430545003904858
-50.6032228485578,-17.82369813103646,0.02564354275654981,0.7901321034147862
-49.0962989594473,-15.607105167471538,0.01822354434432726,1.031981571798045
-50.895175315896644,-18.94210065976526,0.025904633362879133,0.7432807963509114
-48.04077850060686,-13.846407210597276,0.014910630870013023,1.3621698930144417
-50.825555881377376,-14.333743252232116,0.009593426042323605,0.5439847123627892
-50.01482633745951,-16.887204447341855,0.015419676947224471,0.8083088905832136
-49.58588078929244,-14.450524239167652,0.008600893189914896,0.7027436093394513
-47.55344245897202,-17.522762510856417,0.01513021090809808,1.0156507248255555
-49.91152007978577,-17.208352161414584,0.015142979049931782,0.8735857813587233
-48.465232472353335,-17.767553425778985,0.016229728467748217,0.9438412760665211
-46.74046712684385,-14.333743252232116,0.03866904007968731,0.5995045010793604
-47.486068812663056,-17.805731825354066,0.01352442420712888,0.9919188945210227
-47.564671400023514,-14.23268278276867,0.020030062234756986,1.2071064877949522
-48.78413439821577,-13.817211963863391,0.01727420818491632,1.1388273600487933
-51.04115154956607,-17.089325386268747,0.021101316733495,0.7687067743555631
-47.52424721223814,-16.080966479844584,0.01785287572358505,0.6723781055627657
-48.75044757506129,-17.99213224680887,0.018867489365421476,0.9624948393227358
-51.36903662826969,-15.708165636934984,0.015499062604501837,0.6859993709268338
-46.742712915054156,-13.637548907039486,0.03556823103364991,0.5674729576176548
-48.507902448349014,-17.224072678886674,0.025866577602413374,0.9668854171904856
-48.921127479043996,-16.29880793624357,0.022237121417924936,0.9366538784285683
-49.15468945291507,-13.916026645116538,0.017323123126243675,0.7481644784677571
-47.36928782572752,-14.073231819837455,0.03942725552477856,1.5507800001722056
-47.82967440883878,-13.848652998807573,0.01637078410502512,0.6959579244593076
-50.026055278511,-15.65651250809811,0.01377452639186466,0.8770798177524498
-47.32212627331125,-14.484211062322135,0.04113570224386417,1.3900678079833557
-52.81981581212272,-17.915775447658707,0.0186561914591585,0.9512958979966961
-50.59199390750631,-13.889077186592953,0.010302164394806591,0.6324727686292068
-52.265106124178914,-16.660379838101676,0.024335302968761127,0.9892423773687261
-49.78575594000903,-15.274728512347314,0.020414317257920842,1.0891342520310612
-46.25313108520901,-14.688577789459327,0.026153293741636698,0.789905620050846
-47.51750984760724,-16.11016172657847,0.018268372154548,0.6446471765219978
-46.38114101319604,-14.196750171403888,0.02054333970088202,0.8594787416314462
-51.57340335540688,-17.40373573571058,0.02808383805702611,0.6680451466705577
-52.393116052165944,-18.64116503958522,0.027303850453668056,0.7509216627488974
-47.94870118398461,-15.157947525411776,0.024619649622213385,0.9354306421844023
-48.63366658812575,-16.058508597741596,0.021473501082114897,0.9924037463398877
-47.16042952216973,-14.86824084628323,0.03751623114797307,0.6391516378538843
-48.9166359026234,-13.462377426636179,0.02008214992606362,0.5803384051500807
-48.00260010103178,-16.37067315897313,0.015936124752972017,0.9300302861150307
-53.08032724451738,-18.06175168132813,0.02246461707583949,0.6107479530895141
-51.80921111748825,-17.754078696517194,0.01398053389684931,0.8481392791213803
-46.16554534500736,-14.163063348249407,0.021513667103672657,1.175765577029333
-51.44314763920955,-16.13261960868146,0.015769915489079567,0.7905786407713443
-49.45337928488481,-14.486456850532434,0.018605602092975623,1.091622987484687
-50.012580549249215,-13.624074177777693,0.007560437204027573,0.5547749302332352
-48.23391628669256,-14.895190304806816,0.026604901888373576,1.326053943716501
-52.60646593214433,-17.01072279890829,0.023077580684528847,0.8060784344412545
-49.91152007978577,-14.40111689854108,0.008414850465723194,0.7316049052301334
-48.503410871928416,-18.133616904057693,0.016435090669167637,0.9571976929895164
-48.995238489983855,-17.376786277186994,0.023128643219336137,0.7249375227083457
-51.420689757106565,-15.515027850849286,0.01505079638209986,0.47534341029558735
-51.3465787461667,-19.164433692584844,0.025234655370276787,0.6768296716426581
-51.265730370595946,-18.53336720549088,0.02569193871583676,0.6649587456657463
-47.41420358993349,-15.13324385509849,0.03548888983535411,0.6301635574686902
-50.836784822428875,-14.432557933485263,0.009614279937445925,0.6323837386879322
-47.935226454722816,-16.828813953874086,0.018001206491911365,1.0174953866264114
-46.720255032951165,-13.451148485584685,0.035616120706060996,0.6407032495127046
-48.37090936752079,-16.18202694930803,0.01575695508024319,1.0793298682711852
-50.62118915424019,-17.491321475912233,0.030098754327259697,0.8589751089357333
-49.11201947691939,-14.210224900665681,0.016533398478629547,0.8990536744791768
-50.12711574797445,-14.490948426953032,0.011174278785703267,0.5996609760096352
-51.14221201902951,-18.308788384461,0.022270610717209587,0.939256405358925
-49.37253090931405,-15.142227007939685,0.02472754411317647,0.8139836869047813
-47.0324195941827,-14.688577789459327,0.03996282914606005,0.40977082386922564
-50.32025353406015,-14.843537175969944,0.01823299862395935,0.6739481345790662
-49.76329805790604,-16.024821774587114,0.012815072083860972,0.8012490204181314
-51.07483837272055,-17.974165941126476,0.02468378222185022,0.7928330163995265
-48.968289031460266,-16.157323278994745,0.020833140605338498,0.9899998189774116
-46.41033625992993,-13.325384345807953,0.025413854412385146,0.8897607592634476
-49.82393433958411,-17.940479117971993,0.011827286922007052,0.7626961972285017
-48.86498277378652,-16.667117202732573,0.026694715387236608,0.9717867440050556
-50.89966689231724,-16.891696023762453,0.017669832766070707,0.9893327877119463
-48.19124631069688,-16.824322377453488,0.02024162115527122,0.8304629052304979
-49.95194426757114,-13.035677666679407,0.0118419589869653,0.6179320181522046
-52.88718945843168,-17.284708960564743,0.017476388354934005,1.0299504966908335
-52.59523699109284,-16.69406666125616,0.028158610189022652,0.8991480464291346
-48.82006700958055,-16.303299512664168,0.02250214058340071,0.8625143491928107
-47.51526405939694,-14.468490544850043,0.02040793686760476,0.8287939501403453
-49.33435250973897,-17.21508952604548,0.022712081515860873,0.907481163551982
-48.58650503570947,-15.869862388076497,0.021041797586668787,0.8728525013586177
-49.985631090725626,-17.003985434277393,0.015265902212355143,0.6072993386499811
-48.02954955955537,-15.274728512347314,0.025948633773871018,1.0223695858196755
-51.88781370484871,-18.558070875804166,0.021640298731680406,0.7955280659138463
-50.13834468902594,-16.59749776821331,0.016517943023121127,0.8836582926572961
-52.23591087744503,-18.62544452211313,0.025450933318170343,0.691380969708952
-46.22169005026483,-14.908665034068608,0.022320101231440397,0.6653619037981605
-48.52137717761081,-15.283711665188509,0.03255616177530637,0.7711025498668117
-50.24838831133059,-14.347217981493909,0.008324072177287074,0.6261100205849904
-51.265730370595946,-15.607105167471538,0.015450622769633243,0.6577010429737958
-51.96417050399887,-17.5564493340109,0.013660206027064758,0.8953086371053383
-49.92050323262696,-12.999745055314627,0.011454762862672168,0.5669266150647635
-48.63366658812575,-16.054017021321,0.021446611539761653,1.0004689584281476
-48.37090936752079,-15.223075383510443,0.029671479927533717,0.6978209216384691
-48.10366057049523,-17.738358179045104,0.01563434179278543,0.8849326478430876
-51.81370269390885,-16.826568165663787,0.026500145799999857,1.011588542503015
-47.014453288500306,-15.436425263488829,0.030459213038121352,0.9273187902834102
-46.414827836350526,-13.945221891850423,0.02271247038131513,1.048707699951892
-48.61794607065365,-15.795751377136638,0.020601809924427176,0.9866443482526575
-51.232043547441464,-15.252270630244327,0.013763243484132034,0.47514121040258034
-47.721876574744435,-16.84228868313588,0.01634196543176009,0.7623017779860953
-48.132855817229114,-13.543225802206937,0.01354897424575202,2.1881663181974313
-50.39211875678971,-16.235925866355203,0.011651122190772639,0.8174616764625363
-48.78862597463636,-14.70205251872112,0.029903239723353327,1.3901628819671812
-50.600977060347496,-13.74310095292353,0.01044002849961071,0.7465217844884239
-49.55443975434826,-14.56955101431349,0.019668659729886528,0.8559987103192581
-50.91763319799963,-17.807977613564365,0.025791387986341816,0.9171065286982977
-51.09729625482353,-18.746717085469264,0.025702098428284324,1.395626054423863
-48.3551888500487,-17.156699032577713,0.022270021579535348,0.7813337815326772
-52.678331154873895,-16.74796557830333,0.026284918032395608,1.0270412005849434
-47.46585671877037,-17.5519577575903,0.02023374508567326,0.9052049151139768
-49.59037236571304,-15.24328747740313,0.020959527728791384,1.1788782454406432
-48.96379745503967,-17.756324484727493,0.01991539729788027,0.7551110359239357
-47.54221351792053,-16.283087418771476,0.017499811735321277,0.8323825777336752
-52.613203296775225,-16.54135306295584,0.030273538943533358,1.0529941783894938
-51.87658476379722,-15.8676165998662,0.014957806161532819,0.7909714178531483
-50.98949842072919,-14.971547103956976,0.014192744337690343,0.5514448290440019
-50.13160732439505,-15.404984228544645,0.020217283810400274,1.047438833153641
-48.48319877803573,-14.578534167154686,0.031277765346202135,1.2283005412987829
-48.12611845259822,-14.122639160464027,0.015530895375308138,1.240223889449853
-51.63628542529525,-17.28920053698534,0.027564775332521264,0.7175001808713491
-51.93722104547529,-16.042788080269506,0.014436957367519845,1.0242855600239988
-46.24639372057812,-14.270861182343749,0.020031728419938676,0.8364555375692909
-50.322499322270446,-18.13810848047829,0.01239685501469209,0.7985602151825151
-52.64239854350911,-16.95682388186112,0.02332373883137592,0.8698153565803407
-50.30004144016746,-15.1130317612058,0.018875894439588408,0.8792490385937927
-51.33085822869461,-18.77366654399285,0.025393218770128345,0.9534455088436534
-49.626304977077815,-18.142600056898885,0.01128373846709893,0.83503077065988
-48.00933746566268,-14.313531158339426,0.01743254478702142,1.2916659929926673
-46.345208401831265,-14.13611388972582,0.021085614590427616,0.9432354838586829
-52.92087628158616,-17.563186698641797,0.01665012735371414,0.8149978735135047
-50.11588680692296,-13.0469066077309,0.011625967244391607,0.7431621588726142
-51.58912387287897,-18.162812150791577,0.014690136350490848,1.015391117278081
-51.87433897558692,-16.986019128595004,0.025958758284527626,0.8775060665035458
-49.354564603631665,-14.717773036193211,0.0258364958072494,1.112109707591629
-50.895175315896644,-15.023200232793847,0.01523778601509248,0.565298419042744
-47.416449378143795,-14.093443913730143,0.039732034223559316,1.5460465378805568
-50.54258656687973,-13.651023636301279,0.010754897126332662,0.6804437252071999
-50.58076496645481,-15.766556130402753,0.015791477257083256,0.6402879528367947
-50.268600405223275,-13.711659917979347,0.00762608282103538,0.6282547420053972
-50.333728263321944,-14.547093132210502,0.018126552285975928,0.5592302597929505
-50.89742110410694,-16.359444217921638,0.01601120832363882,1.010192664927956
-49.26024149879911,-17.228564255307273,0.0224260150216379,0.8700008540199683
-52.33247977048788,-18.4929430177055,0.018063946632859644,0.9198665411678627
-50.65487597739467,-17.675476109156737,0.02681067783833087,0.6789780651851073
-48.79985491568786,-15.856387658814704,0.019441830533675184,1.0421269250510137
-51.57564914361718,-17.152207456157115,0.0279534246588712,1.1709479247100405
-48.148576334701204,-15.797997165346935,0.016969682820169713,1.0438808364531678
-47.29068523836706,-13.460131638425882,0.03887497852375736,1.536072545272954
-49.13447735902238,-18.254889467413825,0.018125619348312614,1.0386939040569787
-49.91152007978577,-18.394128336452354,0.01147950369933364,1.093009729795278
-47.52424721223814,-16.4268178642306,0.01737631097876931,0.9004759043656819
-49.59037236571304,-18.391882548242055,0.011007396286385194,0.8579241977533923
-48.898669596941005,-17.56767827506239,0.02065720191976884,0.903776109815087
-52.35493765259086,-16.655888261681078,0.023885045778464377,0.7863854993538765
-51.099542043033836,-15.82719241208082,0.015601881010943343,0.8156857551024917
-50.24389673490999,-16.72775348441064,0.016596977645687842,0.7875730683197332
-51.301662981960725,-18.030310646383946,0.024806359308725778,0.7426483520525898
-50.36292351005583,-13.147967077194346,0.011258566564255484,0.5485732969855136
-50.585256542875406,-17.70467135589062,0.02661559946323817,0.7063808187327548
-49.13672314723268,-17.298183689826537,0.02233620509394099,0.8414847354687996
-50.082199983768476,-15.905794999441278,0.01288158051749872,1.0875077678559075
-47.265981568053775,-16.909662329444842,0.027068124058646448,0.8260077288131921
-50.906404256948136,-17.02419752817008,0.01921966872761608,0.6836426013573947
-48.42929986098856,-17.212843737835183,0.023130304546927393,0.8846277923515475
-47.81395389136668,-16.770423460406317,0.01704589619547758,0.8811205995327741
-50.097920501240566,-13.830686693125184,0.0077485284177055925,0.6643362036903143
-47.53098457686903,-14.773917741450681,0.02367417745176952,1.063072981676626
-51.45437658026104,-17.531745663697613,0.028752992708548954,0.7330917507659046
-48.49891929550782,-14.830062446708151,0.030896779625932094,1.487490012204599
-51.831668999591244,-17.601365098216874,0.013940848802668496,0.955840025509406
-51.61158175498196,-18.43904410065833,0.01492221884981808,0.8334092333726063
-50.67733385949766,-14.039544996682972,0.009957413335590156,0.5809484473256562
-48.7234981165377,-13.327630134018252,0.019415016033768835,0.6867911049002303
-51.63179384887465,-16.361690006131937,0.013356278495838163,0.8089233704337682
-48.321502026894215,-15.074853361630721,0.028264029180107914,0.9307497643447936
-47.0391569588136,-15.35557688791807,0.031136061256543477,1.2812182414271482
-50.33148247511164,-13.147967077194346,0.011283577218109703,0.5292297788304362
-47.025682229551805,-13.826195116704586,0.03697413438107276,1.2044088716214494
-51.676709613080625,-16.849026047766777,0.02742086205412868,0.9176551932146585
-51.692430130552715,-17.711408720521515,0.014248196208614516,0.7423306300418201
-46.68656820979668,-13.399495356747813,0.03462724318043114,0.6698129939207812
-48.18226315785569,-17.228564255307273,0.020874765045028314,0.8967989564345243
-51.205094088917875,-15.227566959931039,0.013739544927323377,0.5118837823231323
-50.48195028520166,-14.805358776394865,0.017806439956216356,0.8175517143625175
-48.786380186426065,-15.436425263488829,0.03094571982400312,1.0596174155276077
-49.59935551855423,-18.452518829920123,0.010988292629803274,0.904595815109897
-49.72511965833097,-17.527254087277015,0.012502541740127295,0.8023143903225063
-49.738594387592755,-17.394752582869383,0.015064545040444946,0.7327448808208872
-49.71164492906917,-14.7379851300859,0.018963815000861105,1.1975152479981248
-49.540965025086464,-15.78901401250574,0.013844310923584948,0.8462497424757665
-49.520752931193776,-15.634054625995123,0.01504903405809979,0.8289157668984318
-48.004845889242084,-14.556076285051697,0.025829647109142033,1.711999612600901
-47.55568824718232,-15.045658114896836,0.023118301864871082,1.5223503751227963
-47.64551977559427,-15.07709914984102,0.02308030255720103,1.0683904735607654
-48.54383505971379,-16.473979416646877,0.025202725414680716,0.8959572048724813
-47.74433445684742,-13.428690603481698,0.020268885477085382,1.109830375900237
-47.034665382393,-14.12039337225373,0.038335891489179326,0.5502203903536422
-49.2759620162712,-17.48009253486074,0.02231548861394414,0.9819904091959485
-50.416822427103,-12.69207207050369,0.012170147231240061,0.5325764565918624
-47.50403511834545,-14.055265514155064,0.02316193162871862,1.3467746949510797
-47.85886965557266,-13.920518221537135,0.016417610761301195,0.6770304691134906
-49.25574992237851,-14.919893975120104,0.025791618009231892,0.798961478697803
-49.707153352648575,-15.580155708947952,0.014336869466201644,0.8892749244855063
-50.7806401171714,-17.300429478036836,0.025151459738533274,0.9053988090124535
-50.713266470862436,-14.300056429077634,0.009831771000508993,0.45006113685387344
-51.216323029969374,-15.216338018879545,0.013596446491624956,0.44354247535911656
-52.934351010847955,-17.76530763756869,0.0180114357181581,0.828434870302884
-52.58400805004134,-17.23530161993817,0.0215216911696653,1.2321179166534768
-51.077084160930845,-18.239168949941735,0.02264322211711154,0.9657246339264537
-50.29779565195716,-17.635051921371357,0.012954939885274904,0.5794412354542935
-50.380889815738215,-12.649402094508012,0.012571231917802855,0.61100931779815
-49.75206911685455,-13.87560245733116,0.007884314427458284,0.6806789886645892
-49.44888770846421,-15.802488741767533,0.020566169015780796,0.8253486010679865
-49.57689763645124,-14.113656007622833,0.008218498709140609,0.7305354898689891
-49.514015566562875,-17.940479117971993,0.013623793748449948,0.9236683856469895
-48.936847996516086,-16.723261907990043,0.025627455128840987,0.9531823996167206
-48.89417802052041,-15.629563049574525,0.018598801800617737,1.1813788650965111
-51.10627940766473,-18.358195725087572,0.021808277983069373,0.8067800579353287
-46.93360491292955,-15.344347946866577,0.03087620163625365,0.9023863496508836
-47.62755346991188,-17.21733531425578,0.016234833203861064,0.8523966408900256
-46.86398547841029,-14.356201134335103,0.039005495264222576,0.6300212742841672
-48.67633656412142,-14.807604564605164,0.030805991734690386,0.8171743340583149
-50.89742110410694,-17.94721648260289,0.024665231847797474,0.8602053956278342
-49.26697886343001,-14.459507392008849,0.01651916314918031,1.0997680516598731
-48.334976756156,-16.330248971187753,0.015505586152770895,1.8984340572249965
-49.161426817545966,-13.74310095292353,0.017890223058332065,0.7781728094083418
-47.23229474489929,-14.066494455206557,0.038799487957534524,1.5329670128800499
-50.56055287256212,-18.742225509048666,0.02751379079558496,0.9088480859890634
-51.02767682030427,-17.00847701069799,0.02000106968844979,0.7445717489506207
-51.265730370595946,-15.699182484093788,0.01550077015988421,0.6337052280581429
-51.002973149990986,-15.964185492909047,0.015708985908344162,1.033351058689311
-47.51526405939694,-17.520516722646118,0.012947566679216259,0.9387901784590976
-50.42805136815449,-13.639794695249785,0.007578168030261527,0.663625770119535
-49.12549420618119,-15.151210160780881,0.02662140703718391,1.0300510225057844
-50.86148849274216,-15.37578898181076,0.01714891737610671,0.676579207714259
-48.57303030644768,-17.15894482078801,0.027204103330571775,1.0139970831777816
-50.605468636768094,-16.328003182977454,0.016121172796950047,1.0432846818576988
-47.77128391537101,-18.072980622379625,0.015683655339816343,0.9083934760963697
-50.879454798424554,-16.157323278994745,0.01587440355715172,0.6631192750413172
-50.52911183761794,-17.21958110246608,0.02444022808007849,0.87294957431794
-47.89704805514774,-16.78614397787841,0.01769252890410663,1.073847408197954
-49.21083415817254,-13.152458653614945,0.020217623159318358,0.5846510518423592
-46.762925008946844,-12.986270326052834,0.02570180931482258,1.2363118966082498
-46.875214419461784,-13.572421048940821,0.035525610646248776,1.117861987402661
-46.697797150848174,-14.535864191159009,0.04297474224647917,0.5366995422761186
-48.08794005302314,-13.415215874219905,0.016116400005565502,1.4480936900309425
-46.78538289104983,-13.579158413571717,0.03541024637917574,0.6271880820498524
-48.02281219492447,-14.506668944425124,0.023208425734282407,1.445224431535726
-48.95032272577788,-16.568302521479424,0.027185289058129423,0.9682641309225363
-48.117135299757024,-17.922512812289604,0.015852919498808418,0.8986617621835462
-50.52462026119734,-17.9314959651308,0.02326503121881723,0.7254933104622099
-49.22206309922403,-18.129125327637095,0.018822777192882275,1.0055145100154614
-47.95319276040521,-18.142600056898885,0.016035141620035772,0.8226617328649249
-48.96604324324997,-14.81434192923606,0.02817817202349985,1.2061756599210738
-51.216323029969374,-15.894566058389785,0.015620674682285243,0.6853193197330976
-46.11613800438079,-14.551584708631099,0.026983308275798278,0.9104725495901599
-50.69979174160065,-16.157323278994745,0.015953282307995045,1.0585524044328258
-51.08382152556174,-17.39924415928998,0.02853132615170196,0.9014482809143446
-52.33247977048788,-16.700804025887056,0.023871389625956082,0.8938232596368043
-48.18001736964539,-14.15632598361851,0.015386258637135247,1.089150893355651
-47.715139210113534,-14.72001882440351,0.024259396365441135,0.9357895002783486
-50.322499322270446,-17.060130139534863,0.016512517513613652,0.9051227835140062
-52.168537231136064,-18.670360286319106,0.024657146678262278,0.6541540233196047
-47.92848909009192,-13.821703540283988,0.01557817241517093,1.3201020878680145
-49.26024149879911,-13.001990843524926,0.018877111777256365,0.5967279612261805
-48.76616809253338,-17.747341331886297,0.019817102645494,0.9737854715213602
-47.811708103156384,-17.828189707457053,0.015210550345003323,0.9021294654437743
-50.4100850624721,-17.10729169195114,0.016869349354459988,0.9107845239668203
-47.452381989508574,-14.769426165030083,0.040328505022833395,1.5650605736984977
-50.51788289656644,-17.77878236683048,0.022807329843490546,0.9616771759066743
-48.577521882868275,-15.476849451274207,0.03133439177832113,0.955791769916401
-49.92499480904756,-17.21733531425578,0.015187666999312899,0.8600852622733259
-48.46747826056364,-15.591384649999446,0.017028559910051703,1.0725548446355033
-51.29043404090923,-18.65688555705731,0.025569756994659344,1.069096258096046
-51.831668999591244,-17.49581305233283,0.017963321440388945,0.9278049429906018
-46.91563860724716,-14.28658169981584,0.03879156264773248,0.530838170036836
-48.256374168795546,-14.508914732635422,0.024717952677579313,1.1891692601148511
-47.42992410740559,-14.338234828652713,0.04082024729539727,1.0619639220020074
-51.13996623081921,-17.212843737835183,0.024487727382855293,0.7963056469329076
-51.622810696033454,-15.683461966621696,0.015606487537851555,0.5072811939073626
-50.56729023719301,-18.537858781911478,0.027834376903019535,0.9968045473951456
-47.14695479290794,-14.973792892167275,0.035985669383776286,0.6003592353270188
-48.968289031460266,-16.155077490784446,0.020812571306444403,0.9967565363664029
-50.31351616942925,-14.937860280802493,0.01840468450818212,0.6403656325014693
-50.30902459300865,-14.062002878785961,0.007995182470463097,0.794194833274258
-46.76966237357774,-14.659382542725442,0.040733818653307656,0.4746973678946289
-52.63790696708851,-16.29431635982297,0.02730808229859146,0.9358313813869842
-47.63878241096338,-14.216962265296578,0.01939452229068214,1.1443588722334948
-48.54383505971379,-15.119769125836697,0.03235813774430683,1.2182815610231534
-51.077084160930845,-16.12812803226086,0.015795062181785297,0.8050424800603803
-49.34558145079047,-14.693069365879925,0.02596218785901771,1.1774072175724102
-50.0372842195625,-17.918021235869006,0.012163682977464932,0.6788101308202883
-46.45974360055651,-13.579158413571717,0.02590475223677424,1.0162131155613239
-50.778394328961106,-15.591384649999446,0.015595917437315938,0.7766507071778016
-49.98787687893593,-13.078347642675084,0.011748892964802296,0.6622640431747315
-49.273716228060906,-15.011971291742354,0.025484293994289003,0.6926326341078363
-47.977896430718495,-17.560940910431498,0.01538261492911198,0.9568041332998946
-47.48157723624246,-16.837797106715282,0.02437361991727183,0.8670831933060318
-50.895175315896644,-14.816587717446358,0.0149945155547989,0.5973450765359889
-49.00422164282505,-13.168179171087036,0.019505092758009646,0.526880942051239
-51.98662838610186,-17.170173761839504,0.025199752900686438,0.9315313309257321
-50.90865004515843,-15.402738440334346,0.016952786058499394,0.6835333763060213
-49.54770238971736,-17.10504590374084,0.014292353327032398,1.116669666426209
-47.212082651006604,-16.89843338839335,0.024813105923429522,0.9143178121728198
-50.25737146417178,-17.617085615688968,0.012919535803203274,0.5757825255930231
-48.651632893808134,-17.9337417533411,0.019116498189799595,0.8559578982231238
-49.82168855137381,-13.249027546657793,0.011961920235162469,0.5365495972231399
-46.33173367256947,-13.231061240975404,0.022142141900152186,1.279423000562449
-47.74658024505772,-14.978284468587873,0.023330043865230195,0.8554141974223706
-49.010959007455945,-13.93174716258863,0.017054095105395385,0.8502133453709443
-51.19611093607668,-17.942724906182292,0.02518080929699455,0.9274523742908278
-52.507651250891186,-18.17179530363277,0.01696575131478204,0.9406456471870565
-47.49280617729396,-17.639543497791955,0.013940163383416318,0.7863599104164637
-51.65200594276734,-15.220829595300144,0.011755507339460807,0.8825993035863244
-49.347827239000765,-13.359071168962435,0.021340467533649793,0.9133078476308077
-49.14795208828417,-14.15632598361851,0.016703470709099104,0.9633512011212898
-46.25313108520901,-12.968304020370443,0.017768155036386016,1.2863936130928029
-49.17265575859746,-13.159196018245842,0.02007502860787806,0.602251821443863
-49.6622375884426,-15.793505588926338,0.013670348189384646,1.0858463744364626
-47.31763469689065,-15.604859379261239,0.026996423152143696,0.8080017229384059
-46.75618764431594,-13.563437896099625,0.03531843677114802,0.6461994750228148
-46.92013018366776,-14.987267621429067,0.03533334423381157,1.138512457592874
-47.0391569588136,-13.27373121697108,0.033612239799249856,0.9988663309345917
-51.532979167621505,-18.951083812606456,0.018841077425531736,0.877181596466467
-48.047515865237756,-14.68184042482843,0.024924814268452618,1.3246635372439584
-52.32574240585698,-18.69955553305299,0.026509369412888166,0.8191387685425983
-47.92624330188163,-14.37865901643809,0.018390133212908936,1.2985331685113477
-51.64077700171585,-15.479095239484506,0.015878515353323217,0.6492853908296286
-50.360677721845526,-16.004609680694426,0.012394161211259885,0.8582300606490564
-48.658370258439035,-13.323138557597654,0.019395051318508345,0.973488961011768
-46.639406657380405,-13.222078088134207,0.03141358878835055,0.860529106597753
-50.12711574797445,-16.191010102149225,0.011953707795481713,1.0000171210947124
-49.91825744441666,-16.280841630561177,0.011894911639247458,0.9677053256277692
-46.89767230156477,-13.188391264979726,0.03134469716055143,1.5046338001807438
-51.55768283793479,-15.928252881544266,0.0147175886808049,0.5694190337281614
-49.97889372609473,-13.372545898224228,0.011809404284616387,0.7066943345312797
-47.27945629731557,-17.66424716810524,0.014278875223476942,0.9744542725698212
-47.27047314447437,-15.267991147716417,0.033121293908544916,0.5854637689747073
-50.87047164558336,-18.403111489293547,0.021073173397220372,0.7885574053712346
-51.26797615880624,-15.669987237359903,0.01548435728799895,0.5841688609233754
-51.70590485981451,-18.030310646383946,0.014321046236908162,1.074164935521926
-51.034414184935166,-17.322887360139823,0.026163500121534154,0.8457104321227088
-49.691432835176485,-17.812469189984963,0.011877599842768356,0.7205678814160957
-48.48993614266662,-18.08196377522082,0.016057061676443864,1.0191376526340667
-49.0962989594473,-18.00560697607066,0.01905931604802829,0.9061383307129947
-51.33759559332551,-17.430685194234165,0.03238578769638532,0.7519897745240517
-48.921127479043996,-14.800867199974267,0.02858155772115643,1.2682021599388642
-52.476210215947,-17.156699032577713,0.022141641516455368,0.9295956761413574
-53.12299722051306,-17.596873521796276,0.018684336388180196,0.8380831196876356
-50.7896232700126,-19.20036630394962,0.026016093315783678,0.5346667177438805
-52.49193073341909,-16.768177672196018,0.023838596946254238,0.7888244696234556
-49.421938249940624,-15.447654204540322,0.02598380384825729,0.6730687577457881
-46.34071682541067,-13.293943310863769,0.02461417312732007,1.2320663781808512
-50.31800774584985,-18.36717887792877,0.012220645679932937,0.7623541429072338
-47.807216526735786,-15.454391569171218,0.02563768296466732,1.1172154123249396
-46.95606279503254,-15.750835612930661,0.026713401361149112,0.9488907224250612
-48.81108385673935,-13.042415031310304,0.01882208152594672,0.8276365586548114
-50.666104918446166,-16.2381716545655,0.016025110520341532,1.250132330463985
-46.40135310708874,-13.455640062005283,0.02754170577045948,1.0670963581450659
-49.02892531313834,-16.84453447134618,0.023853672129925358,0.8235821136289138
-46.54059197612726,-14.207979112455382,0.03785318239611204,1.0699666998112363
-49.73185702296186,-16.265121113089087,0.012157375741403362,0.9767368650827936
-48.02505798313477,-17.87535125987333,0.015630205205125997,0.960231432360945
-47.003224347448814,-13.66674415377337,0.03619910911338557,1.3454293912402526
-50.10914944229206,-14.848028752390542,0.018464428413172813,0.8983710840803164
-49.52299871940407,-14.196750171403888,0.009375674038279979,0.7290317104809789
-49.412955097099434,-15.559943615055262,0.020099801109377174,1.0050309666942263
-50.778394328961106,-16.97479018754351,0.018096002534315567,0.9305810264599449
-51.1691614775531,-18.742225509048666,0.025592759392838543,0.9864691491621927
-51.43416448636835,-15.07934493805132,0.011651432859485859,0.6963370822453187
-49.6599918002323,-14.452770027377952,0.008566606280063187,0.7495599283259665
-46.11164642796019,-14.347217981493909,0.01964849984337117,0.9726497391530441
-50.20796412354521,-17.00847701069799,0.016071047618083787,0.9940494512705516
-50.825555881377376,-18.010098552491257,0.024120884032019545,0.8817384413174337
-51.07932994914115,-19.110534775537673,0.025374149933361363,0.8232455900258834
-51.49255497983612,-17.30941263087803,0.030352346127693313,0.7081793501364383
-51.676709613080625,-18.030310646383946,0.014389078237175038,1.0850298015997606
-48.132855817229114,-16.08994963268578,0.016301151272044304,0.9548111901429195
-47.993616948190585,-14.414591627802873,0.018236530268236077,1.3310936845705557
-50.450509250257475,-12.882964068379088,0.011820194241043844,0.5226517999924575
-52.14383356082278,-16.628938803157492,0.025065146370856353,1.1079533239101045
-46.76966237357774,-13.963188197532812,0.03698867845613211,0.8509618951249595
-52.395361840376246,-16.402114193917313,0.014334438296461605,1.0097049693188616
-46.43503993024322,-12.941354561846858,0.014739657310026374,0.8534591445147174
-50.53809499045913,-18.96231275365795,0.026883335938893548,0.983509222800186
-48.03853271239657,-13.38826641569632,0.01651950993736936,1.2788460259287509
-51.02767682030427,-15.741852460089465,0.015572882893389376,0.5633705459144436
-49.776772787167836,-17.5586951222212,0.012394189099565661,0.7771382152421481
-49.633042341708716,-13.718397282610244,0.007787076822493474,0.8719378468343709
-48.73697284579949,-16.500928875170462,0.025921065636977596,0.8920272142403473
-47.18288740427272,-15.643037778836318,0.02656132785873635,0.7766993494120132
-50.268600405223275,-14.163063348249407,0.008107017474590996,0.6066101821683344
-48.80434649210846,-14.53361840294871,0.029863872315880863,1.1685350681649636
-48.55281821255499,-14.490948426953032,0.02052124953697221,0.8742457376855044
-50.13609890081565,-17.59462773358598,0.01277676768257509,0.7125096081268915
-52.25612297133772,-18.04153958743544,0.013127323158810957,0.8482671204255997
-49.39948036783764,-17.165682185418905,0.02312102602858614,0.9393952593005981
-51.01420209104248,-17.59462773358598,0.02759949064479107,0.8931703627898254
-50.883946374845145,-15.721640366196777,0.015612718664215226,0.5516481279297474
-49.36803933289345,-14.169800712880303,0.01711379790584824,0.6978713433719794
-50.19224360607311,-16.649150897050184,0.01658001569701909,0.8220744106012496
-48.844770679893834,-18.08196377522082,0.018531691502474225,1.089576224925695
-51.054626278827854,-17.23530161993817,0.024165807325401724,0.7195640401578883
-47.946455395774315,-13.484835308739168,0.016752443376377466,1.4202170489080643
-49.64202549454991,-15.910286575861877,0.013321449262755344,0.8539262050164615
-48.48319877803573,-14.652645178094545,0.03094034539305305,1.3914093204402003
-50.28656671090567,-14.816587717446358,0.018230082674810865,0.681419407702793
-46.998732771028216,-15.485832604115402,0.028907094004694652,0.7626428104490198
-47.288439450156766,-14.210224900665681,0.039655500176433385,1.5239517447009707
-50.172031512180425,-14.129376525094925,0.008065648946279052,0.6970403309903225
-48.19798367532778,-15.553206250424367,0.017505612197477642,1.1127892663620436
-52.02705257388724,-17.882088624504224,0.013519300381353577,0.6781703611809302
-51.87883055200752,-16.07198332700339,0.014294595759417753,0.8731089951955194
-52.71875534265927,-16.828813953874086,0.02446680020145623,0.833330456881635
-48.84701646810413,-13.451148485584685,0.019932841922157985,0.7193104001928049
-52.75917953044465,-18.42107779497594,0.023338125547686002,0.5099092459122737
-47.46810250698067,-15.860879235235302,0.02822614158291109,0.8253603048165182
-48.43828301382975,-14.70205251872112,0.030375206889725996,1.305499637275018
-48.24963680416465,-15.775539283243948,0.0168379665645156,1.0514343464405003
-49.07608686555461,-16.123636455840263,0.02055694345526826,1.1353379488962785
-48.546080847924095,-17.021951739959785,0.02778450478716895,1.038411455724755
-49.24901255774762,-17.060130139534863,0.022685799982018327,0.887243689106192
-51.30615455838132,-17.23305583172787,0.02706395627206872,1.0497853920018827
-52.92761364621706,-17.489075687701934,0.016800333050659633,0.7852555182609245
-47.55568824718232,-16.52563254548375,0.015133837500672393,0.9239222132578324
-52.60871172035463,-17.44415992349596,0.021618094130001295,0.9379704187274545
-51.130983077978016,-14.985021833218768,0.012258037233524421,0.825900955518088
-50.365169298266125,-13.691447824086657,0.007615720545827218,0.6010264095790012
-47.292931026577364,-15.58240149715825,0.026801713783817516,0.7605275615771311
-51.82268584675005,-18.47273092381281,0.014837671850756028,1.2525796911253717
-51.714888012655706,-16.101178573737275,0.014098133967486515,0.6966901886509865
-49.03117110134863,-14.04628236131387,0.016746110126258595,0.8758239313218691
-51.12199992513682,-18.205482126787253,0.022999826845508452,0.8705825463614003
-50.96030317399531,-19.054390070280203,0.025617949736694512,0.6881742174780419
-50.0417757959831,-17.77878236683048,0.012365790799931314,0.7122010479960595
-51.80921111748825,-18.553579299383568,0.020851705312120668,0.9345806951773018
-50.221438852807,-16.608726709264804,0.016810927984742135,0.7722666784537108
-49.05812055987222,-18.095438504482612,0.018634370359217885,0.9302479242096258
-50.012580549249215,-15.065870208789526,0.019083876008534822,1.1210036309439542
-52.40209920500714,-16.78614397787841,0.023287641820301075,0.9464440578895825
-51.42742712173746,-15.519519427269884,0.015118322548362118,0.48105944285001495
-47.51750984760724,-14.219208053506877,0.01949067245237689,1.1961349813017699
-48.63815816454635,-17.9337417533411,0.01912405947075135,0.8768485728159684
-47.29742260299796,-14.32251431118062,0.0401889258798564,1.4507262043049576
-51.982136809681265,-16.058508597741596,0.014440008747100044,1.0772845290269795
-46.98974961818702,-14.106918642991936,0.03814204210711058,0.5816319197477026
-51.05238049061756,-15.674478813780501,0.015529578355982312,0.6334347878107267
-48.808838068529056,-17.042163833852474,0.024650159990285102,1.0260537486718866
-48.263111533426446,-18.010098552491257,0.01623607752858711,0.9100964055806465
-49.99910581998742,-13.062627125202992,0.011749811689555953,0.7088607296932593
-49.74757754043395,-16.57728567432062,0.01533738224546797,0.8323294813035435
-49.761052269695746,-16.328003182977454,0.01195106220981498,1.0943215979828305
-48.95032272577788,-13.001990843524926,0.019079105305036415,0.5905532679069548
-49.81270539853262,-13.871110880910562,0.007856216558698798,0.9687003629449703
-52.38188711111445,-17.295937901616238,0.0228059388794185,0.9792473896492228
-48.26535732163674,-13.81945775207369,0.013564041350515506,1.524956002068981
-50.670596494866764,-16.703049814097355,0.016691703436005182,0.9109410556276556
-49.033416889558936,-13.12326340688106,0.019506033891260575,0.6307658512162712
-50.23940515848939,-14.255140664871657,0.00821294245019075,0.5443410471123405
-49.76329805790604,-17.412718888551776,0.015147304561078361,0.7301022336058494
-48.40908776709587,-16.274104265930283,0.015543502346612168,1.6811607129727857
-50.54034077866943,-15.346593735076876,0.019945764956096335,1.0742643365501716
-49.749823328644254,-15.209600654248648,0.02022710892641536,1.2901250107868913
-48.395613037834075,-13.664498365563071,0.012560180540078458,1.043355526795828
-52.19324090144935,-18.021327493542753,0.013240645813309295,1.260716006816927
-48.32823939152511,-13.565683684309924,0.012574421155009587,0.7905203717194188
-49.177147335018056,-14.066494455206557,0.016956930156396776,0.7152963340985875
-48.422562496357656,-13.808228811022195,0.012920704329733907,1.1347972001919457
-49.909274291575464,-15.757572977561557,0.013522403743404826,1.2183628260547796
-50.83229324600828,-13.900306127644447,0.007354235444129284,0.8718080345199947
-52.59299120288254,-17.042163833852474,0.022889416015539937,0.804299728875871
-50.70428331802125,-14.62569571957096,0.017620496863668966,0.6000679908909533
-49.04240004240013,-15.18938856035596,0.027476136518051718,1.2458520318517705
-48.94583114935728,-17.976411729336775,0.018987882562102796,0.9901200854683291
-50.949074232943815,-17.98764067038827,0.024394999458282697,0.8579665942339635
-50.94009108010262,-16.864746565238868,0.01798240728907553,0.8845831686352197
-52.17527459576696,-18.53112141728058,0.024439106639400233,0.8431735534195112
-50.09342892481997,-14.174292289300901,0.008120818623410317,0.644446991182979
-50.26635461701298,-18.517646688018786,0.01839886103215475,0.7503861457846801
-47.23229474489929,-16.91639969407574,0.026915713463995856,0.8764903493353917
-47.38051676677902,-13.426444815271399,0.03922979491783458,1.4743612921758047
-51.74408325938959,-18.60074085179984,0.020150255349781793,0.7741988341429149
-47.683698175169354,-17.136486938685024,0.016401570824082983,0.8491063775959403
-51.39598608679327,-15.818209259239625,0.015563635415040347,0.677158262181186
-50.9760236914674,-19.13074686943036,0.02552726840749325,0.7414014827459771
-51.18712778323549,-18.189761609315163,0.023283111816405737,0.6911259943009712
-47.47708565982186,-14.818833505656658,0.03670578786623387,1.5707760953673355
-46.55182091717876,-13.34784222791094,0.03376555854762021,0.7816413666880596
-47.19411634532421,-14.12039337225373,0.03888470397257825,0.7286104293337307
-50.17427730039073,-18.598495063589542,0.019170901236367357,0.7785180017542329
-51.12424571334712,-16.63792195599869,0.02246385586444231,1.075601685942952
-51.29492561732983,-15.82719241208082,0.015572033828737302,0.7435372137037662
-48.75269336327158,-13.410724297799307,0.01970184916470461,0.6897859366636534
-50.9692863268365,-18.140354268688586,0.023221450047522168,0.8945967511311258
-50.198980970704014,-12.961566655739546,0.011693801582775677,0.6833734571655129
-50.43029715636479,-16.566056733269125,0.0178114827079081,0.743640539337043
-51.70815064802481,-16.208976407831617,0.013774550035634181,0.7050818554080055
-50.83453903421857,-18.333492054774286,0.02158737509583734,0.9146729464803824
-52.20896141892144,-17.9359875415514,0.013150994270594787,1.1522734399602317
-47.63878241096338,-17.40148994750028,0.017249580379149938,0.9345518407452343
-49.39498879141704,-16.4268178642306,0.024498964242636225,0.8870528050099278
-52.566041744358955,-16.41334313496881,0.026022901492327815,0.7650288828667439
-46.403598895299034,-14.367430075386597,0.01906878276643315,1.2153834041880949
-48.85150804452473,-13.55670053146873,0.01835255763983604,0.6773750663362411
-48.94358536114698,-13.334367498649147,0.019757964569785975,0.6582831523667555
-48.69430286980381,-17.745095543675998,0.019819366007761716,1.0294393136644346
-48.16878842859389,-15.90354921123098,0.01667168617297311,0.8708213896176992
-48.82006700958055,-14.605483625678271,0.029841066633693323,1.0819611675160188
-47.70391026906204,-14.72226461261381,0.02424978146805216,0.8863619051957667
-46.95381700682224,-15.908040787651577,0.02669587087467392,0.8105436917039062
-48.615700282443356,-16.36618158255253,0.02397822764088899,0.8042977468222811
-48.95032272577788,-12.999745055314627,0.01907655394608059,0.5966679731430592
-47.180641616062424,-14.785146682502175,0.038795022792511895,0.5463839297538057
-51.308400346591625,-16.667117202732573,0.025942261222227227,0.7955462400712244
-48.936847996516086,-15.274728512347314,0.02875349358342783,0.7189736344182508
-52.31226767659519,-16.65364247347078,0.024110750198535823,0.9529740298794557
-52.68506851950479,-16.864746565238868,0.024219662708959023,0.7827795754457996
-49.74757754043395,-17.003985434277393,0.014628735779390962,0.9926248265985692
-48.406841978885566,-14.261878029502554,0.015136498047644683,1.1144578831659884
-48.229424710271964,-18.165057939001876,0.016458770513185925,0.9804283412412328
-49.97215636146383,-12.997499267104327,0.01186713942403414,0.6882203092005188
-50.0462673724037,-15.76880191861305,0.013369454337472777,0.9377105444748807
-52.17752038397726,-16.63118459136779,0.024879757000150594,1.0974250734428737
-50.20571833533491,-17.902300718396916,0.012449904809326633,0.8035227024959233
-51.55543704972449,-17.02644331638038,0.028124744620653293,1.1226879230456508
-52.918630493375865,-18.257135255624124,0.02216803484692758,0.6061975941339333
-47.984633795349396,-15.634054625995123,0.017761023573859995,0.9449175837497675
-51.76654114149258,-16.375164735393728,0.013467935010227515,0.6907013444822722
-47.35132152004513,-15.497061545166895,0.028752694083245156,1.1668287101896304
-51.130983077978016,-17.83492707208795,0.025874589699841227,0.7345929027282948
-52.13485040798158,-18.672606074529405,0.02426744693921646,0.6780238642316577
-50.08444577197877,-17.81696076640556,0.012373443317821989,0.7577804331357552
-48.427054072778255,-16.570548309689723,0.02254717113737221,0.8774876076568723
-48.35968042646929,-17.208352161414584,0.02245591866323058,0.8187464525834759
-48.20472103995868,-15.362314252548968,0.028391563711220823,0.7147444211820385
-49.03566267776923,-16.054017021321,0.019916788870648128,0.9745544809738101
-49.11875684155029,-16.341477912239245,0.022710612684443864,0.9431195511660494
-46.54732934075816,-13.93174716258863,0.03662165450044037,0.734422394545151
-47.679206598748756,-15.741852460089465,0.01832814165929927,0.9048451242688703
-50.81881851674648,-18.048276952066338,0.02381547694300132,1.0664567867637074
-48.299044144791225,-17.001739646067094,0.021413790616038993,0.7936672204569648
-48.701040234434714,-16.121390667629964,0.021422995532141047,1.035293145171346
-50.54034077866943,-16.197747466780122,0.01606566872552156,1.0784591079673247
-47.544459306130825,-15.234304324561936,0.02337525993374358,0.9045112895336844
-47.86111544378296,-15.766556130402753,0.017727400742238643,1.0005184363343942
-48.23391628669256,-16.932120211547833,0.02071056964687449,0.929378539662462
-48.37764673215168,-17.361065759714904,0.02314899080079626,0.903486705535551
-48.62243764707425,-14.374167440017494,0.015804002647145477,1.42066311307483
-49.49380347267019,-14.347217981493909,0.01399827696443918,0.89818436109553
-51.00072736178068,-18.050522740276637,0.023967132890810983,0.885183765615649
-52.32798819406728,-16.646905108839885,0.024050022182914722,0.8548748730050151
-52.38413289932475,-16.718770331569445,0.023555036916241955,0.9356000286589418
-49.08731580660611,-14.39887111033078,0.016252208863616214,0.6992894896697401
-49.900291138734275,-14.358446922545403,0.0083669840631983,0.7045283790967963
-46.67309348053489,-14.403362686751379,0.03890297797526312,0.6426493425165597
-48.052007441658354,-14.937860280802493,0.02462395226207572,1.277050102368996
-46.4619893887668,-14.666119907356338,0.027317459578253173,0.9603903074668595
-47.6006040113883,-16.045033868479806,0.017825949495368643,0.8394955594868331
-49.46236243772601,-14.547093132210502,0.025975581372878285,1.1165654694028149
-50.05075894882429,-14.26861539413345,0.008234038347757194,0.7900562577315723
-51.08831310198234,-18.872481225246,0.02555413696832447,0.9005788019526076
-51.23428933565176,-16.496437298749864,0.02049569040696236,0.8386701978063841
-51.157932536501605,-16.6199556503163,0.02335575129395877,1.1086287294103303
-50.77390275254051,-15.647529355256916,0.015624968655049419,1.023372694869811
-50.52237447298704,-13.4241990270611,0.013960329700736919,0.8472298693231849
-50.53360341403854,-18.36044151329787,0.021259689523510848,1.048215502302685
-50.51788289656644,-14.650399389884248,0.018991260082695815,0.7430274448593789
-48.88070329125861,-16.47847099306747,0.02415845679768791,0.8101155469953422
-49.05138319524132,-17.003985434277393,0.022600408871188533,0.8237490310062113
-48.97502639609117,-16.795127130719603,0.024658451053287202,0.9967924753570759
-49.60384709497483,-16.70978717872825,0.01463418269755471,0.8144059533850285
-52.298792947333396,-16.22020534888311,0.014509822431078487,1.083752216081614
-50.35843193363523,-15.833929776711717,0.012974692021306388,0.8386564548657319
-50.472967132360466,-12.84253988059371,0.011589784089067164,0.5014458675857647
-47.55344245897202,-15.521765215480183,0.01933950950693621,0.8762516288225668
-52.48968494520879,-17.268988443092653,0.021888636339415412,1.3142937991409538
-48.577521882868275,-14.51340630905602,0.027662175195280587,0.969237802202017
-50.37415245110732,-14.255140664871657,0.008229094574955147,0.7114440959526999
-47.07508957017838,-15.60036780284064,0.02618973559489246,1.0134529787070972
-47.52424721223814,-16.13261960868146,0.017772453113886835,0.6637992044603559
-48.07895690018194,-17.354328395084007,0.020440347738770424,0.8562668128828713
-47.946455395774315,-17.23754740814847,0.01883239475814357,0.9587570921126778
-48.84701646810413,-15.613842532102433,0.018847026008736018,1.2652162368620654
-48.229424710271964,-17.94946227081319,0.016086609009482517,0.8411793924172223
-50.56729023719301,-19.099305834486177,0.02385997304584853,0.906339900872878
-49.92274902083726,-15.24553326561343,0.01992357944792867,1.0402019770049462
-46.75618764431594,-13.936238739009227,0.03684576870742102,0.8852634817901023
-50.89292952768634,-16.431309440651198,0.016067534401839945,1.0329908077402787
-46.38114101319604,-13.042415031310304,0.021476938121596123,0.8617225931773457
-49.305157263005086,-14.787392470712474,0.025863452738532494,0.7827119065657427
-51.483571826994925,-16.177535372887434,0.013982060850543276,0.9102095086784786
-47.85213229094176,-13.716151494399945,0.015805840345794502,1.3997416220330052
-52.38413289932475,-16.48520835769837,0.016055135772983373,0.7702087020118155
-47.9801422189288,-17.118520633002632,0.018755533339489688,1.0252916052643704
-49.48032874340839,-14.216962265296578,0.015982447775640722,0.7196655671385067
-49.633042341708716,-14.158571771828809,0.008238681302928713,0.6690106288689709
-47.52200142402784,-17.902300718396916,0.013658981217474412,0.8140306721698477
-51.41844396889626,-17.116274844792333,0.02730880745935801,1.0019406515523614
-48.10815214691583,-13.410724297799307,0.015867301458199135,1.67811233202874
-51.43865606278895,-18.42332358318624,0.0225466149575209,0.7493602077320182
-48.02954955955537,-17.251022137410263,0.019594843139326613,0.845692397547102
-52.30777610017459,-17.118520633002632,0.0232920149899076,0.8638180373936707
-48.57976767107858,-16.112407514788767,0.022228449137546995,0.9814613692052635
-48.58201345928887,-18.216711067838748,0.018271709435794186,0.9040544698052083
-48.79536333926726,-17.81920655461586,0.019535430972208105,0.8900452760177674
-47.207591074586006,-15.447654204540322,0.03126153403600782,0.9681998844993394
-49.691432835176485,-14.248403300240762,0.008312286916012017,0.6376474978122523
-50.45949240309867,-18.198744762156355,0.012593129502907549,1.0529237933437565
-47.35132152004513,-13.260256487709288,0.03292913371518717,1.5669213151992292
-48.76841388074367,-16.206730619621318,0.02178526436320938,0.9200226265081913
-48.00260010103178,-13.817211963863391,0.015062745592340518,1.2962507050009349
-49.43316719099212,-17.565432486852096,0.021800824466659267,1.035883595231374
-51.74408325938959,-17.88882598913512,0.014161991533051917,0.9481689453953098
-46.50915094118308,-15.045658114896836,0.021245734683936285,1.0082289167237943
-47.87683596125505,-17.242038984569067,0.018266500294304655,0.9824998824058967
-48.12387266438792,-17.109537480161435,0.020006187931338203,1.0302042301862906
-51.69692170697331,-16.58177725074122,0.027836310165004045,1.0793448089573652
-51.46111394489194,-16.276350054140583,0.01584836759769064,1.1399918949804846
-48.74146442222009,-17.367803124345798,0.02545085738710141,0.7374135293951066
-50.57178181361361,-17.448651499916558,0.030609923915379394,0.6390416926727257
-49.37253090931405,-17.938233329761697,0.020040522367878854,0.9899454341813415
-48.68307392875232,-16.543598851166138,0.02938677223034669,0.8456920647902461
-49.657746012022,-15.555452038634664,0.014478734222075237,0.8877530194505612
-47.23678632131989,-14.486456850532434,0.04091299075631139,0.6024151897004909
-52.30553031196429,-16.95906967007142,0.02347149490444373,1.0815111363080525
-50.012580549249215,-17.745095543675998,0.012374765931329208,0.6200702201984037
-50.387627180369115,-14.387642169279287,0.008394162562024457,0.5866218106856218
-46.98525804176642,-15.476849451274207,0.029576097039153582,0.7970895034974769
-48.09916899407463,-14.106918642991936,0.015618033379520826,1.099696077444418
-51.47683446236403,-15.672233025570202,0.014572984020944738,0.4923548715324974
-49.72062808191037,-16.46724205201598,0.011356673683665938,0.9901465685056937
-49.8441464334768,-17.87310547166303,0.011955236913160566,0.588704655453
-49.327615145108076,-14.055265514155064,0.01727304066091469,0.7215894065898064
-51.19161935965609,-17.89556335376602,0.025532647991971393,0.843691135320826
-46.511396729393375,-13.644286271670383,0.031012922895326835,0.6454619778106215
-48.56404715360648,-15.07709914984102,0.032066353572620984,1.4262724021161188
-48.04976165344806,-16.642413532419287,0.019057788003797767,1.363591031634301
-46.437285718453516,-14.327005887601219,0.019407894221813587,1.0335852860103942
-49.48706610803929,-18.183024244684265,0.01735795999290898,0.9167591592761783
-47.98238800713909,-16.11016172657847,0.01656748301018797,0.8912934601866463
-52.283072429861306,-18.021327493542753,0.01305563306965268,0.8707680182849948
-50.097920501240566,-16.420080499599706,0.011350346578507984,0.9281485717916124
-51.14221201902951,-16.03380492742831,0.01571960923141184,0.6983815502659213
-47.20309949816541,-15.315152700132693,0.03228253282497184,1.1587510212399557
-48.523622965821104,-16.157323278994745,0.02218141565952188,1.0337794718488047
-51.33310401690491,-15.297186394450302,0.013653590688047978,0.4414031502842148
-48.696548658014116,-14.1765380775112,0.015863956251393554,1.0865079523589705
-51.12424571334712,-17.868613895242433,0.025598715179430815,0.8075787224702585
-49.48482031982899,-15.968677069329646,0.019636728892482413,0.8104061812914017
-48.972780607880864,-14.448278450957355,0.016047150089820706,0.971542495142255
-49.93622375009905,-14.684086213038729,0.018599379817105514,0.9113674732027875
-52.84002790601541,-17.212843737835183,0.018240103642044984,1.1797102835287938
-48.90091538515131,-15.995626527853231,0.019643391692659114,1.0424446600522446
-48.9031611733616,-15.6767246019908,0.01855463452586054,1.1903311623277917
-49.96092742041234,-14.257386453081956,0.008235214596211557,0.7291280537704683
-51.58238650824808,-18.331246266563987,0.014864831027540836,0.8543021644919601
-52.125867255140385,-17.619331403899267,0.013286910201909457,0.7931689395480518
-50.52012868477674,-18.75345445010016,0.025997634426190193,0.8844999549021714
-49.36579354468316,-18.272855773096218,0.01873755111712893,0.8113697947163553
-49.653254435601404,-15.991134951432633,0.013055838970577252,0.8724369486410906
-47.6006040113883,-14.621204143150363,0.02514497774896193,1.0174184487321103
-49.50278662551138,-17.913529659448407,0.015545698171414669,0.8422565979533324
-49.540965025086464,-17.9337417533411,0.011546033341980769,0.7772489334356686
-47.346829943624535,-13.89356876301355,0.03860624890477661,1.1480633015624162
-48.46074089593274,-14.850274540600841,0.03029658626245415,1.4496847314099883
-52.79960371823003,-17.774290790409882,0.017385595711793798,1.0268959667640754
-46.26211423805021,-13.651023636301279,0.023515273336852677,1.1555092228871195
-47.888064902306546,-15.60261359105094,0.018094777936090822,1.1883141882657722
-50.91763319799963,-15.290449029819406,0.016182413223388994,0.9620085048409188
-49.94969847936085,-18.32001732551249,0.011591024183918061,0.7337620419743872
-51.62056490782316,-19.09032268164498,0.020226763725303496,0.966725923897072
-47.61183295243979,-16.31228266550536,0.017185399105654246,0.8993109071568567
-50.75818223506842,-16.763686095775423,0.01641329548730512,0.9111513620472539
-48.04976165344806,-13.44441112095379,0.01671355496239974,1.232646235331997
-49.57016027182035,-14.270861182343749,0.008397685199634816,0.6399560878643727
-50.69305437696975,-13.96992556216371,0.009952079489069085,0.6735098499490131
-47.95768433682581,-18.279593137727115,0.016387738890910036,0.7823034757825927
-48.84926225631443,-14.672857271987235,0.029436969155229455,0.8865326560737558
-48.9121443262028,-17.603610886427173,0.020514560004209082,0.9116010786367171
-50.446017673836884,-14.005858173528491,0.007953936006907874,0.5487853645224479
-51.51276707372881,-17.68670505020823,0.017434952049764193,0.765601143162267
-47.16042952216973,-14.805358776394865,0.0384327864087544,0.5884637912782748
-47.908276996199234,-13.523013708314247,0.014989289430301462,1.4622155811634296
-52.11463831408889,-18.405357277503846,0.013835574124788419,1.0589391078536456
-47.775775491791606,-18.180778456473966,0.015987267330589718,0.8701473818761175
-48.599979764971266,-17.996623823229463,0.01893283294121973,1.0097434491882766
-52.6603648491915,-17.04890119848337,0.021907911935776535,0.8356579981709488
-47.234540533109595,-15.881091329127992,0.027614408428844998,0.6604344260922059
-51.84065215243244,-17.23081004351757,0.026151327513245375,0.8699311801541567
-47.84090334989027,-14.407854263171975,0.01912886086786858,1.4483658822700969
-49.21307994638284,-18.15607478616068,0.018691916918440767,1.0281205782964427
-50.987252632518896,-18.275101561306517,0.02220206536486149,0.9265498026339166
-49.61956761244692,-14.347217981493909,0.00846046578280667,0.6789721083986536
-51.27695931164744,-18.239168949941735,0.023187936753619225,0.8174439177795558
-47.64551977559427,-17.477846746650442,0.017210015179240007,0.9064159395769366
-47.84539492631087,-15.128752278677892,0.023872415044879775,0.9890579176989304
-48.30128993300152,-17.72712923799361,0.0159847614395051,0.7901899960099957
-52.89841839948318,-18.187515821104864,0.021427977370608586,0.5145108397822095
-49.90702850336517,-13.882339821962056,0.00783763271891729,0.7448211487069202
-47.984633795349396,-15.532994156531677,0.018089318798521086,1.1717480374397125
-50.14957363007744,-17.224072678886674,0.015879482287910866,0.7653004947481231
-47.99137115998029,-16.35495264150104,0.015994515997686636,0.907745437005445
-52.54582965046626,-18.513155111598188,0.0313398665418219,0.6554717003087719
-48.31251887405302,-16.417834711389407,0.015364934178640434,0.8808814661770491
-47.44339883666738,-15.1130317612058,0.035926065464410455,0.5870210051995134
-50.82331009316708,-14.059757090575662,0.00829621540352929,0.819940161579564
-51.975399445050364,-18.780403908623747,0.022492666799188616,0.8045254430683343
-49.94071532651965,-17.185894279311597,0.01520085687545278,0.8656562329854411
-47.44564462487768,-13.68920203587636,0.03843532000595936,1.4042802446194547
-47.230048956689,-13.830686693125184,0.03780445831474816,1.2002234152811366
-50.58076496645481,-13.138983924353152,0.014407993524301816,0.6868906914350181
-47.888064902306546,-13.925009797957733,0.016226506681477768,0.6583057909492308
-47.93073487830222,-17.051146986693666,0.01818197125892178,0.9813243101812655
-48.3551888500487,-14.729001977244705,0.028835833021669022,1.3707939277340053
-48.93460220830578,-16.74571979009303,0.025416847708704247,0.9410331219902868
-50.949074232943815,-16.6154640738957,0.019829035725645153,1.0431222328534746
-48.49891929550782,-15.629563049574525,0.018800140544433595,0.9238801373100595
-52.44476918100282,-17.758570272937792,0.01259716991575413,1.0016297596234158
-49.04464583061043,-13.482589520528869,0.019885326877394825,0.6318240045680223
-48.99074691356326,-16.779406613247513,0.024722873535912522,1.0328877563208863
-51.10178783124413,-15.539731521162572,0.015446452453365232,0.6317337198650066
-48.128364240808516,-18.407603065714145,0.014506738775689535,1.0361688461341128
-49.92050323262696,-15.09506545552341,0.01934203061037192,1.0281693582663853
-49.38375985036555,-14.329251675811518,0.01688658958926052,0.8515903434362976
-48.07221953555104,-14.51116052084572,0.02403019174488129,1.1672724318093015
-47.91276857261983,-14.612220990309167,0.02510716328083201,1.1210452043624588
-49.439904555623016,-17.736112390834805,0.021096594428554636,0.9194493844020896
-49.52973608403497,-17.531745663697613,0.012623875118418008,0.9186484008961878
-50.778394328961106,-13.9901376560564,0.00971407479367046,0.5822672429307066
-47.582637705705906,-13.181653900348829,0.02196633626618669,0.7353930384975191
-52.37964132290415,-17.01521437532889,0.022984427780044288,0.8438732991639918
-50.61445178960929,-18.277347349516816,0.02206428722434981,1.151263632826442
-48.334976756156,-17.65077243884345,0.016002236670454084,0.835164807471194
-47.919505937250726,-14.522389461897214,0.025054508862987955,1.5959539585224158
-49.99236845535652,-13.06711870162359,0.011753951745495662,0.6898918632581501
-49.46236243772601,-16.59300619179271,0.026712561971664914,0.9335613027951247
-50.81881851674648,-18.441289888868628,0.020746824213825222,0.7384446367958498
-49.35007302721107,-16.662625626311975,0.025749726094650392,1.0031398339586461
-46.93585070113985,-14.484211062322135,0.040104397435704583,0.4784530450798155
-48.620191858863954,-17.560940910431498,0.02056776053845327,0.810746499805788
-48.97727218430146,-16.8041102835608,0.024555025940086433,0.9814169507238605
-51.943958410106184,-17.089325386268747,0.02547796724097784,0.9821883472315515
-48.57527609465798,-13.812720387442793,0.01737700207890171,0.9703096468530336
-49.26697886343001,-13.403986933168412,0.021099485829320214,1.1272671666831764
-49.15693524112537,-15.315152700132693,0.026835180480226203,1.1961985008218856
-50.90415846873784,-18.6838350155809,0.02626175585226711,0.9798102398891649
-46.49792200013158,-13.958696621112216,0.026702119550087472,0.8144081498685001
-47.57365455286471,-16.69182087304586,0.015489371889483445,0.810331917277785
-52.70303482518718,-16.622201438526595,0.02786365918496826,0.9780007372733716
-50.2326677938585,-13.147967077194346,0.011382261570850491,0.8076987335756937
-50.28207513448507,-13.972171350374008,0.007893663515134859,0.6654087521177551
-50.910895833368734,-16.44702995812329,0.01607350831064867,0.9564777240099449
-50.57627339003421,-16.157323278994745,0.016020263845957457,0.9387191642403611
-48.213704192799874,-13.547717378627533,0.01310080843892244,1.0095256157436148
-51.847389517063334,-15.934990246175163,0.014703748138734629,0.8054371950490083
-48.454003531301844,-17.051146986693666,0.022983164952908797,0.9093597431947383
-48.02281219492447,-16.658134049891377,0.018813603462629617,1.4170437501890065
-47.49954354192485,-16.622201438526595,0.02044744885543356,0.8805949511874069
-48.02730377134507,-17.473355170229844,0.019923846391636305,0.9494624976294875
-48.321502026894215,-15.786768224295441,0.016693021746887637,0.9721492613167143
-47.54895088255142,-13.954205044691617,0.018898275871412913,1.587141134467412
-48.786380186426065,-16.35719842971134,0.02313033142706241,0.7959265030316608
-49.35681039184196,-17.507041993384327,0.02202091650168175,0.7243404159490753
-49.610584459605725,-15.79125980071604,0.01374319361207421,0.99310963597588
-47.362550461096625,-15.719394577986478,0.027594737265043013,0.7120723632528443
-51.48581761520523,-18.807353367147332,0.02344574510534824,0.6902319787141935
-52.527863344783874,-17.675476109156737,0.015880046719222333,1.0193943198785544
-47.571408764654414,-13.32987592222855,0.0219299897623438,1.6854486138531763
-48.68082814054202,-13.9901376560564,0.016564108636256254,0.9781848940058864
-52.59523699109284,-16.63118459136779,0.02932241142381353,0.8178329111647288
-47.811708103156384,-16.74571979009303,0.017043964341273237,0.8830494148577478
-47.908276996199234,-18.371670454349363,0.01660408464721027,0.8007275897033193
-47.34458415541423,-14.88845294017592,0.03806364844877874,1.5775244320214112
-48.95930587861908,-13.63305733061889,0.01808927529089882,1.132432323838337
-48.112643723336426,-18.353704148666974,0.016733330812445605,0.9229310916575022
-47.04364853523419,-15.65651250809811,0.02636367080638575,1.0829789544099377
-52.21120720713174,-17.154453244367414,0.023837337006454688,0.7628374368280723
-46.31152157867678,-14.349463769704208,0.019285390158512297,1.320851732075904
-51.717133800866,-17.307166842667733,0.02701679835106923,0.7013298064745292
-50.9827610560983,-18.883710166297494,0.02575117897691045,0.7948370217679218
-46.62144035169802,-14.461753180219148,0.03912249068433761,0.6540271152215014
-47.9801422189288,-16.388639464655522,0.01594642363974218,0.9268261403491325
-48.42031670814736,-17.82369813103646,0.016289021423099202,0.9760550172616226
-51.18488199502519,-19.124009504799464,0.025270813397408172,0.6666672594140658
-47.288439450156766,-14.549338920420801,0.04273092825787451,0.5845934293662968
-49.6667291648632,-14.201241747824486,0.008270111349123544,0.6264133368983568
-50.58076496645481,-15.494815756956598,0.018223970035185545,0.7306742447856819
-46.464235176977105,-13.889077186592953,0.023135163294143776,0.8174214029564114
-49.15244366470477,-14.172046501090602,0.016681173204878847,0.9766692998378433
-52.72998428371076,-17.192631643942494,0.01959430009863348,0.8663747699565093
-51.398231875003574,-17.859630742401237,0.026379090989084416,0.8772051365198384
-51.25225564133415,-18.679343439160302,0.02557621995730793,0.9935498599216466
-49.6622375884426,-18.391882548242055,0.011088787080336265,0.8368768313779081
-50.58076496645481,-16.31677424192596,0.016126952704245204,1.0164002152069915
-50.4055934860515,-16.601989344633907,0.017600895980418238,0.8214675518650627
-50.755936446858115,-18.766929179361956,0.026621763403002926,1.0610353483230852
-51.99111996252246,-17.72263766157301,0.013568536557554035,0.8104170018525028
-50.56729023719301,-18.71976762694568,0.027518024388007437,0.9042646564250961
-48.24289943953376,-16.610972497475103,0.020791462171281055,0.9166215401882983
-49.15693524112537,-15.351085311497474,0.02701745377041625,0.8332852687217049
-53.0376572685217,-18.198744762156355,0.022141986374081445,0.5213227960332928
-50.0327926431419,-16.2449090191964,0.011880128596745485,0.9909087770754654
-47.99586273640089,-14.836799811339048,0.0243094871513567,1.0335195617739719
-51.62505648424375,-18.05950589311783,0.014529035201937282,1.0194423102903103
-50.066479466296386,-15.737360883668869,0.013462999001135631,0.9505280770471395
-49.30740305121539,-16.29880793624357,0.02290759939549284,0.9619858792409306
-49.94071532651965,-17.9314959651308,0.01200161947855605,0.6992586505674493
-50.376398239317616,-15.43417947527853,0.020067882662909476,0.6618861916218521
-50.15181941828774,-16.027067562797413,0.012437598624586129,1.2233710424982207
-48.492181930876924,-15.429687898857932,0.03238282787885764,1.0359713646116013
-50.46622976772957,-13.224323876344506,0.011118786029676326,0.6407268431244794
-50.980515267887995,-17.51827093443582,0.02811460668082288,0.8249826327359381
-48.06772795913045,-15.946219187226657,0.016769843576867092,0.9655807260208294
-50.291058287326265,-17.520516722646118,0.013509469382150918,0.5655594398124912
-51.61382754319226,-16.530124121904347,0.02788977328970681,0.9130804302950141
-51.40721502784477,-15.250024842034028,0.012995008212663783,0.6136892957974784
-46.73372976221296,-13.808228811022195,0.03625008399017955,0.7109466232749835
-49.50278662551138,-15.840667141342612,0.01678663349446054,0.9008426034577971
-48.89642380873071,-16.810847648191697,0.025094975657026015,0.8702315798708818
-51.05013470240726,-19.03866955280811,0.025458199269374093,0.7558781000751801
-51.548699685093595,-19.067864799541994,0.01956061892350932,0.8524337066036408
-51.20060251249728,-18.598495063589542,0.02576525509946908,0.901736764910575
-47.775775491791606,-17.66873874452584,0.015069789277879308,0.8653449812832847
-47.780267068212204,-16.6199556503163,0.016962045204452457,0.9491819002882163
-46.82356129062491,-14.21247068887598,0.03824170328193106,0.533214094661577
-49.8396548570562,-13.873356669120861,0.007849089667846748,1.078296811313886
-49.07159528913402,-13.181653900348829,0.019748165995141044,0.5501577737393775
-47.513018271186645,-14.234928570978969,0.02034761357118731,1.235266687025555
-48.85150804452473,-17.185894279311597,0.024051592653776176,0.9249925408096873
-49.835163280635605,-14.174292289300901,0.008173439686469636,0.7009033041674159
-52.303284523753995,-18.75794602652076,0.02627800631638874,0.9477822745695964
-52.238156665655325,-18.81184494356793,0.7124960817959413,0.9099475787990251
-51.04115154956607,-17.66873874452584,0.027040075630972955,0.9580635917556611
-49.30740305121539,-14.407854263171975,0.016641719171030984,1.2605569207253493
-50.31576195763955,-13.473606367687674,0.010930176628533366,0.6255992936528535
-52.25612297133772,-17.758570272937792,0.01299248696034585,1.1632361812079632
-51.232043547441464,-15.294940606240004,0.014087742661776802,0.4377262362987624
-50.488687649832556,-17.7406039672554,0.014834213151095236,1.0473455011892807
-51.41170660426537,-15.45214578096092,0.014907385485939112,0.5537406398638839
-48.25188259237495,-17.68670505020823,0.015869060517258237,0.6770403526403733
-49.03566267776923,-13.644286271670383,0.018105110928529806,1.1846055490700027
-50.194489394283416,-14.035053420262374,0.007959766432408758,0.6499542786979559
-53.084818820937976,-17.300429478036836,0.017315202999869574,0.8225707962848862
-49.985631090725626,-17.174665338260102,0.015320333242661946,0.7179705034655978
-48.28107783910883,-16.01583862174592,0.016223069062637128,0.9993115088966996
-49.75880648148545,-14.223699629927474,0.008256233589419749,0.6280523854182933
-50.72898698833453,-18.34247520761548,0.02149902968661088,0.8550967592627138
-52.04726466777993,-16.808601859981398,0.02514238176014987,0.9195112757219861
-50.001351608197716,-15.577909920737653,0.014071593797749046,0.8139333988841227
-47.92624330188163,-15.573418344317055,0.018074383972692794,1.1682528145225752
-50.268600405223275,-16.03380492742831,0.012342617351831994,0.8501252956622349
-47.39623728425111,-15.4880783923257,0.030051143474396084,1.2554375874449628
-47.34907573183483,-14.466244756639744,0.041038219295014715,1.5477153791156322
-52.2853182180716,-16.112407514788767,0.014738967262133718,0.7446455618055344
-47.551196670761726,-14.731247765455004,0.024361864535011612,1.033055510565999
-47.20534528637571,-17.04890119848337,0.024347670501947173,1.1501134194530251
-47.27945629731557,-15.851896082394108,0.02766897872912451,0.654958286200852
-51.247764064913554,-17.549711969380002,0.02834429444739748,0.7651983669010226
-49.6622375884426,-13.529751072945144,0.007564117006253841,0.5552469889989345
-48.164296852173294,-17.188140067521896,0.02058490519475809,0.9729532223316227
-48.43828301382975,-15.35782267612837,0.0314449153390293,0.8171805392531057
-50.20122675891431,-16.18651852572863,0.011911093153723526,1.0325401056224723
-49.359056180052264,-16.705295602307654,0.025392589248490388,0.8805904070972864
-46.35643734288276,-14.329251675811518,0.019419546726780795,0.9628843003673687
-47.87683596125505,-17.302675266247135,0.018513812764340155,0.6480562005650364
-50.64813861276377,-14.073231819837455,0.01002200822298504,0.5381787652033377
-50.311270381218954,-12.498934284417993,0.00869125320510893,0.6010675679874069
-50.4078392742618,-18.344720995825778,0.012398892453873486,0.8073370306598385
-49.77901857537814,-13.345596439700643,0.01211593076907294,0.5963890709393694
-51.3578076872182,-15.773293495033649,0.015537072502776273,0.7654806898878496
-48.725743904748,-16.16406064362564,0.02162170010109084,1.0320939668678035
-52.4717186395264,-17.713654508731814,0.012545482366882483,0.9703541605927867
-48.229424710271964,-16.211222196041916,0.01587369773827301,0.9020323723022888
-50.252879887751185,-17.89556335376602,0.01253543504884355,1.0473685176740906
-47.95768433682581,-18.26836419667562,0.01635804613718464,0.7681985468111244
-49.82168855137381,-18.198744762156355,0.011482979555449984,0.7163492768255262
-51.901288434110505,-17.078096445217255,0.025751092159891638,0.9770578362428517
-48.79311755105696,-17.129749574054127,0.02466988452450649,0.9273352602310023
-46.59449089317443,-13.201865994241519,0.031097449684875926,1.0568630305552302
-49.026679524928035,-15.811471894608728,0.018460821198227093,1.150989177054177
-51.479080250574334,-16.826568165663787,0.02832840665671376,1.094228782513696
-49.72511965833097,-14.51340630905602,0.016359727056959383,0.7142533863176167
-47.69043553980025,-17.109537480161435,0.016387003776254575,0.8919186974371413
-50.275337769854175,-13.48034373231857,0.010436050384165656,0.595139106331752
-49.17040997038716,-16.68732929662526,0.02522600764864646,1.0406210383163301
-50.61894336602989,-17.04890119848337,0.020212480159922684,0.9968329865823177
-47.04589432344449,-15.407230016754944,0.030768568426918393,1.2852163819153024
-51.40496923963447,-16.157323278994745,0.015784726744670734,0.8247357587601556
-50.42805136815449,-13.271485428760782,0.011113119188382417,0.537732772103024
-52.27408927702011,-17.736112390834805,0.012953080531881586,1.2020436869661506
-50.16978572397013,-18.021327493542753,0.012249375562548282,0.9934002116911035
-49.87109589200039,-15.070361785210123,0.019355745480311926,0.9726300622916151
-49.722873870120665,-16.932120211547833,0.014590570493613753,0.9319083198476502
-48.523622965821104,-13.758821470395622,0.01659150384461911,1.1566260443918195
-47.54221351792053,-13.599370507464407,0.017926527449884797,1.0723203949847169
-50.13834468902594,-13.6105994485159,0.007532457303900057,0.5343833818002875
-51.757557988651385,-17.57216985148299,0.014116246012582604,1.074727520947973
-50.19673518249371,-17.14097851510562,0.01601100444935147,0.7502132752387264
-52.597482779303135,-16.415588923179108,0.025827824833985547,0.867638534563464
-47.67471502232816,-18.299805231619803,0.0162303705919552,0.9423026935961066
-46.48669305908009,-14.704298306931419,0.029401913049405197,0.9566593762627473
-47.393991496040805,-16.29880793624357,0.029925560252715318,0.756463794320417
-47.9644217014567,-15.84515871776321,0.017257307232260575,0.8434090606046452
-50.284320922695365,-17.25326792562056,0.016386425443787052,0.6416907948557474
-48.593242400340365,-18.216711067838748,0.018256275993621625,0.891704739450573
-47.78925022105339,-15.97766022217084,0.01739214916951347,0.9172915175670893
-52.18201196039786,-18.769174967572255,0.024857700915805272,0.8605573321594348
-52.49866809804999,-16.67160877915317,0.025406684850151278,0.8991757007247695
-47.571408764654414,-17.639543497791955,0.014960538400753717,0.9227330835834966
-50.172031512180425,-13.646532059880682,0.007563903044126237,0.8158207368615161
-49.56566869539975,-16.995002281436197,0.014264223360592113,1.0122363576747304
-48.004845889242084,-13.821703540283988,0.015062421292093184,1.2562566965266668
-49.24002940490642,-17.87310547166303,0.01992160616818788,0.7063910376668502
-51.3465787461667,-16.57953146253092,0.027948182862591524,0.9368317539222802
-52.388624475745345,-16.82207658924319,0.023274470179049468,0.8933250735380894
-47.571408764654414,-14.086706549099247,0.01927030002632703,1.247681103892253
-47.39623728425111,-17.632806133161058,0.01917391115737066,0.6456363420439767
-49.273716228060906,-17.504796205174028,0.021715076429209612,0.9423654130259503
-51.79798217643676,-17.38576943002819,0.02652416928703254,0.7350999917357256
-51.366790840059394,-16.831059742084385,0.025928904526672802,0.8795378497206819
-47.908276996199234,-16.53910727474554,0.018041051815827196,0.8722605717694671
-52.55256701509716,-17.316149995508926,0.021934787684860346,1.3475376209803163
-46.92462176008836,-13.228815452765105,0.03216888866678131,0.8993604773938731
-52.283072429861306,-18.668114498108807,0.025997887894446983,0.6954674462668086
-52.42231129889983,-18.403111489293547,0.013298348372223295,1.0609604288764032
-49.92724059725786,-17.100554327320243,0.01510722360159967,0.7129662186734884
-46.848264960938195,-13.520767920103948,0.03525924285665627,1.1020705821371706
-49.10528211228849,-18.337983631194884,0.017756174175349113,0.7545993413449524
-51.21856881817967,-17.268988443092653,0.026621008352839592,0.6859294628206173
-49.123248417970885,-13.0469066077309,0.01969070475979515,0.6113813716705704
-46.43054835382262,-13.392757992116916,0.026354787798380252,0.9701594245298812
-50.9670405386262,-15.223075383510443,0.015401919653460683,0.9243023139994128
-47.919505937250726,-16.12812803226086,0.016676802473906537,0.8755176148598376
-51.19611093607668,-18.463747770971615,0.021317288538518896,1.2625547810814939
-51.06810100808965,-17.170173761839504,0.022873933797826613,0.7749970544259005
-49.54321081329676,-18.144845845109185,0.011211644455918244,0.8643593288363364
-52.63341539066791,-16.714278755148847,0.02736576704498687,0.8911433110959651
-51.355561899007895,-15.223075383510443,0.012951006298509423,0.6226362022942633
-51.43416448636835,-18.331246266563987,0.023145194390475,0.7267668046280639
-50.15855678291864,-14.196750171403888,0.00814313399546514,0.6430304452556538
-49.129985782601786,-16.545844639376437,0.026806076129486555,1.1526561911831856
-46.56754143465085,-14.969301315746677,0.03573266979470783,1.4384482143417534
-47.4097120135129,-14.097935490150741,0.03971809431195607,1.5524521454763187
-48.00933746566268,-16.289824783402373,0.01609817748545508,0.9002387444712984
-48.93909378472638,-14.971547103956976,0.028260519924975167,1.3850951054672427
-50.61894336602989,-17.967428576495582,0.024485729218424235,0.8507164557166423
-49.25574992237851,-18.243660526362333,0.018464309812235125,0.8911991512279848
-50.82780166958768,-16.224696925303707,0.0159406484598205,0.7768864430525907
-47.63878241096338,-15.344347946866577,0.024087384882371825,1.0447528632367595
-47.679206598748756,-14.926631339751,0.023336662249338138,0.9551793633923297
-51.97764523326067,-18.15382899795038,0.013809185855996298,0.5011071524355505
-50.6032228485578,-16.058508597741596,0.01594197965446458,0.792568862141595
-46.704534515479075,-14.605483625678271,0.041858334051110835,0.6367163936685699
-47.20309949816541,-14.017087114579985,0.038467274121780595,1.4222280378218406
-49.664483376652896,-17.870859683452732,0.011754451459540334,0.7728306622048224
-52.95456310474064,-17.25326792562056,0.017394892481986255,0.8093765547488783
-51.95743313936798,-16.000118104273827,0.014585888556418897,0.7916272745882318
-47.618570317070684,-16.29656214803327,0.01719531473525509,0.8765102868851918
-50.09567471303027,-16.721016119779744,0.01601609656363833,0.7516410733621813
-47.169412675010925,-14.318022734760024,0.03968763975677662,0.9738299718687234
-48.50116508371812,-17.471109382019545,0.02439913794815069,1.1394279887247218
-47.37602519035842,-15.764310342192454,0.02781619006134967,0.7768842908036152
-51.05238049061756,-15.214092230669246,0.014681059817016581,0.5773835520967007
-47.45687356592917,-13.83742405775608,0.03897414818084239,1.5119241594593165
-48.480952989825425,-18.28408471414771,0.016367399096350967,0.9453299142467341
-50.16753993575983,-18.144845845109185,0.0121172559818518,0.8148447738007486
-47.05263168807539,-15.506044698008091,0.027136554011907787,0.7810044264891793
-48.02281219492447,-17.228564255307273,0.019456383693336295,0.9513753636016063
-47.5916208585471,-16.10791593836817,0.01770992846127983,0.7765886376148002
-48.256374168795546,-15.609350955681837,0.017246161371443396,1.16210828547486
-49.803722245691425,-16.063000174162195,0.012651699490597476,0.7681881641391043
-50.666104918446166,-15.559943615055262,0.01564233655571428,0.683268057526803
-48.45849510772244,-17.850647589560044,0.01638776535929264,1.0884728047441368
-48.24739101595435,-17.03093489280098,0.02097770439890328,0.895267154253015
-51.842897940642736,-16.393131041076117,0.013528693260299759,1.1242636265823576
-52.06298518525202,-17.850647589560044,0.013429353688532767,0.6451678803076325
-50.54258656687973,-13.076101854464785,0.016749286113717572,0.46318768316026904
-49.69367862338678,-14.394379533910183,0.008481294884035075,0.6918280964541941
-48.9076527497822,-13.884585610172355,0.017090907790087102,1.294599256017242
-52.43578602816162,-18.64341082779552,0.02781324710408816,0.8324757822096572
-49.50054083730109,-18.279593137727115,0.015052594448926645,0.8928063193938077
-49.49155768445989,-17.450897288126857,0.020694854248819533,1.0307166653890623
-48.876211714838014,-14.556076285051697,0.02951816815098262,0.9973891110011883
-49.958681632202044,-17.489075687701934,0.014619842148126111,0.650045870616233
-51.05911785524845,-15.162439101832375,0.01434308567356295,0.5786814152558363
-49.60384709497483,-14.693069365879925,0.019302591206457328,1.1006653574498888
-48.76841388074367,-14.627941507781259,0.030228380753240785,1.048131287949613
-49.080578441975206,-18.391882548242055,0.015483039004965766,1.0880418700217291
-48.732481269378894,-15.54646888579347,0.019635762551629656,1.1110773025864622
-47.5893750703368,-14.315776946549725,0.02029794861063897,0.8044275665177804
-49.053628983451624,-16.608726709264804,0.02629470660583866,0.90566593693231
-49.34108987436987,-17.87310547166303,0.020206297410833275,1.1190395288108927
-48.96604324324997,-16.8041102835608,0.024628487506474155,0.9731108487006198
-47.65899450485607,-15.267991147716417,0.02366695554305918,1.1334248571572083
-46.61694877527742,-14.542601555789904,0.043315695133824904,0.5585708581234005
-50.322499322270446,-18.53336720549088,0.019705690789023986,0.7914637890389947
-51.83391478780154,-18.131371115847394,0.014103260400528898,0.8768504334667252
-51.61158175498196,-16.669362990942872,0.02819283416478361,1.084130947276987
-49.35681039184196,-16.20448483141102,0.022335268510901583,1.0564443010315534
-46.951571218611946,-15.755327189351258,0.02673305249420954,0.9296580879693807
-51.258993005965046,-15.54646888579347,0.01541979727571456,0.7496697395558972
-46.92462176008836,-13.170424959297335,0.031166029542802655,1.3480939932437452
-46.967291736084036,-13.21758651171361,0.032200242821242384,0.6835997527030289
-50.724495411913935,-18.91065962482108,0.02653671607040544,0.8244870460899388
-50.54258656687973,-18.517646688018786,0.02671031456631993,1.021723047567006
-50.39885612142061,-13.792508293550103,0.007718900694888874,0.6709159778774656
-50.5964854839269,-17.915775447658707,0.02491253520848576,0.8224452981545074
-48.11039793512612,-15.110785972995501,0.025720221922143457,0.9788787266088356
-47.75780918610921,-18.1178963865856,0.01579932775157489,0.998927191882296
-50.57178181361361,-17.421702041392972,0.029853987084241633,0.6249969473816082
-50.43029715636479,-15.604859379261239,0.01378252231398694,0.7280348378582641
-49.32087778047718,-16.042788080269506,0.020843140810608923,0.8905291970302446
-48.941339572936684,-14.967055527536377,0.02824100024352651,1.3912321722748295
-47.795987585684294,-15.315152700132693,0.024544787093238953,1.0773437139305555
-47.342338367203936,-13.282714369812275,0.03602968754046075,1.5363188560579408
-49.14795208828417,-16.065245962372494,0.020188169317771155,1.1767044612064768
-49.97664793788443,-14.293319064446736,0.008273938268389094,0.722001562962206
-50.2281762174379,-16.458258899174783,0.011144479029096727,0.8757552137588068
-48.78862597463636,-16.083212268054883,0.020607233576499677,1.0279540388425803
-50.02380949030071,-14.248403300240762,0.008214014335835459,0.7981003874251588
-51.917008951582595,-18.281838925937414,0.014071529601680441,0.7940798530158283
-49.67795810591469,-14.96480973932608,0.019462516218595686,1.1196296228132374
-50.65263018918437,-18.724259203366277,0.027116115216988982,0.9623067184102986
-50.59199390750631,-13.293943310863769,0.013440984948101642,0.7939009219780896
-52.70752640160778,-17.62606876853016,0.01603193794403982,0.8965304926009479
-50.086691560189074,-13.266993852340184,0.011551686361078844,0.6308471256120612
-51.250009853123856,-18.448027253499525,0.021587953997935068,0.9061688827306084
-49.72736544654126,-17.268988443092653,0.014806750792298798,0.788795352718238
-47.71963078653413,-15.669987237359903,0.01839454185782684,0.9198451316161033
-48.84926225631443,-16.507666239801356,0.026155659813244563,0.8400406243295495
-51.11077098408533,-15.618334108523031,0.01548482839967665,0.8187565196251545
-52.68282273129449,-17.83717286029825,0.017577174508311068,1.1077296447647014
-50.44826346204718,-16.48296256948807,0.010534767950874047,0.8908394033231538
-47.85213229094176,-16.303299512664168,0.016451243095246298,0.9282684415187067
-48.69205708159352,-18.26387262025502,0.018003663825757438,1.2073689137025616
-49.07608686555461,-15.652020931677514,0.018121607473752945,0.9660042043686863
-48.13734739364971,-16.042788080269506,0.016401371705978125,0.9792419157634331
-49.204096793541645,-18.412094642134743,0.017462655925227034,0.8347504225896255
-52.35269186438057,-18.187515821104864,0.013093481963371052,0.7940292761830753
-50.58301075466511,-13.9878918678461,0.010249888283103237,0.6300012256736877
-48.06548217092015,-15.699182484093788,0.017398116951441483,0.7376190477822732
-48.047515865237756,-16.777160825037214,0.01895586615403444,0.9491896563617184
-49.44215034383332,-13.720643070820541,0.018405672381470846,0.6651923050224418
-48.92337326725429,-14.488702638742733,0.019181769529748458,0.7055147097805214
-51.541962320462694,-19.016211670705122,0.0191987157833416,1.004475617973464
-50.21245569996581,-14.969301315746677,0.018569898758807653,0.8563420944481694
-52.83553632959481,-17.40598152392088,0.018231071464965026,0.7664359420867312
-48.86947435020712,-15.191634348566259,0.02917645301516476,1.0075909751507488
-46.24639372057812,-14.773917741450681,0.025420010278915495,0.8000589764014219
-48.30353572121182,-17.774290790409882,0.01602501589119632,0.8891875791137265
-48.62692922349485,-15.649775143467215,0.020390942351427438,0.968055652743958
-50.13160732439505,-13.098559736567774,0.011545833823711044,0.733493545536361
-51.29492561732983,-15.18714277214566,0.01296319420918029,0.4136124246972126
-48.06548217092015,-16.500928875170462,0.014847628453758891,1.1117555609761463
-50.681825435918256,-13.729626223661738,0.01021809259980105,0.5396954228933815
-50.214701488176104,-16.444784169912992,0.01118977975917,0.8831987838155319
-48.914390114413095,-15.56443519147586,0.018577777985171844,1.1992484706141144
-52.62218644961642,-17.037672257431876,0.022540756997077284,0.8345108645022203
-48.09467741765403,-17.473355170229844,0.020425835603164005,0.9102228747503474
-46.8370360198867,-13.74310095292353,0.03613055998938669,1.0487945461601338
-48.406841978885566,-14.057511302365363,0.013891038303702165,1.070648952580109
-50.74919908222722,-18.939854871554964,0.026402244338090575,0.80936916811938
-49.985631090725626,-13.523013708314247,0.007576376005805701,0.6744637887168192
-52.17527459576696,-18.15607478616068,0.013400591031893084,0.8445329819683131
-48.090185841233435,-15.404984228544645,0.027481139152653985,1.0621083667694415
-49.8486380098974,-18.19649897394606,0.011528529836264704,0.640566336470863
-49.327615145108076,-14.250649088451059,0.016889471482757375,0.8207185726390532
-48.37090936752079,-13.439919544533192,0.01353735894288369,0.7175257279164754
-49.79024751642963,-13.642040483460084,0.007642233451859228,0.5569860253840513
-47.70166448085174,-17.66649295631554,0.014977303007892772,0.9813536915574549
-52.539092285835366,-16.72999927262094,0.028187130197696773,0.8004341065734001
-50.14283626544654,-13.14347550077375,0.011493296404902523,0.6998409966221648
-50.477458708781064,-14.104672854781638,0.007952907864139422,0.6590396058731203
-50.09567471303027,-18.353704148666974,0.011825900130076877,0.7240436184845201
-50.85025955169067,-17.08034223342755,0.01999302814809881,0.6125580072876468
-49.33659829794927,-13.134492347932554,0.017390101115636287,0.5606393197412273
-47.400728860671705,-14.825570870287553,0.0392413127682547,0.7805343135576167
-51.795736388226466,-19.00049115323303,0.021162082386512588,0.9605933842363644
-50.59199390750631,-13.585895778202614,0.01071580886768851,0.5657811918083334
-50.74470750580662,-15.043412326686537,0.0168307288910057,0.7428917879182597
-51.61158175498196,-18.403111489293547,0.014878978000759251,0.8764704279095343
-47.70840184548264,-17.482338323071037,0.017241142589762174,0.9629374708340167
-51.506029709097916,-15.993380739642932,0.0127455441053484,0.7543090750909106
-46.650635598431904,-13.262502275919585,0.032125483751460474,0.6416530908035519
-47.95094697219491,-14.996250774270262,0.024093998137417343,1.014961098053094
-53.00621623357752,-16.90292496481395,0.01994596849561769,0.8153812116088096
-49.107527900498795,-13.224323876344506,0.019968984640576698,0.6040873440854135
-50.44377188562658,-16.247154807406698,0.011595023286654798,0.7978892714331364
-52.53460070941477,-18.032556434594245,0.019030507404637357,1.06388368583577
-50.724495411913935,-16.343723700449544,0.016071379716533586,0.9715945983055362
-49.27147043985061,-16.85800920060797,0.02381115784313945,0.8937462672258506
-48.696548658014116,-14.668365695566637,0.030786955863179293,0.7734141038001298
-48.49891929550782,-14.223699629927474,0.014075746265979872,1.3988798773969435
-47.54221351792053,-17.111783268371735,0.015398287122196697,0.8193459619504598
-49.010959007455945,-17.453143076337152,0.02325536745223805,0.7825366061091135
-52.92985943442736,-17.792257096092275,0.018184340085890236,0.8917895187397488
-50.311270381218954,-14.250649088451059,0.008214156015852021,0.6944184498215608
-49.92274902083726,-14.547093132210502,0.018751882232633642,0.8705696958831995
-50.75369065864782,-18.77591233220315,0.02661591479838397,1.0752353298641373
-52.31226767659519,-16.20223904320072,0.014573268596542479,0.9840928206048317
-53.100539338410066,-17.394752582869383,0.017776124337664848,0.8649719113444343
-52.32125082943638,-17.078096445217255,0.023245853567609553,0.8885886445845038
-50.461738191308974,-13.9901376560564,0.007932768328604432,0.5274906403793099
-49.257995710588816,-16.336986335818647,0.023056018065481545,0.983636004192518
-46.60122825780533,-14.050773937734466,0.037184059026082066,0.6777913297074444
-49.48706610803929,-16.716524543359146,0.02258736592777471,0.9835016337001873
-49.707153352648575,-18.26387262025502,0.011236959235400341,0.7686298523891644
-49.52749029582467,-13.859881939859068,0.00860881887297338,0.7111451293124665
-47.62081610528099,-16.678346143784065,0.015795152872910254,0.8630180341178718
-50.66385913023586,-17.06462171595546,0.02017593139222767,0.8310547139412746
-48.93909378472638,-16.19999325499042,0.021256918455108798,0.8821222175328954
-50.322499322270446,-18.64790240421612,0.019693693836618415,0.7917076108901643
-49.81270539853262,-18.463747770971615,0.011334755347985278,0.7761635042366309
-51.57115756719658,-17.156699032577713,0.027985287027094494,1.1815842301760606
-48.66510762306993,-16.047279656690105,0.021165326850968478,0.9890132150815546
-50.37864402752792,-15.485832604115402,0.018770784084636255,1.2034026489677314
-52.14607934903307,-17.316149995508926,0.024235263538359208,0.9187972785122182
-47.126742699015246,-14.140605466146418,0.03872901974049283,0.6102186140288045
-49.94969847936085,-16.543598851166138,0.01603012784545153,0.8939343430819527
-48.036286924186264,-15.532994156531677,0.017973420169586262,1.226692752061851
-51.03665997314547,-17.057884351324564,0.020613500744105773,0.762167612346683
-48.23616207490286,-16.433555228861497,0.01541729877188891,0.9819151200127777
-47.42992410740559,-14.672857271987235,0.04155786225968572,1.5364580755607975
-49.17040997038716,-13.017711360997016,0.019832781164260082,0.5600167108545534
-52.554812803307456,-17.767553425778985,0.016869218125092227,0.9873924599566982
-48.593242400340365,-16.004609680694426,0.021503411626581623,0.932140892490874
-51.061363643458755,-15.272482724137015,0.014974575688611921,0.653590719233072
-50.42805136815449,-15.634054625995123,0.01367511546528248,0.6827616972698743
-51.3578076872182,-19.099305834486177,0.02521831747181501,0.6610428824145648
-52.75468795402405,-17.307166842667733,0.018713966862067482,1.1511488103310465
-49.54770238971736,-16.76593188398572,0.014406112703981802,0.9276780162336312
-50.48195028520166,-13.01321978457642,0.011734402334636632,0.6066598034714142
-49.54321081329676,-16.4245720760203,0.012006123379859627,1.0720150814467095
-50.446017673836884,-13.231061240975404,0.011120179388800198,0.5439202182598115
-52.11239252587859,-17.426193617813567,0.024514321589571387,1.1229511379974182
-48.88968644409981,-13.363562745383032,0.019726698313704417,0.6237374805977899
-51.46560552131254,-17.79674867251287,0.026851667623728866,0.8257451014812537
-48.78862597463636,-13.817211963863391,0.017275319157706283,1.1166064137347669
-48.732481269378894,-16.054017021321,0.02071871807801569,1.0095260748976946
-51.41170660426537,-19.121763716589165,0.025231834716258835,0.7084338997224239
-51.03665997314547,-14.9243855515407,0.013646378781436314,0.5555960103725269
-47.41420358993349,-16.590760403582415,0.029205106540143775,0.9018692834422474
-51.1556867482913,-16.590760403582415,0.023732128677622793,0.9122303932472504
-51.56891177898628,-17.9337417533411,0.01459385786442037,0.8855177560828399
-46.232918991316325,-14.715527247982912,0.025847276957954867,0.7561014713586524
-49.26473307521971,-15.166930678252971,0.025391510073055564,1.11095304289291
-48.689811293383215,-13.112034465829566,0.018789065733048366,0.857307740238276
-49.32536935689778,-14.13835967793612,0.01708863094548415,0.7388162370579635
-49.1030363240782,-14.560567861472295,0.02784064361041244,0.8415447552235954
-50.73347856475513,-15.092819667313112,0.017068424799940606,0.717453448463964
-49.88232483305188,-14.13611388972582,0.008116528921708813,0.862131501837215
-48.770659668953975,-18.337983631194884,0.017871023573630348,1.1629352712956795
-51.37352820469029,-16.40660577033791,0.015967101760809715,1.0241629449065857
-50.90865004515843,-19.03866955280811,0.025760083483682684,1.1443944416500447
-46.16554534500736,-14.895190304806816,0.023844721328799872,0.7792066846175887
-47.86336123199326,-15.196125924986855,0.024251928947660588,1.0761528731195562
-51.901288434110505,-18.185270032894564,0.014003617004874474,0.7405696205788428
-51.47009709773314,-19.031932188177212,0.024879740156609712,1.0362814544359338
-47.7825128564225,-16.808601859981398,0.01679288454452727,1.0308554343972396
-50.50216237909435,-18.3042968080404,0.016100139020750935,1.1737560140307985
-47.31763469689065,-14.81434192923606,0.038941742367660126,0.7912144763853403
-49.6555002238117,-13.64877784809098,0.007710739410495246,0.8444885007770865
-49.91152007978577,-14.201241747824486,0.00818203186438876,1.1528728029116764
-50.35394035721463,-12.570799507147555,0.01163027346314932,0.6370321947324403
-49.50278662551138,-15.557697826844963,0.017043461918968456,0.9970391651333107
-52.71426376623867,-17.057884351324564,0.02114204261895693,0.7571047471335484
-49.72736544654126,-17.19712322036309,0.014706988082060056,0.7865942169730128
-46.479955694449195,-13.34784222791094,0.025056320618796184,0.9307314151843223
-50.51339132014584,-13.264748064129884,0.013862071620827894,0.6708660027833888
-51.01420209104248,-16.772669248616616,0.019184350613576158,0.9599142239323385
-50.33148247511164,-17.729375026203908,0.01287683520319328,0.7100524208529487
-50.62343494245049,-13.907043492275342,0.010194545854790316,0.6906259435239127
-51.12649150155742,-16.52114096906315,0.023091605370117917,0.8202631641997481
-50.118132595133254,-15.705919848724685,0.013538021502152746,1.0480358983515146
-49.04689161882072,-14.850274540600841,0.027451316434008905,0.7447493078759654
-46.549575128968456,-13.978908715004904,0.036829028095951885,0.7173694090531523
-48.30128993300152,-17.23530161993817,0.021991127182906127,0.7749961082340578
-46.039781205230625,-14.486456850532434,0.019883699768618875,0.8389673829549514
-51.3533161107976,-16.20223904320072,0.015815046749886475,0.9389213251173993
-47.33784679078334,-17.601365098216874,0.019814594582062844,0.7140544968744877
-46.68432242158639,-14.688577789459327,0.04059442606093405,0.5855002971772422
-47.61183295243979,-18.072980622379625,0.015640142789209093,0.9395480021331242
-48.07895690018194,-13.731872011872037,0.014321868268932326,1.2462965504148469
-50.0327926431419,-13.698185188717554,0.007626629905096874,0.7870381564693565
-50.47521292057077,-18.00785276428096,0.012756041865038852,0.7865434547492468
-48.433791437409155,-15.802488741767533,0.016499631940190097,0.9390700626836287
-46.163299556797064,-13.372545898224228,0.022755234309815207,1.3197396535205879
-51.216323029969374,-18.15158320974008,0.023649973714830068,0.7402826128913156
-48.3394683325766,-14.764934588609487,0.028442984931821014,1.2256589026644114
-50.987252632518896,-19.276723103099783,0.025477879594527856,0.5896017320420898
-50.47970449699136,-15.261253783085522,0.01886261768620654,0.5865237931892154
-51.01420209104248,-15.24328747740313,0.01514178233239594,0.5073816463882282
-47.58039191749561,-15.209600654248648,0.023261334418135195,0.8784119831673735
-49.22880046385493,-16.655888261681078,0.025575064144299168,0.9015201938615922
-48.29679835658093,-18.1178963865856,0.01647575140607774,1.131161484710568
-50.237159370279095,-14.259632241292255,0.0082181368220474,0.540824463052393
-50.18550624144222,-14.70205251872112,0.018260829868235372,0.6824363765726091
-51.61607333140256,-17.70691714410092,0.014427424159339872,0.8089975583545627
-48.844770679893834,-17.913529659448407,0.019176884552846524,0.8843792364017043
-49.14795208828417,-17.14097851510562,0.022369754402143376,0.8448684842622232
-49.18613048785925,-17.751832908306895,0.020309996512210295,0.9180270550632549
-49.475837166987795,-16.420080499599706,0.023520000094061324,0.9455915919541568
-47.618570317070684,-17.448651499916558,0.017443588818450415,0.8900964473231175
-51.07932994914115,-16.601989344633907,0.022142721577612177,0.8696906981889202
-48.004845889242084,-17.379032065397293,0.019923328664287265,0.8678671558993517
-50.697545953390346,-17.251022137410263,0.024250676690278052,0.9058902795671715
-48.229424710271964,-15.535239944741976,0.01753284898664713,1.3186788908959408
-47.62081610528099,-16.58177725074122,0.015979583455109216,0.870354899953364
-50.10690365408176,-14.81434192923606,0.018426189990876363,0.9589852860225242
-48.08120268839224,-15.027691809214446,0.02504967620180291,1.1203373600915827
-50.81881851674648,-15.047903903107136,0.016069811030833873,0.6163297422231795
-47.49954354192485,-15.858633447025003,0.02181326799408495,0.8072248321963199
-49.637533918129314,-13.96992556216371,0.008033850236860875,0.6694298090410955
-49.02892531313834,-18.08196377522082,0.01865012241305878,1.0002639285280488
-51.07932994914115,-18.26387262025502,0.022459601921134036,0.9918262208749599
-53.105030914830664,-17.304921054457434,0.017365359967336503,0.8895587246139534
-49.71164492906917,-17.49581305233283,0.013819478465866201,0.8471207358980076
-48.00709167745238,-18.38289939540086,0.0167072220130624,0.930524388909506
-51.55543704972449,-15.76880191861305,0.015311307848085876,0.7627050300024241
-48.08569426481284,-15.162439101832375,0.025766053071353545,0.979417229457875
-48.330485179735405,-13.808228811022195,0.013245590864525309,1.5613772629370606
-50.11139523050236,-14.118147584043431,0.00805570723795753,0.6751970951426868
-48.299044144791225,-14.246157512030463,0.015339025797900363,0.9891553701736716
-48.68307392875232,-14.452770027377952,0.015829226262414103,1.487171962645659
-46.688813998006985,-14.385396381068988,0.038838483717227465,0.6689693363908441
-47.373779402148116,-15.52625679190078,0.027042003881351397,1.1322430925218014
-50.778394328961106,-16.26062953666849,0.015986803575475668,0.9859148118638665
-51.00072736178068,-17.03093489280098,0.01996013399011567,0.7020429791510748
-50.26186304059238,-13.12326340688106,0.011375368143057564,0.7107328128743134
-47.62306189349128,-14.81434192923606,0.023774227910181238,0.9446740429028068
-49.0985447476576,-16.741228213672432,0.024720297181345684,0.7915195106502648
-47.98687958355969,-13.639794695249785,0.014676083236177629,1.125997824562776
-50.02380949030071,-16.319020030136258,0.011683774091290117,0.8820113226231903
-51.66997224844973,-17.183648491101298,0.0272961059570668,1.1627578067550306
-47.98687958355969,-14.740230918296199,0.024480382240831402,1.0185716895702344
-48.97727218430146,-16.417834711389407,0.023384049989149894,0.9031652732914228
-52.15506250187427,-15.961939704698748,0.014944145875443638,0.6119947918014348
-49.0962989594473,-13.089576583726577,0.019658794396856003,0.5969914394347131
-50.00808897282862,-17.044409622062773,0.01533789329220768,0.7188382220351027
-48.330485179735405,-17.852893377770343,0.016150240740457348,0.8324724811650922
-51.63179384887465,-17.304921054457434,0.027604426665583656,0.7139753960175429
-51.348824534377,-16.770423460406317,0.02589378093330142,0.8251224570008621
-51.10852519587503,-17.98764067038827,0.024642690895337525,0.8234886122837298
-49.64427128276021,-13.210849147082714,0.012244916590095732,0.513196978834177
-49.37926827394495,-15.292694818029705,0.025147021215950284,1.0169501456986592
-49.95643584399174,-17.857384954190938,0.01212987917329406,0.5880663952852249
-48.03853271239657,-17.23305583172787,0.01960902981189463,0.9856245673121456
-49.16816418217686,-13.271485428760782,0.02031183534400796,0.5753413988005759
-50.906404256948136,-18.308788384461,0.02183605228682126,0.9404596992459981
-50.001351608197716,-16.72775348441064,0.015647006242508744,0.7737948682740918
-48.7212523283274,-14.713281459772613,0.030489854740050257,1.1777588753699784
-52.63790696708851,-16.85576341239767,0.02489564480189197,0.7792681200426012
-47.60734137601919,-13.33212171043885,0.0214705046724091,1.700492521109992
-51.62505648424375,-15.404984228544645,0.01569829168253683,0.49286212251262934
-47.68594396337965,-15.539731521162572,0.018856382363680143,0.8507423842848425
-47.721876574744435,-13.597124719254108,0.01649701320477449,1.0551064765390974
-50.268600405223275,-16.79063555429901,0.016572952404683063,0.7425733895968171
-51.08831310198234,-15.137735431519088,0.013990178168832081,0.533368790285692
-48.54383505971379,-15.782276647874845,0.02121829683336999,1.0427897979225533
-49.61507603602632,-16.570548309689723,0.015041651456151797,0.8986153125794712
-49.177147335018056,-13.112034465829566,0.02000398970927194,0.6207290061608962
-47.582637705705906,-14.782900894291876,0.023987768512406055,1.0314368061290702
-50.66835070665646,-15.447654204540322,0.019227055710114873,0.7118561035577208
-48.57527609465798,-14.83230823491845,0.03178023534551202,1.1662306599151582
-48.97053481967057,-16.97029861112291,0.02325966742573026,0.7580791135962585
-49.19511364070045,-13.489326885159766,0.019856081207956323,0.5753532913422448
-47.614078740650086,-18.124633751216496,0.015798313922036462,0.8684771948466153
-47.76679233895041,-13.880094033751757,0.016944145550092653,0.7079601051534189
-50.102412077661164,-18.400865701083248,0.01181143083759674,0.632843706052551
-52.95231731653035,-17.100554327320243,0.01870268280555461,0.8169326707749983
-52.68282273129449,-18.571545605065957,0.0329219511183844,0.6887655608918944
-49.00871321924565,-15.661004084518709,0.01816012517541073,1.0205949832562626
-48.352943061838396,-14.962563951115781,0.0284771717360327,1.202996432784382
-49.63977970633961,-15.130998066888191,0.020249637760435788,0.9261708386864659
-48.577521882868275,-17.60810246284777,0.020386559107179125,0.765398747431218
-47.25699841521258,-14.302302217287933,0.039939029920798785,0.707198690890611
-50.895175315896644,-17.27572580772355,0.024420594312594412,0.9445534508425988
-48.763922304323074,-15.609350955681837,0.019359350768345118,1.2260114582404886
-49.69817019980738,-16.155077490784446,0.012509869074139266,1.003687590698907
-48.876211714838014,-15.425196322437333,0.030003944161282808,0.9146872977426214
-49.091807383026705,-13.927255586168032,0.017188510166202833,0.6821017840075321
-47.892556478727144,-17.940479117971993,0.01551714309588513,0.8584091507259025
-49.19960521712105,-16.07198332700339,0.020430675840424628,1.2891195077744717
-52.426802875320426,-16.46724205201598,0.014412921476843116,0.7025801297796926
-46.85275653735879,-14.785146682502175,0.03850001058203505,0.44135119470377043
-47.9801422189288,-15.018708656373251,0.024306866678571494,1.2441986239999843
-49.55893133076886,-15.995626527853231,0.01317117818115288,0.9366300586027391
-48.433791437409155,-16.496437298749864,0.015599324210758667,0.8708401456039446
-52.51438861552208,-16.85576341239767,0.0250435249367439,0.9249676669490864
-47.506280906555745,-13.325384345807953,0.026802484879591363,1.3907471195609091
-48.54832663613439,-17.637297709581656,0.020283071018942868,0.7812325714274415
-49.514015566562875,-13.848652998807573,0.010534698335200562,0.7180870052920797
-48.786380186426065,-13.511784767262753,0.018727530943277605,0.665077829098392
-49.17040997038716,-16.19999325499042,0.021468809284792188,0.9688816739445452
-52.45150654563371,-17.134241150474725,0.022458352453073687,0.73613360822208
-49.92948638546816,-15.20735486603835,0.01974955217701919,0.9646798388107628
-51.061363643458755,-15.955202340067851,0.015687505690531584,0.9025520669430668
-49.74757754043395,-14.255140664871657,0.00829645212183802,0.6601170861122269
-50.809835363905286,-17.545220392959404,0.027857100410256092,0.8506551136941988
-48.07671111197164,-14.163063348249407,0.016065373669955745,1.2349688787721447
-52.54133807404567,-16.473979416646877,0.02565060683591844,0.7727816503686603
-48.89642380873071,-17.017460163539187,0.023801012075345872,0.8080976057276402
-48.42929986098856,-13.359071168962435,0.012301393857891063,0.8697056350271426
-51.975399445050364,-17.410473100341477,0.025375353105569355,1.1904770700334488
-49.455625073095106,-14.45726160379855,0.016878987079356672,1.0855846240999494
-47.86111544378296,-16.166306431835938,0.016739161962718276,0.9537443030139822
-48.427054072778255,-14.259632241292255,0.015085264369604556,1.0172146904354953
-50.2326677938585,-15.856387658814704,0.012950992632279987,0.9807294164520824
-48.38438409678258,-18.358195725087572,0.01614381206142006,1.0886087209167583
-48.12162687617762,-17.7428497554657,0.01566942347434628,0.8688419464675806
-49.54770238971736,-17.38352364181789,0.014777454477216845,1.0260257904200791
-47.865607020203555,-15.584647285368549,0.018205194160683332,1.0985612857631675
-48.968289031460266,-13.078347642675084,0.01923388049535526,0.8020543116810641
-47.843149138100564,-14.580779955364983,0.025362763059676715,1.291405917271135
-48.24289943953376,-17.882088624504224,0.016022670619774058,0.7946995942003804
-52.14383356082278,-16.206730619621318,0.014284162844322863,0.6362456744024464
-49.44888770846421,-17.565432486852096,0.02185207623998505,0.991640688569755
-49.48706610803929,-13.87560245733116,0.015557473067964836,0.6579113305991896
-51.869847399166325,-17.77653657862018,0.013844754169848969,0.8830152113918178
-48.43154564919885,-14.704298306931419,0.0302479288774311,1.3124133583001616
-49.83067170421501,-14.72226461261381,0.018755344756079723,0.6496216027623157
-50.964794750415905,-18.989262212181536,0.025670592425911302,0.9234698960939048
-47.80946231494609,-17.852893377770343,0.015241041669806095,0.8959498308361873
-46.565295646440546,-13.154704441825244,0.030334603000172097,0.9540071307301988
-49.41969246173033,-15.593630438209745,0.020090139882058402,0.9775124502326041
-52.404344993217435,-17.042163833852474,0.022813891243284028,0.786104266354917
-52.01133205641515,-18.894939107348986,0.023081360423450055,0.6749366840058554
-50.937845291892316,-17.300429478036836,0.025142121715621475,0.9140027624184307
-49.86885010379009,-13.765558835026518,0.007731724183643249,0.5970493871723376
-52.43803181637192,-16.249400595616994,0.014703935096061261,0.9949675854107626
-51.265730370595946,-16.91415390586544,0.023478806923829885,0.8627516474331252
-46.71800924474087,-14.731247765455004,0.03975732436945288,0.9951962326383496
-51.48581761520523,-17.507041993384327,0.02427382541432887,0.672747066318856
-47.99810852461118,-17.57216985148299,0.015410825613181469,0.9801010553525135
-49.58363500108214,-14.540355767579605,0.019629234790655033,0.8360449298588049
-50.45949240309867,-13.233307029185701,0.011110336700624387,0.6042535514372341
-49.963173208622635,-16.835551318504983,0.015285907954973782,0.6981050381239351
-49.138968935442975,-13.015465572786718,0.01970729970165691,0.6191515664965365
-47.63204504633248,-14.648153601673949,0.0248677954221082,0.9850994128768876
-51.64976015455704,-17.529499875487314,0.013661159103855501,0.7609811311234719
-47.48157723624246,-16.57503988611032,0.026322716332243947,0.8442923610023615
-50.070971042716984,-17.5542035458006,0.012751154808997184,0.710929759856647
-49.893553774103374,-16.67385456736347,0.015442928891651855,0.7808660820591246
-49.707153352648575,-15.818209259239625,0.013535110448078804,1.3413150912426735
-46.67084769232459,-14.551584708631099,0.04289378137878598,0.49210371822971827
-51.64751436634674,-16.554827792217633,0.028232172243299356,0.9318557254930634
-49.80821382211202,-13.31190961654616,0.012029373755501917,0.5687058360624271
-50.585256542875406,-16.420080499599706,0.01620088308358821,1.1948392474414218
-50.14508205365684,-14.279844335184944,0.008240576476604975,0.5712555761370464
-52.87820630559049,-17.76306184935839,0.017659971691569624,0.8928519312821283
-50.18775202965252,-16.213467984252215,0.01184122563690958,0.9951210796648854
-48.97053481967057,-13.233307029185701,0.019557371881025576,0.6161745068632378
-48.507902448349014,-16.79063555429901,0.026910764695542044,0.8173330470574808
-49.73185702296186,-17.599119310006575,0.012279201089673852,0.6874458865891456
-47.52200142402784,-14.313531158339426,0.019483839033065765,0.9810321112692244
-50.17652308860102,-16.08994963268578,0.012222417737106733,1.2180733523546048
-47.2255573802684,-15.613842532102433,0.02660520313232373,0.6852352826090683
-50.54258656687973,-18.92413435408287,0.027137186304627685,0.9250341475453475
-48.05649901807895,-14.484211062322135,0.01985192183335525,1.1726394140307004
-49.455625073095106,-13.487081096949467,0.020737126734287868,0.6301914662970701
-51.847389517063334,-18.730996567997174,0.02109555414236841,1.0629958475600814
-48.979517972511765,-15.964185492909047,0.019291433281994258,1.1739692861715432
-49.41969246173033,-15.860879235235302,0.0205229489391944,0.7896842571231413
-51.22979775923116,-15.196125924986855,0.013381297665809321,0.39897312635976223
-48.01832061850387,-14.553830496841398,0.025896839058913962,1.7041913112111586
-50.457246614888376,-15.418458957806438,0.019949399817572832,1.0029121675717076
-50.558307084351824,-14.181029653931796,0.010233399772653728,0.5990896586838811
-47.76230076252981,-17.475600958440143,0.01797901728503859,0.9262188449317049
-49.73634859938246,-13.165933382876737,0.01208142935554339,0.5596251443164774
-51.943958410106184,-16.177535372887434,0.014077003088489439,0.758633306790902
-50.62118915424019,-16.983773340384705,0.018957031907576784,0.8536625372759189
-51.285942464488635,-15.407230016754944,0.014806607499569904,0.44368493172410844
-50.93110792726142,-17.886580200924822,0.02517688094437353,0.8160809212713714
-46.95830858324284,-14.751459859347692,0.038942651517195156,0.4911667505330615
-53.10727670304097,-17.774290790409882,0.01936898667897711,0.9049779687738774
-49.77003542253694,-14.203487536034785,0.008229067634214294,0.6376686247346648
-52.68956009592539,-17.298183689826537,0.019727028677088084,1.1822134552231451
-51.917008951582595,-15.90130342302068,0.014865797100646545,0.7287230748080926
-51.17140726576339,-18.62544452211313,0.025764351198997334,0.8469727752555033
-51.50827549730822,-18.820828096409127,0.02031283167969785,0.8503813161603263
-49.909274291575464,-13.01321978457642,0.011599679609366352,0.5546402261250305
-50.61445178960929,-18.890447530928387,0.027043855273109024,0.8605136655580635
-48.45175774309154,-18.016835917122155,0.016582399641690903,0.9412165047340711
-46.99199540639732,-13.300680675494666,0.03378546795392751,0.9278352992064437
-48.44726616667094,-16.84453447134618,0.022668055492105318,0.8323990056820169
-48.66286183485963,-15.652020931677514,0.020097718600153074,1.0005375301642607
-48.162051063963,-14.26861539413345,0.016218467249953815,0.8726444511932835
-51.12199992513682,-15.604859379261239,0.015475178558670562,0.8899777067994205
-52.72324691907987,-18.38065360719056,0.022875164251344275,0.5984991379492
-50.43254294457509,-15.766556130402753,0.013193642189513374,0.7945389819290257
-53.16791298471903,-17.471109382019545,0.018663033395190654,0.8335551938911006
-50.29330407553656,-16.215713772462514,0.01176419468058259,0.8076375856429822
-50.26410882880268,-15.106294396574905,0.018888086190706317,0.8976812675161318
-51.31064613480192,-16.777160825037214,0.02497154863633854,0.8583794217127457
-49.664483376652896,-13.36580853359333,0.012351726765832774,0.6409659233838957
-52.03828151493873,-18.55133351117327,0.023261782029164454,0.9772544048889841
-48.08344847660254,-13.603862083885005,0.013974422893270808,1.5344399483104294
-50.47970449699136,-18.825319672829725,0.020198520666256967,1.0546102915820317
-51.270221947016545,-15.872108176286796,0.015601070237713162,0.6196844325958376
-50.50440816730465,-15.223075383510443,0.018558451293571223,0.5969293992120724
-49.197359428910744,-15.593630438209745,0.01852544400829364,1.0195761995460193
-47.528738788658735,-14.02607026742118,0.01864640807659947,1.1862424779679313
-48.48319877803573,-15.443162628119724,0.0324073646229092,1.0519964673442086
-48.074465323761345,-18.039293799225142,0.015976773528906005,0.8436552766314401
-47.176150039641826,-13.615091024936499,0.03673966542362289,1.4306572092253707
-47.9711590660876,-17.59462773358598,0.015367294519068238,0.9797363276949241
-52.98375835147453,-17.59462773358598,0.01735524077566071,0.8478860298270127
-46.960554371453135,-14.412345839592573,0.039499385422814455,0.4549632420921048
-53.0376572685217,-17.02419752817008,0.018771137575069007,0.8103803478134436
-49.48706610803929,-14.183275442142095,0.015140126865736276,0.7274210918754577
-50.4011019096309,-18.277347349516816,0.01242946145257418,0.9653921423568806
-52.93210522263766,-17.280217384144144,0.017332066905704623,0.8837564718197625
-50.91314162157903,-17.12525799763353,0.021006599991603276,0.6669568945887976
-50.926616350840824,-17.825943919246754,0.025655730545529942,0.8844673893099008
-47.78925022105339,-16.14384854973295,0.01699298799375795,1.0196229964216206
-50.20796412354521,-14.45501581558825,0.008453746833967933,0.5992064218732135
-50.457246614888376,-17.356574183294306,0.017155255450160594,0.5772874643657256
-50.163048359339236,-13.525259496524546,0.0075730879297027645,0.6688990210739592
-50.762673811489016,-18.515400899808487,0.025644612420920396,0.7132536110038624
-47.44339883666738,-14.612220990309167,0.04251476763478714,1.0982856789324995
-48.96379745503967,-13.094068160147176,0.01924772916298767,0.5909436879257736
-46.217198473844235,-13.381529051065423,0.027262622833712825,1.2976909441300937
-46.8460191727279,-14.041790784893271,0.03748922390532429,0.6524759363773366
-49.35231881542136,-14.976038680377574,0.025127172640857235,0.775630001397512
-48.19349209890718,-17.632806133161058,0.015740786639784256,0.7502491630625453
-46.62593192811862,-14.53361840294871,0.04328811500481826,0.5685567995049124
-50.67508807128736,-15.22532117172074,0.01809787796315295,0.6355702305540908
-46.37889522498575,-14.746968282927096,0.02516860627932801,0.9513786816443078
-50.778394328961106,-18.42332358318624,0.020873878970347568,0.779610854726375
-49.76778963432664,-18.13586269226799,0.011475113643683737,0.6585974239770168
-50.124869959764155,-14.843537175969944,0.01843976412754511,0.9190422072095461
-52.49193073341909,-16.56156515684853,0.025534010503694676,1.0187285102414727
-52.42006551068953,-17.841664436718847,0.012666583342436227,0.9851847915512905
-50.237159370279095,-18.290822078778607,0.01212130844925064,0.6773548334730313
-49.53198187224527,-14.423574780644067,0.008822894612970792,0.7845623221634835
-50.95132002115411,-17.33187051298102,0.026003913358789283,0.9091863241643049
-50.07770840734788,-15.2994321826606,0.019842394610810728,1.0677289042593068
-48.81108385673935,-16.123636455840263,0.020861919187110462,1.0101048560545207
-51.94620419831648,-17.40598152392088,0.025560959547549226,1.0545551063749081
-50.113641018712656,-13.426444815271399,0.011675822246188936,0.5365585874004789
-48.38662988499288,-16.41334313496881,0.015311670856020396,0.8124343553036476
-49.91825744441666,-18.093192716272313,0.011756362825797747,0.8384759104036076
-47.70615605727234,-16.345969488659843,0.016792920745715704,0.8081431809865371
-48.40010461425467,-14.657136754515143,0.029963426834718622,1.2169399238590664
-50.441526097416286,-16.498683086960163,0.012240755937026395,0.8638794185449258
-50.17652308860102,-17.527254087277015,0.013087272348864285,0.6788586830950538
-50.80534378748469,-14.800867199974267,0.016009210203831784,0.670231508830678
-50.852505339900965,-18.629936098533726,0.02651979399072379,0.7736341275765435
-49.8441464334768,-15.396001075703449,0.02082407977523342,0.9289134682553647
-49.30740305121539,-15.986643375012035,0.020364124475094374,0.9200729692038127
-49.04240004240013,-13.136738136142853,0.01956026507952511,0.5579597137408515
-46.78762867926013,-13.035677666679407,0.028383740479930718,1.3223388883921312
-50.27084619343358,-13.81945775207369,0.0077325593775513495,0.6291765827733239
-46.58999931675383,-14.295564852657035,0.038302397212043086,0.7002709946490514
-47.780267068212204,-14.237174359189266,0.018482000245586435,1.4292054700653363
-50.62568073066078,-14.971547103956976,0.01803352084168642,0.6709647972698579
-49.846392221687104,-14.154080195408211,0.00814724018164306,0.7243100446366671
-51.01195630283218,-16.415588923179108,0.016018221399118602,1.0615709402889568
-49.19960521712105,-16.905170753024247,0.023224959071968764,0.960940093940924
-50.07995419555817,-18.43455252423773,0.01175496551352286,0.8832196362941183
-51.858618458114826,-18.629936098533726,0.02125213211551932,1.107636981597307
-50.81657272853619,-14.039544996682972,0.009130179705598816,0.8108621179895955
-48.28556941552943,-13.383774839275722,0.013816488906519963,0.9682368961153253
-49.17490154680776,-17.055638563114265,0.02250669493330801,0.8123826108761566
-51.526241802990604,-18.77366654399285,0.018595015287303545,0.6885857637698876
-50.922124774420226,-15.584647285368549,0.015528404343479905,0.5139847966672612
-52.15730829008457,-17.22182689067638,0.024147959139153397,1.0335353334005113
-49.15244366470477,-17.426193617813567,0.022334073992911256,1.0059548037878268
-47.83865756167997,-17.81696076640556,0.015241842159442362,0.9259417956375507
-46.05550172270272,-14.329251675811518,0.019939152467166148,0.8615916326438536
-48.59548818855067,-17.426193617813567,0.027259306970692176,0.8409016305579992
-49.145706300073876,-16.58177725074122,0.026386213532198066,0.9448905311455484
-49.06036634808252,-18.216711067838748,0.018158874030436253,1.0316909413021038
-48.25412838058525,-15.083836514471916,0.027323411378317366,0.791669562807846
-49.165918393966564,-17.06462171595546,0.022474820709729667,0.8236442412063023
-51.5352249558318,-17.718146085152412,0.014683429878895055,0.8759723726469174
-48.171034216804195,-18.308788384461,0.016692231235235618,0.9365445987117106
-50.284320922695365,-17.974165941126476,0.012495875930306221,1.049482966388438
-47.068352205547484,-14.899681881227414,0.03680414964334262,0.49314808291332474
-52.08095149093441,-15.90354921123098,0.014254216901886298,0.7300252338692576
-47.003224347448814,-14.520143673686917,0.042003737016087485,0.6476120192602693
-50.778394328961106,-17.10504590374084,0.020508080493880688,0.7041563947366267
-48.957060090408774,-15.373543193600462,0.02896618391037249,0.8572813423906318
-48.73697284579949,-16.754702942934227,0.02703314156389331,0.877259460799773
-49.61507603602632,-15.119769125836697,0.02029348253288285,0.783756283111109
-47.827428620628474,-14.897436093017115,0.023619618365594012,1.0438927685295953
-50.821064304956785,-14.978284468587873,0.015897609920505627,0.7001660694307327
-50.56279866077242,-18.25039789099323,0.022324900939250058,0.9499249327064198
-49.02443373671774,-13.242290182026897,0.01973468445710715,0.5711069290000031
-49.64651707097051,-14.466244756639744,0.008663475345695162,0.7588150935719827
-50.895175315896644,-17.59462773358598,0.027492252923746664,0.7673195738054526
-52.190995113239055,-16.402114193917313,0.013989866706466682,1.475208961603111
-49.50727820193198,-16.278595842350878,0.016099011656346474,0.8791188599281038
-47.2165742274272,-13.752084105764725,0.03743419516400981,1.3588606570397836
-50.14732784186714,-16.009101257115024,0.012498128511501654,1.0127572328209533
-46.960554371453135,-15.090573879102813,0.03377778349444235,1.495174420290325
-47.52649300044844,-14.697560942300521,0.02381782801631441,0.9809627429977285
-49.439904555623016,-15.050149691317435,0.024660725757506555,0.6495643937898695
-49.55893133076886,-15.196125924986855,0.020868434530439257,1.0119793685450198
-48.471969836984236,-13.514030555473052,0.012062032472714252,1.247557588647388
-51.317383499432815,-17.174665338260102,0.026143563873167703,1.1953490361227657
-46.52936303507577,-13.570175260730522,0.03442170325556038,0.7109002208215894
-50.9737779032571,-15.490324180536,0.016362561673996395,0.4898245367631729
-49.633042341708716,-18.187515821104864,0.011223705919499965,0.7729671187635603
-46.52487145865517,-13.410724297799307,0.03358780741219868,0.8108927117384445
-50.52237447298704,-17.81920655461586,0.023607578647697476,0.800405418009562
-46.735975550423255,-13.10529710119867,0.029457133058055706,0.7421885887532041
-49.21307994638284,-15.829438200291118,0.01892679286375785,1.0764297440311903
-47.834165985259375,-15.023200232793847,0.02359302954491107,0.895371920521098
-48.06548217092015,-13.900306127644447,0.01494150512689829,1.2875739231051881
-49.60384709497483,-15.65651250809811,0.014198190824894211,0.7291975514810899
-51.232043547441464,-17.596873521796276,0.027941408654193704,0.8280187532480396
-48.15082212291151,-14.028316055631478,0.014926333052019986,1.2795647822411944
-49.8486380098974,-17.437422558865062,0.015363257552611139,0.7485681212270064
-51.467851309522835,-16.381902100024625,0.01563883978223486,1.1236782737325062
-47.61183295243979,-14.789638258922773,0.023914749865750335,0.9539409162993474
-47.452381989508574,-15.072607573420422,0.03645240262773171,0.5929079633249091
-52.22019035997294,-18.841040190301815,0.6823452105287268,0.9791650674717122
-51.151195171870704,-19.229561550683506,0.025308259461396816,0.6643301993955131
-47.063860629126886,-13.565683684309924,0.03601816886959742,1.4514576048522132
-49.71613650548977,-15.937236034385462,0.013143312496024882,0.7736945357487732
-49.02892531313834,-17.7428497554657,0.020057902677977413,0.8481139725649846
-51.05911785524845,-19.249773644576198,0.02538765391859437,0.6593919961255359
-51.03216839672487,-14.859257693442036,0.013585398623243757,0.5589770051148485
-50.83229324600828,-14.430312145274964,0.00962166606949552,0.6388620983293335
-50.005843184618314,-14.313531158339426,0.008292692327814188,0.729971380472804
-48.128364240808516,-15.173668042883868,0.026264034484653316,0.847341299190703
-49.70939914085887,-15.043412326686537,0.01965751278241656,1.092233683080686
-47.67471502232816,-13.93174716258863,0.017831323669747802,1.355710017592527
-50.71551225907274,-13.770050411447116,0.010069046791584413,0.6349757084108191
-47.20085370995511,-14.059757090575662,0.038643882960522805,1.5190135086888625
-47.196362133534514,-14.190012806772993,0.039203696299497416,0.6428529210541082
-51.70590485981451,-17.531745663697613,0.013745900143650541,0.7533051279941873
-52.93210522263766,-17.055638563114265,0.01934428402513077,0.7256271615980695
-49.11426526512969,-16.831059742084385,0.02374063997817081,0.9569776567626072
-52.500913886260285,-18.42332358318624,0.017007968867334633,0.76120679144953
-50.64140124813288,-15.598122014630341,0.015673996721231882,0.7162810686395202
-52.35269186438057,-16.509912028011655,0.02079167007891947,0.8274207387245958
-47.83192019704907,-17.078096445217255,0.01741600475447225,0.924622012307153
-52.75917953044465,-17.129749574054127,0.019821396083447542,0.8766777635821894
-48.3394683325766,-17.48009253486074,0.02138415677980845,1.058257659695142
-49.04464583061043,-15.914778152282473,0.018926204210255555,1.0698075897821495
-48.144084758280606,-15.515027850849286,0.019376946693975473,1.0744117044541253
-49.56117711897915,-14.630187295991558,0.01953004175886483,0.9113203355040197
-48.59773397676096,-16.70754139051795,0.02883304131446763,0.8963637723211431
-49.39274300320674,-13.464623214846478,0.021825074196618353,0.7140968621609899
-47.34458415541423,-14.75819722397859,0.039873495628265275,0.9899955405338025
-48.02730377134507,-17.82145234282616,0.01557033408536131,0.86164909035777
-49.21307994638284,-16.29880793624357,0.02253438207257402,1.0184966376583995
-49.796984881060524,-14.091198125519846,0.008094326177408382,0.566959360003522
-48.45849510772244,-17.19487743215279,0.0233592029175439,0.8971488260002684
-48.51014823655931,-17.542974604749105,0.017941552970443468,1.064802684826445
-48.3439599089972,-13.916026645116538,0.01355307877298706,1.493076301185133
-47.87009859662415,-14.657136754515143,0.024712399208117207,1.1194387966714545
-50.10690365408176,-13.514030555473052,0.007900814537380218,0.6696661184320375
-47.609587164229495,-13.55670053146873,0.017301220920391765,1.2582188621824384
-46.569787222861144,-14.603237837467972,0.04260408023893149,0.6616764274173988
-49.34333566258017,-18.540104570121777,0.021929732155772902,0.7831896464829421
-52.23591087744503,-18.4884514412849,0.016806821405437756,0.9145896055847436
-48.30802729763242,-14.178783865721497,0.01478822330971879,1.0688140853586874
-48.96379745503967,-14.630187295991558,0.02861624007103611,0.8929199774280056
-49.30740305121539,-16.18651852572863,0.02191317811043102,1.1168381794877114
-51.93722104547529,-18.960066965447652,0.018557217450257017,0.8604657574996121
-47.72861393937533,-14.94684343364369,0.023341953914724628,0.9376428177186801
-48.59099661213007,-15.97766022217084,0.021395853004077304,0.8877697472453875
-50.94458265652322,-19.040915341018408,0.02566670269774955,0.900794853517411
-46.48220148265949,-14.053019725944765,0.02248420733235062,1.1115170294007848
-52.86248578811839,-17.129749574054127,0.018875069400473232,0.916354430164343
-51.521750226570006,-16.063000174162195,0.013234778347200228,0.7698131921705764
-47.10428481691226,-14.668365695566637,0.04037565738688431,0.5405952299344315
-46.77639973820864,-14.42132899243377,0.039146454394042234,0.5434529236431881
-50.4100850624721,-18.60298664001014,0.020099503804306067,0.9712670031817888
-49.22206309922403,-14.488702638742733,0.01895830445293099,0.9496045047816991
-49.61283024781603,-16.797372918929902,0.014490593153129738,0.8332716359167597
-51.55992862614509,-17.733866602624506,0.014562628408232315,0.8636419676036291
-52.27858085344071,-17.89107177734542,0.012981167106071499,0.9665189653368409
-46.87296863125148,-14.118147584043431,0.03790162787967568,0.5181229192743644
-50.43029715636479,-17.825943919246754,0.012916596801660279,0.8771705813003202
-51.62954806066435,-16.927628635127235,0.027666363367005977,1.0184992255541705
-52.4739644277367,-17.745095543675998,0.012567189766092198,1.029700222138664
-48.22044155743077,-17.841664436718847,0.01593619542529832,0.8494860061493735
-49.83740906884591,-18.37616203076996,0.011364062442809174,0.6737361808272445
-50.2326677938585,-15.636300414205422,0.01372456182158909,0.7772964140627541
-48.9031611733616,-15.764310342192454,0.018672757338504608,1.1641853215806506
-51.66323488381883,-17.729375026203908,0.014317242819233158,0.720832897346814
-52.08095149093441,-16.57503988611032,0.02556804386811671,1.1184293193772645
-48.90091538515131,-15.721640366196777,0.018605611605882245,1.2156730219766467
-47.71289342190324,-14.764934588609487,0.023989630883359047,0.8834523148683048
-46.43503993024322,-13.01097399636612,0.020652266960823028,0.790095008161496
-49.78351015179874,-15.153455948991178,0.019886038474994292,0.911748886908797
-48.74595599864069,-17.940479117971993,0.019060250087345264,0.9060262968002345
-51.23653512386206,-15.555452038634664,0.015427587136966773,0.7103528564301417
-50.96254896220561,-17.489075687701934,0.02907024217536732,0.7936585886719748
-50.95356580936441,-15.654266719887811,0.015551088916121603,0.4518321918299582
-50.74470750580662,-17.861876530611536,0.02528626118470904,0.8666769848816079
-48.85375383273503,-17.713654508731814,0.01999598288899585,0.9260310417690958
-49.85537537452829,-15.890074481969187,0.013136331794684061,0.882133393589856
-49.52749029582467,-15.60261359105094,0.014735117644373272,1.0109028438313745
-47.38500834319961,-13.249027546657793,0.030631049862437747,1.3400869626446361
-50.6077144249784,-15.604859379261239,0.015697444000107565,0.7329750590389287
-50.08444577197877,-13.327630134018252,0.011593311842202875,0.6166872516600567
-47.683698175169354,-15.396001075703449,0.024588283829875924,1.1249226834459558
-49.518507142983474,-14.488702638742733,0.012701005659541372,0.8486765414690485
-49.63079655349841,-13.994629232476996,0.008063048095811197,0.6807782305278521
-52.82879896496391,-16.936611787968427,0.021728850281687917,0.8260171338986612
-48.1575594875424,-16.0517712331107,0.01634350659805084,1.0216715753935135
-47.38949991962021,-14.468490544850043,0.04121037269512982,1.0828040240684016
-50.28881249911596,-18.277347349516816,0.01222433937597879,0.6616430368041623
-47.76679233895041,-15.35557688791807,0.02466649602213169,1.1046214969917638
-49.99461424356682,-14.075477608047754,0.008023228220817788,0.615988953884141
-47.27047314447437,-13.552208955048132,0.03705701765752758,1.487738823564637
-50.52911183761794,-14.650399389884248,0.01937456910527966,0.7772970008634393
-49.32536935689778,-13.740855164713231,0.01814409225363142,0.8500178464138487
-47.78925022105339,-16.08994963268578,0.017120184712440076,0.9705533254545738
-50.275337769854175,-13.213094935293013,0.01129312889091957,0.6900010572750243
-52.783883200757934,-17.590136157165382,0.015952737189058024,0.7637711788913846
-47.308651544049454,-15.501553121587493,0.02810502005962003,1.1023678097620113
-51.607090178561364,-19.13299265764066,0.013909947292616867,0.833910925679342
-48.209212616379276,-15.494815756956598,0.023912148487451053,1.0617528421142244
-48.20022946353808,-13.323138557597654,0.014355982657536836,1.3060470599440166
-50.69080858875945,-16.772669248616616,0.01642414549355286,0.8633329718728534
-51.76204956507198,-16.14384854973295,0.013993089297616012,0.723367988528777
-47.42992410740559,-14.919893975120104,0.03816921238731842,1.2467121421738614
-49.95194426757114,-17.7428497554657,0.012296113455070168,0.7010624889778568
-47.807216526735786,-17.019705951749486,0.01711180473151036,0.8002067457182424
-47.602849799598594,-17.282463172354444,0.01632333377683989,0.9294107441800666
-50.569536025403316,-16.045033868479806,0.015953397852984514,0.7926510891301707
-50.702037529810944,-14.841291387759645,0.017151175047271604,0.8540886409970286
-49.257995710588816,-18.086455351641415,0.019090946436053583,0.8809756372826724
-50.15855678291864,-15.139981219729385,0.019114524152715636,0.7281455006237234
-51.81370269390885,-17.852893377770343,0.013989434249596384,0.9233949277797722
-46.47770990623889,-13.567929472520223,0.02557639312156378,1.0067532307875038
-48.93011063188519,-15.490324180536,0.025352167928029405,1.0230073066455005
-47.50403511834545,-15.726131942617373,0.020792692115712993,0.8159141598972196
-49.89579956231368,-13.954205044691617,0.007915528151900567,0.7248715163674201
-51.75306641223079,-16.53686148653524,0.027508684181970562,0.9220260562450776
-51.62505648424375,-17.201614796783687,0.02761175441961286,0.9667054007011656
-50.338219839742536,-13.262502275919585,0.011208675586562458,0.6840893417900874
-48.88519486767921,-14.057511302365363,0.01648175764319104,1.18786781218628
-46.48893884729039,-14.194504383193589,0.023110445920792623,1.1603820332249732
-47.91052278440953,-16.285333206981775,0.01633872758214811,0.9538957386895253
-48.469724048773934,-13.907043492275342,0.013058725184985917,1.3178924535712364
-47.80047916210489,-15.710411425145283,0.01804578872287286,0.8461356519910709
-50.344957204373436,-17.603610886427173,0.01307282509414399,0.5640225119052972
-52.34820028795997,-16.813093436401996,0.023508473719322322,0.8807980238106602
-49.850883798107695,-14.185521230352395,0.008181139685972222,0.7127005783507984
-48.9054069615719,-14.499931579794227,0.022097826900082464,0.7270908007055888
-51.66323488381883,-18.4884514412849,0.01599575492358467,1.0903420286511956
-52.49642230983969,-16.48296256948807,0.019630209821826367,0.7644928532437526
-49.296174110163896,-15.681216178411399,0.018930534296190578,0.9800836816814565
-47.122251122594655,-13.305172251915263,0.03475987640298596,1.3094451417291484
-48.43828301382975,-16.873729718080064,0.022599972705212117,0.8023581771145247
-50.24165094669969,-13.14347550077375,0.011376228801600868,0.7886182536942911
-49.21083415817254,-16.19999325499042,0.02160317850985475,1.0947541866681678
-48.00260010103178,-14.767180376819784,0.024471264008318262,1.0619957766793036
-49.796984881060524,-14.077723396258051,0.008079617209041793,0.5719855630164751
-47.53996772971023,-14.064248666996258,0.019396962804897007,1.2367651189327211
-51.3510703225873,-18.778158120413448,0.0253775830704378,1.026849702084522
-48.921127479043996,-15.946219187226657,0.019305532105715662,1.1366150030633642
-50.605468636768094,-18.329000478353688,0.021676542411962815,1.2227836881112557
-46.13410431006318,-14.441541086326458,0.018822220433886237,0.9069094135520622
-47.474839871611564,-17.04890119848337,0.02444889504533174,0.8296965898795251
-49.81045961032232,-15.088328090892514,0.019557544660607735,0.9978089215627185
-49.22206309922403,-16.63792195599869,0.025756379919008886,0.9487631390021384
-51.151195171870704,-18.27060998488592,0.022580437886759366,0.9541286049046486
-46.32724209614887,-13.293943310863769,0.023489714536915868,1.3723507178159264
-52.12362146693009,-17.23530161993817,0.02435386242506493,0.9970096856048921
-49.161426817545966,-13.246781758447494,0.02022440937250524,0.5858310165025687
-48.218195769220465,-17.859630742401237,0.015951866031213974,0.8595401572767379
-49.761052269695746,-17.9292501769205,0.011765574821509823,0.8523431358277476
-50.11588680692296,-16.29880793624357,0.011655516022397299,0.8496346192033014
-49.788001728219335,-18.36044151329787,0.01129228555231386,0.6931086334458687
-49.857621162738596,-15.463374722012414,0.021077057062401407,0.8869588656133686
-50.338219839742536,-17.713654508731814,0.012908793407474538,0.654353190852299
-47.49954354192485,-13.621828389567394,0.025019416925497494,1.0317876771525445
-48.84926225631443,-13.192882841400323,0.019183701153610715,0.6380633052597681
-51.55992862614509,-16.78614397787841,0.028333617700285224,1.0108207348044662
-50.38313560394852,-13.001990843524926,0.011502901669834415,0.5638928780426948
-49.69367862338678,-17.83492707208795,0.011842719297283685,0.6948889766176342
-48.78413439821577,-18.04378537564574,0.01867273706274058,0.9844496771871288
-47.084072723019574,-13.181653900348829,0.03250978234479333,0.7925557059437315
-48.867228561996825,-14.28658169981584,0.0159797994958911,0.906352605158195
-52.426802875320426,-16.247154807406698,0.014687067599736718,0.9859122899915079
-49.81270539853262,-17.68445926199793,0.012219457710273187,0.5684976217298098
-47.80497073852549,-15.328627429394485,0.0246849547918821,1.1763657635958935
-49.48706610803929,-15.047903903107136,0.02310897643885897,0.679200919667592
-50.58076496645481,-14.715527247982912,0.018780398208140953,0.6320163612544683
-50.28656671090567,-16.40660577033791,0.011234304699322248,0.943253728963918
-49.99686003177712,-14.708789883352015,0.018508060123534332,0.8792907394261281
-49.88232483305188,-13.64877784809098,0.007615747914065296,0.6400868797386209
-50.326990898691044,-18.504171958756995,0.016935494032830182,0.8289149303024438
-48.77290545716427,-13.462377426636179,0.01987942548868995,0.6768802960073148
-50.35618614542493,-17.27572580772355,0.016680666408280167,0.7989356291090148
-49.58138921287184,-16.262875324878788,0.012369879659572114,1.0728101214564347
-49.38825142678615,-17.190385855732195,0.023018180323547115,0.9189374377405898
-52.63790696708851,-16.72999927262094,0.027033531373396112,0.9633013365386782
-48.117135299757024,-13.846407210597276,0.014439938282021786,1.2174582648712224
-47.87459017304475,-16.853517624187372,0.017508897268050147,1.0507039440321264
-50.4145766388927,-13.677973094824864,0.007610729563642326,0.7210307500770909
-51.49255497983612,-16.476225204857176,0.014369033455270366,1.0388555772364965
-52.00234890357395,-16.557073580427932,0.02605779623500951,1.068655035773903
-49.49380347267019,-16.494191510539565,0.0184996865149605,0.9397921686977835
-49.22430888743433,-14.34497219328361,0.016553538361400933,1.1262442846153806
-46.661864539483396,-13.399495356747813,0.034620652211404444,0.6450816327351387
-51.344332957956404,-16.217959560672814,0.015826232920745656,0.9255466640794944
-48.925619055464594,-14.863749269862634,0.028456595884078166,1.3232530692814706
-46.8437733845176,-13.951959256481318,0.03707149663168703,0.6540119526788949
-48.334976756156,-13.637548907039486,0.012726399538002014,1.2801693147550244
-47.223311592058096,-14.04628236131387,0.0386754249606472,1.5641475894036312
-49.78575594000903,-15.705919848724685,0.013820008196792485,0.8504843680711472
-50.4078392742618,-12.732496258289068,0.012319175884187626,0.48263173993275044
-46.468726753397696,-13.68920203587636,0.024735184522261717,0.963514114746559
-49.41520088530973,-18.144845845109185,0.01939384566973155,0.8850551937132787
-49.482574531618695,-16.91415390586544,0.022370821244738825,0.9310707862012054
-46.634915080959814,-14.362938498966,0.038664884719385416,0.6487943487890478
-49.289436745532996,-16.613218285685402,0.026086259319726978,0.9456856991662875
-49.35007302721107,-15.568926767896457,0.019516785344030653,0.9412672066555751
-51.56666599077599,-16.945594940809624,0.02809660139770786,1.1034382594909944
-51.92150052800319,-17.302675266247135,0.025650733292474675,0.8969723789918157
-49.916011656206365,-15.420704746016737,0.02074765614380781,0.89018412825309
-50.38987296857941,-13.338859075069745,0.011171599323391053,0.7179921629500391
-50.80758957569499,-15.22532117172074,0.01681275683077515,0.6400188758845545
-50.84801376348037,-16.835551318504983,0.01681012174393068,0.8315047279934223
-47.234540533109595,-14.607729413888569,0.041645410843260754,0.8331520516911022
-50.102412077661164,-15.934990246175163,0.012770572921915052,1.1586642286043594
-50.09567471303027,-14.740230918296199,0.01838424276268417,0.9693352351422252
-49.34108987436987,-18.331246266563987,0.018434861915636706,0.8546213918841921
-52.72773849550047,-16.78389818966811,0.025159976649019977,0.9333394150405573
-47.068352205547484,-14.771671953240382,0.03871980978090043,0.4938146938337549
-51.232043547441464,-15.41172159317554,0.015062596473580237,0.4972626073840956
-50.16978572397013,-17.1769111264704,0.015924259800403948,0.8314416838467834
-48.45849510772244,-15.092819667313112,0.03047185871654217,1.0484338124247614
-49.31863199226688,-15.84515871776321,0.019645523094161958,1.3193728648452125
-49.94071532651965,-13.839669845966379,0.0077852802671145305,0.730837261008512
-51.317383499432815,-18.4929430177055,0.023021364357800583,0.5786074902389329
-52.15730829008457,-16.123636455840263,0.014502513555603558,0.7135104691416961
-50.52237447298704,-16.754702942934227,0.016570817377307822,1.0776715100080436
-50.461738191308974,-13.06711870162359,0.011350894754905149,0.5908705422232361
-49.87558746842099,-16.19999325499042,0.012167716245421416,1.0246271972028327
-49.90253692694457,-13.747592529344129,0.007703972762821506,0.731366217773517
-50.50216237909435,-14.371921651807195,0.008450843425203539,0.5823441521168308
-49.94969847936085,-13.058135548782396,0.011820020607003488,0.5700992391044784
-50.605468636768094,-19.03866955280811,0.026941674250182544,0.6448279526794348
-48.9031611733616,-17.23530161993817,0.02360682900347038,0.9081107134184242
-49.680203894124986,-14.724510400824107,0.01904425727128999,1.232860907101738
-49.657746012022,-16.460504687385082,0.01173170352504159,0.9324047105267032
-48.47646141340483,-13.210849147082714,0.010891764299435917,1.2564839889216535
-50.26635461701298,-17.174665338260102,0.016283013452028667,0.75191658281908
-49.909274291575464,-14.428066357064665,0.008447614010496205,0.7719093690970715
-49.540965025086464,-14.47747369769124,0.009599820467244263,0.7373267400038181
-50.12936153618475,-13.464623214846478,0.011628258125668594,0.5343695963509768
-47.60734137601919,-15.290449029819406,0.02368752799840417,1.1850554064005554
-47.795987585684294,-18.144845845109185,0.01589740988345134,0.9651776003277931
-49.73185702296186,-18.08196377522082,0.0114996465672671,0.6115487420828839
-50.4055934860515,-13.448902697374386,0.011321685590420278,0.6656725538070462
-50.515637108356145,-17.46212622917835,0.02771063446542808,0.5961437113112006
-49.085070018395804,-15.748589824720362,0.018237665464156828,1.0318699919738827
-51.12199992513682,-16.35495264150104,0.015947259126261076,0.8419800281249271
-52.393116052165944,-16.67385456736347,0.023636731986838473,0.7704150676969636
-52.71650955444897,-16.65364247347078,0.027443643228214524,1.0161343058132706
-50.178768876811326,-17.62382298031986,0.012793309980962996,0.6764613813544277
-52.992741504315724,-18.048276952066338,0.02060269246267842,0.41332129692487457
-48.75718493969218,-17.697933991259724,0.02001611833066833,0.8047770327345442
-50.814326940325884,-16.222451137093408,0.015944667565297943,0.7945505006552812
-52.292055582702496,-18.73773393262807,0.026129281389353158,0.9232356571398279
-47.05038589986509,-14.915402398699506,0.0365366847928716,0.5292305158009337
-49.177147335018056,-14.219208053506877,0.016643362893996903,0.8498406828524675
-47.72412236295473,-14.241665935609864,0.018906173423031324,1.128356629121521
-50.52911183761794,-14.504423156214825,0.015422172625487335,0.6300002449551128
-46.565295646440546,-13.965433985743111,0.03677831856055392,0.678119524415625
-47.919505937250726,-15.429687898857932,0.026191334871776595,1.2134457764321638
-53.17689613756023,-17.340853665822213,0.017822269645884927,0.8204944562389432
-48.42031670814736,-18.288576290568308,0.017003524540668277,0.9445394680029134
-50.20347254712461,-14.223699629927474,0.00817447056656563,0.6074382147369318
-49.03117110134863,-16.44702995812329,0.023681578489913896,0.9767865519699511
-51.97315365684007,-16.768177672196018,0.025634693560706086,0.8714753706989771
-49.85537537452829,-18.019081705332454,0.011757427604366533,0.772658613303094
-49.89130798589308,-15.501553121587493,0.01755025868150032,0.9217417905196084
-49.45337928488481,-17.044409622062773,0.023764196611718948,0.871380320161118
-49.761052269695746,-17.787765519671677,0.011991642275512212,0.7565418472401841
-47.753317609688615,-16.95233230544052,0.016614916933893113,0.9397438765862468
-51.66323488381883,-17.758570272937792,0.014319832362269988,0.7362901030666839
-49.2871909573227,-13.736363588292633,0.01809745535086357,0.8005936172534387
-52.01582363283575,-17.94721648260289,0.013573541130192228,0.7343937138366256
-50.28656671090567,-14.181029653931796,0.008129385346311385,0.6316503136939118
-50.814326940325884,-16.323511606556856,0.016016577136932466,0.8798231557293383
-52.152816713663974,-17.40598152392088,0.02424463974899237,1.1013613325802185
-46.74046712684385,-14.300056429077634,0.038509299707776896,0.6068533351866655
-47.355813096465724,-17.16119060899831,0.022670443039194254,1.2707227505303438
-47.54221351792053,-17.32962472477072,0.016090990141385503,0.9712583649557346
-49.6510086473911,-17.421702041392972,0.014993760384747671,0.8830103483471571
-47.39174570783051,-15.986643375012035,0.028707205252405187,0.9089268505771747
-47.06610641733718,-14.335989040442414,0.039433178013269864,0.4681680911340323
-49.82618012779441,-13.233307029185701,0.011947800564139003,0.539412343493768
-48.162051063963,-15.723886154407076,0.017130387781192982,0.8673724182231765
-47.95543854861551,-16.714278755148847,0.01820447954891275,1.0305877961367187
-47.2210658038478,-13.799245658181,0.037638475915218676,1.2710254098916225
-46.56754143465085,-13.603862083885005,0.035306915805001414,0.5801444336849195
-48.209212616379276,-17.812469189984963,0.015886041697879574,0.8485193864716813
-49.62181340065722,-16.395376829286416,0.011963476616984738,1.186002295378424
-50.942336868312914,-15.6789703902011,0.015567869760744795,0.428807941879424
-49.96766478504323,-13.091822371936876,0.011764519816542822,0.5756885637291626
-46.39012416603724,-14.335989040442414,0.019343136693587025,1.0641131419940755
-52.411082357848336,-18.203236338576954,0.013008314446299643,0.801593568166175
-50.35618614542493,-13.314155404756459,0.01119814652434123,0.7618666556308343
-47.6050955878089,-17.266742654882353,0.016268029344827625,0.8974796748637964
-50.81657272853619,-18.863498072404802,0.02625621059537189,1.0971576724742766
-48.914390114413095,-13.282714369812275,0.019545721936942064,0.675952482907022
-49.34333566258017,-18.028064858173646,0.019584400009322992,0.8461063141120864
-50.72224962370363,-15.297186394450302,0.017944172723225092,0.8758501250542441
-48.9031611733616,-17.248776349199964,0.023621484703915514,0.9556242373637526
-50.73347856475513,-17.33187051298102,0.026169571929769535,1.0147628566188347
-48.77739703358487,-16.03155913921801,0.02027565039913545,1.0163766808049688
-51.63179384887465,-18.632181886744025,0.01908744324345404,0.6187701815973091
-47.82069125599758,-13.709414129769048,0.016017125530475736,1.389834577069504
-47.84764071452116,-14.055265514155064,0.017065143845710954,0.842958088214004
-47.76230076252981,-17.72263766157301,0.015048116870704486,0.9090261325977491
-50.794114846433196,-17.15894482078801,0.02164850040849984,0.8421423813369256
-47.25924420342288,-14.106918642991936,0.039085215298002234,0.8250386257728187
-52.543583862255964,-16.262875324878788,0.02789929380844978,0.9611183688339223
-51.37352820469029,-18.596249275379247,0.025593930976001874,0.9832271853571655
-47.36704203751722,-17.560940910431498,0.02035223560585594,0.5931357821587732
-49.07608686555461,-13.983400291425502,0.016996437086578626,0.7814404259238148
-48.245145227744054,-17.82145234282616,0.015960429619172038,0.773110923577777
-46.147579039324974,-14.861503481652335,0.02440443968652908,0.7276092655205378
-49.033416889558936,-16.622201438526595,0.026216375485676607,0.9329391991711212
-46.80559498494252,-14.901927669437713,0.03675403586160807,1.0661059240894184
-48.876211714838014,-15.894566058389785,0.01920674354432812,0.9704224741552819
-51.23653512386206,-15.070361785210123,0.012479149632144818,0.7473453985533878
-52.21120720713174,-17.257759502041157,0.023823193043297365,1.166361860047781
-48.090185841233435,-17.87310547166303,0.015740069428250906,0.9107268297646173
-50.230422005648194,-17.203860584993986,0.01615735740053573,0.7044757715409217
-47.342338367203936,-15.104048608364605,0.035333068281802105,1.2670396560799875
-52.55705859151776,-17.596873521796276,0.01575424588068836,0.9681282403352495
-48.29006099195003,-16.516649392642552,0.018691030767098254,0.7149553727505317
-50.547078143300325,-14.47522790948094,0.010801783433729483,0.6662371969259111
-49.38151406215525,-16.20448483141102,0.022480319858177878,1.0694121109400152
-47.74882603326802,-16.678346143784065,0.01665012759094699,1.0786343455906147
-47.9756506425082,-16.065245962372494,0.016689219390319115,0.9977198243099612
-47.663486081276666,-17.733866602624506,0.014901510404104656,1.0378027415000555
-47.721876574744435,-18.126879539426795,0.015809085307733894,0.9750304096121355
-48.88968644409981,-15.986643375012035,0.019617499819072508,1.018953831422284
-47.53323036507933,-17.381277853607592,0.014327561560289763,0.972341196439892
-47.308651544049454,-14.960318162905482,0.03690992099618266,1.024803941883724
-47.85886965557266,-13.57466683715112,0.01542723344851804,1.55145200035577
-51.827177423170646,-17.38801521823849,0.02633044590668283,0.7848648997139077
-46.95830858324284,-15.153455948991178,0.033069660333162665,1.5497338034885226
-49.59710973034393,-14.13611388972582,0.00823225149917437,0.7464348492913137
-47.80047916210489,-14.10242706657134,0.017628218051481594,1.382097375081954
-50.531357625828235,-16.047279656690105,0.01572774297609422,0.767829638218878
-51.317383499432815,-16.97029861112291,0.024552120302330994,0.7831764086574741
-47.432169895615885,-14.724510400824107,0.04083358122671737,1.5488672957258205
-48.76841388074367,-13.453394273794984,0.019855845861041267,0.6849145155399174
-51.115262560505926,-17.1791569146807,0.02353964655314446,0.8286495970258656
-49.15468945291507,-18.272855773096218,0.018094958822769396,0.9013884037458514
-51.975399445050364,-18.8702354370357,0.022616878548666012,0.7707866938526949
-48.67184498770083,-17.21958110246608,0.02600689230407799,0.8561993368080408
-46.720255032951165,-13.374791686434527,0.03419583597486515,0.6434375103719996
-49.080578441975206,-14.77616352966098,0.027345580323565103,0.8798086679664258
-47.587129282126504,-14.609975202098868,0.02526805669693895,0.9910249451548019
-49.48482031982899,-18.039293799225142,0.018108983217378603,0.8955178005366401
-51.82044005853975,-17.172419550049803,0.026273053064604247,1.0706969827596764
-47.9756506425082,-15.92376130512367,0.017032820919211482,0.8068705201658068
-50.88170058663485,-16.451521534543886,0.016087333610239056,1.0393749539196773
-48.144084758280606,-15.063624420579227,0.02582884900126347,1.0021215983399083
-47.86785280841386,-18.077472198800223,0.015783046199534807,0.8153657308082104
-48.68307392875232,-18.075226410589924,0.018603258222106733,1.080956227544808
-49.41070930888913,-14.097935490150741,0.017346091377630293,0.8768210153712506
-51.74857483581019,-17.071359080586358,0.02676101527646752,1.1392765739886046
-49.06710371271342,-14.872732422703828,0.02725022287192345,0.7711872315329386
-51.68569276592182,-18.654639768847016,0.019552350934712286,0.6835331455243798
-47.454627777718876,-16.67610035557377,0.02889311028788277,0.8740862587593728
-51.375773992900584,-18.47497671202311,0.02219393821642567,0.7772987526165352
-48.876211714838014,-14.315776946549725,0.01596956663081229,0.8351527702349735
-49.45337928488481,-16.57503988611032,0.026900319166195483,0.942791924269046
-49.41070930888913,-17.089325386268747,0.02336078706726261,0.8691736290800113
-51.08606731377204,-15.750835612930661,0.01556186901397352,0.6619459638708405
-47.984633795349396,-15.142227007939685,0.024801232800522405,1.0239511514232822
-47.667977657697264,-14.279844335184944,0.019523842332354966,1.002949292011521
-49.257995710588816,-12.979532961421937,0.01773464256531249,0.6049965060784948
-48.15082212291151,-17.677721897367036,0.01568358620546678,0.7848150499541239
-50.24165094669969,-12.921142467954168,0.011755808260182434,0.6448502990505165
-50.87720901021425,-16.096686997316677,0.01583518455694613,0.9697508410709768
-48.44052880204005,-16.020330198166516,0.01601475201325336,0.943052975853459
-51.490309191625826,-17.38801521823849,0.03156115972675926,0.7133937846762869
-52.86922315274929,-17.248776349199964,0.017765645423291957,1.0289008085676004
-49.745331752223656,-16.925382846916936,0.014643693046532751,0.842260232045458
-48.914390114413095,-16.4268178642306,0.023527836345332762,0.8502864063665482
-51.29941719375043,-17.19712322036309,0.026254715219116657,1.291868739754598
-51.258993005965046,-15.62282568494363,0.015459827813355202,0.5731912296494749
-47.62081610528099,-14.666119907356338,0.0247361729944769,0.9756339114323039
-51.20733987712818,-17.098308539109944,0.023453177881984512,1.2593419096506984
-51.65649751918794,-18.293067866988906,0.01465511169914215,0.9134093400314865
-47.56916297644411,-15.184896983935362,0.02318126882481181,0.9297872068773132
-49.91825744441666,-17.5519577575903,0.012562309961200531,0.6353388011269334
-50.349448780794035,-13.59038735462321,0.007521627297620332,0.7237772067973731
-50.322499322270446,-14.165309136459705,0.008114939687112561,0.5880446620670593
-47.42767831919529,-17.129749574054127,0.02554887727329726,0.8717956720351823
-48.51688560119021,-15.2994321826606,0.032459666333183576,0.7651401848577778
-48.83354173884234,-16.080966479844584,0.02041834603605048,1.0083992555604744
-51.104033619454434,-15.818209259239625,0.015595656998567617,0.9004863642739762
-47.304159967628856,-15.369051617179863,0.032426820598340636,1.2231544403773145
-50.24165094669969,-17.655264015264045,0.012840213798652397,0.615483320376784
-49.877833256631284,-16.159569067205044,0.012281859634859746,0.8485668721666247
-49.498295049090785,-15.130998066888191,0.022235108792647278,0.9090077064279818
-50.291058287326265,-17.06462171595546,0.016381942847545326,0.9971941666301943
-50.57627339003421,-14.050773937734466,0.0102319327280239,0.5700576543001014
-50.814326940325884,-17.785519731461378,0.025910987997068227,0.7073691625866289
-49.094053171237,-13.783525140708909,0.017661914654712178,0.7435307649200408
-51.258993005965046,-16.586268827161817,0.025905595712107488,0.9009887043956956
-51.7238711654969,-18.807353367147332,0.019945738702060848,0.7405034375426766
-49.6555002238117,-16.247154807406698,0.012307926829166371,1.0311253192530168
-48.14633054649091,-17.581153004324186,0.01564809186945598,0.8470831584065889
-50.25512567596148,-16.35719842971134,0.011387570535141616,0.8379811681471884
-50.51114553193555,-18.636673463164623,0.02464000543830708,0.9122874822844401
-47.335601002573036,-15.303923759081199,0.03320163846713886,1.02798975492984
-48.13061002901881,-15.97766022217084,0.016566938986140728,0.9249545794293174
-48.604471341391864,-13.520767920103948,0.018658832774190816,1.1526346072979106
-53.06685251525558,-17.641789286002254,0.01832345444184632,0.821552498051115
-52.199978266080244,-17.563186698641797,0.013148836940550787,0.7302691937236666
-52.37514974648355,-18.769174967572255,0.7920679461958722,0.796001233266201
-49.24901255774762,-16.285333206981775,0.02253606666966118,1.0763808466171094
-47.17390425143152,-14.556076285051697,0.04227606760300127,0.61593702141171
-52.570533320779546,-18.412094642134743,0.0230832789742507,0.7504435394930361
-48.92786484367489,-16.628938803157492,0.026661619362991995,1.0520874945817478
-48.28556941552943,-18.133616904057693,0.016486330368658635,1.1926336574159055
-48.272094686267636,-17.318395783719225,0.022012109895564007,0.8806996824040548
-49.45113349667451,-16.9927564932259,0.023949478853112133,0.8762665461820922
-52.24713981849652,-17.679967685577335,0.013013891966142123,1.1183408218918875
-50.52237447298704,-18.58951191074835,0.026541309607546498,0.956486513583552
-48.19573788711748,-15.285957453398808,0.027742830223322013,0.7284332046317902
-48.82006700958055,-16.606480921054505,0.027636000551967015,0.9097116654273371
-50.31576195763955,-15.155701737201477,0.019001047738164387,0.9394398956411057
-49.2849451691124,-15.180405407514765,0.02522984439014116,1.1561095700963135
-48.112643723336426,-15.930498669754565,0.01671525145112277,1.0052909049746772
-50.27758355806447,-18.448027253499525,0.012105949803100466,0.8034432785829839
-47.42318674277469,-14.113656007622833,0.03984614772678766,1.5423773968705676
-49.19960521712105,-18.26387262025502,0.018232069012439366,0.8975942095604564
-51.68569276592182,-15.54422309758317,0.01613040830794663,0.9238862085682156
-49.88681640947248,-17.841664436718847,0.012058583140867609,0.5767697538879525
-48.3394683325766,-13.6128452367262,0.012642356673264457,1.1283401024499005
-46.62593192811862,-14.47522790948094,0.03936634276795676,0.6691791037265943
-46.99199540639732,-14.385396381068988,0.039453700866669,0.5070933836998343
-46.643898233801,-13.886831398382654,0.036492076324289954,0.6762135400558638
-50.84127639884947,-14.762688800399188,0.015656348043519657,0.7168561284252112
-46.80559498494252,-14.275352758764347,0.03850438778948256,0.5151601606111816
-47.36928782572752,-13.6105994485159,0.037772255817252534,1.6211098442249223
-48.7190065401171,-13.514030555473052,0.018706423609552582,0.7293249821348514
-49.91152007978577,-15.8653708116559,0.013160783261501668,1.1462278351857451
-50.605468636768094,-18.37616203076996,0.021317286964339842,1.1590959185602887
-52.345954499749666,-16.604235132844206,0.024091128415612808,0.9153874246531171
-47.18288740427272,-14.672857271987235,0.04049014711104813,0.4582635073807489
-51.28369667627833,-16.069737538793092,0.01572588698551197,0.7706749598893535
-49.653254435601404,-16.866992353449167,0.014489389760799646,1.0929135113064063
-51.68569276592182,-17.9314959651308,0.014315533996524018,0.9772222569372699
-51.56217441435539,-15.326381641184186,0.015675493174204407,0.6514390117142912
-50.333728263321944,-12.728004681868471,0.012305954854081553,0.5093544419874371
-48.016074830293576,-15.780030859664546,0.01730077519837434,0.8212716059130009
-47.61632452886039,-13.314155404756459,0.021383662572189207,1.6024665563474503
-50.252879887751185,-15.647529355256916,0.013675370051106809,0.8558101726485994
-50.52686604940764,-16.545844639376437,0.018939464806158057,0.8362860374009724
-49.48931189624959,-17.096062750899645,0.02066944313216387,1.0040850145744902
-48.58201345928887,-14.901927669437713,0.03171318270954814,1.2275796602870794
-50.79636063464349,-17.374540488976695,0.027108466991847404,0.8482042070997445
-47.288439450156766,-14.387642169279287,0.04044626974763147,1.3101821342795812
-51.08831310198234,-15.26349957129582,0.014728282207581055,0.659094970352109
-50.102412077661164,-16.53910727474554,0.016545418933033552,0.9163101705136961
-50.306778804798356,-13.159196018245842,0.011294706917855642,0.6030184576665146
-48.57976767107858,-14.306793793708529,0.015819107874982967,1.3008441527748056
-51.06810100808965,-18.470485135602512,0.021089129411300967,0.7441036989316091
-50.52911183761794,-16.224696925303707,0.015720744859799584,1.011738381921446
-48.62243764707425,-13.576912625361418,0.018326259622352296,1.2673475602631306
-48.658370258439035,-17.79899446072317,0.019615307280344822,0.9745590935974807
-50.43703452099569,-17.212843737835183,0.01698869678217967,0.9180952316551317
-49.552193966137956,-15.811471894608728,0.013755845994980644,0.904795962183932
-46.25088529699872,-13.832932481335483,0.017195766306477397,1.3538663700036746
-51.80921111748825,-16.588514615372116,0.02710024718834267,1.0960222711167387
-49.17939312322836,-17.482338323071037,0.021908237659185,0.8731720631533366
-48.02730377134507,-15.764310342192454,0.01731530966732485,0.7941438686691553
-49.745331752223656,-16.500928875170462,0.010659279917869344,0.918523043734797
-48.66061604664933,-14.097935490150741,0.016127519702938596,1.1295157652894843
-50.0372842195625,-16.882712870921257,0.01550721311259223,0.7696917329692937
-49.86885010379009,-15.097311243733708,0.019456445926235272,0.9712891180925779
-49.846392221687104,-17.581153004324186,0.012430389696121041,0.728485926236447
-50.72224962370363,-15.555452038634664,0.015608715148185712,0.7159613659562667
-49.58363500108214,-14.237174359189266,0.008352091152603587,0.6674853590789619
-47.25699841521258,-15.13324385509849,0.03448151117671302,1.471564649259178
-48.519131389400506,-16.002363892484126,0.021054511115257697,0.8040415138010375
-49.97889372609473,-14.174292289300901,0.008136600658974964,0.764046599905734
-51.95743313936798,-18.072980622379625,0.013783591543233057,0.7932789633212162
-51.692430130552715,-16.817585012822594,0.02735538397362291,0.9959792009051981
-52.07645991451381,-16.12812803226086,0.014372793956003648,0.7262314466389572
-49.36130196826256,-16.0517712331107,0.02117262603990433,0.9043997868720405
-51.23653512386206,-16.604235132844206,0.025171862170767056,0.9224446270103165
-50.72674120012423,-14.94459764543339,0.01687809425875355,0.7494667675628749
-50.80085221106409,-17.40148994750028,0.027849617902566376,0.8399851983795785
-50.81881851674648,-15.333119005815083,0.01725524382241418,0.6200213259806721
-48.89417802052041,-14.293319064446736,0.01601819561428944,0.9570473568433822
-48.89193223231011,-15.447654204540322,0.029970212544579922,0.9218675732633362
-48.30128993300152,-17.037672257431876,0.021495934466344385,0.8153637970077178
-48.80659228031875,-17.63056034495076,0.02031666636349782,0.8032036446768488
-49.428675614571524,-16.31677424192596,0.02370483426569493,1.0031809916036292
-49.309648839425684,-15.353331099707772,0.02587611678642016,0.9756451913816003
-50.38313560394852,-14.798621411763968,0.018117660627647414,0.7641242055587233
-51.26797615880624,-15.501553121587493,0.015176439176933626,0.7289535470985999
-48.30578150942212,-16.14384854973295,0.01591125496298244,1.0367194033265459
-47.38051676677902,-15.324135852973887,0.03333183317816939,0.6945283941618635
-52.03154415030784,-16.321265818346557,0.013886282040519065,0.6956507174821982
-50.37190666289702,-13.320892769387354,0.011182159447065678,0.6948507702839164
-49.39948036783764,-13.451148485584685,0.02188327032199164,0.7184191440784381
-49.475837166987795,-17.637297709581656,0.020689893184302383,1.0405648445454574
-47.438907260246786,-15.737360883668869,0.028104469090010232,0.7627890365581149
-50.156310994708335,-17.381277853607592,0.01606217068781763,0.7351350261416072
-49.10977368870909,-14.279844335184944,0.016420466127196887,0.6664166327006671
-50.37864402752792,-16.321265818346557,0.011409625164828522,0.7906439179572461
-52.41332814605863,-17.27123423130295,0.02262057839187089,1.136058751028227
-47.46361093056007,-16.640167744208988,0.029007038115209775,0.8702704249042452
-46.40135310708874,-13.695939400507255,0.024890268738551276,1.0543492134752015
-47.057123264495985,-15.616088320312732,0.02622881030506674,1.0690816255555091
-50.365169298266125,-12.799869904598033,0.012072648081145389,0.5021684294289203
-46.0914343340675,-14.711035671562314,0.025447394996903638,0.7871727636285679
-51.757557988651385,-17.136486938685024,0.026692531878820303,0.8833409304734093
-49.34333566258017,-15.95744812827815,0.02042303447165908,0.8770423332321711
-48.00709167745238,-14.585271531785581,0.025495581289793075,1.6543517716262093
-52.12811304335069,-16.8063560717711,0.024704725755627426,0.911400923747495
-50.30453301658806,-16.30105372445387,0.01150979080669416,0.9821642474126334
-51.89455106947961,-17.38576943002819,0.025882040862162677,0.885819368085492
-49.421938249940624,-13.318646981177055,0.02159605901283467,1.0677244702484052
-48.52137717761081,-16.808601859981398,0.028154037558055477,0.8453499614414434
-50.05749631345519,-13.996875020687295,0.007927548615006904,0.6350489059698406
-49.680203894124986,-13.774541987867714,0.007816533922671098,0.7819502393220756
-51.788999023595565,-17.68445926199793,0.0140255276005844,0.9004402582361863
-51.59361544929957,-17.747341331886297,0.014483405735747953,0.7714805865010629
-49.332106721528675,-16.361690006131937,0.023597922218853176,1.0016877094359002
-52.53684649762507,-18.64116503958522,0.029666504130097797,0.8185554446549261
-49.22880046385493,-16.828813953874086,0.023908580003405584,0.9179424198047402
-47.319880485100946,-14.459507392008849,0.04089563296199735,1.5046493822794593
-51.38475714574178,-16.460504687385082,0.016023899158378478,1.1107334984342547
-49.48482031982899,-13.502801614421559,0.01695688274644058,0.8257433341737014
-48.98400954893236,-17.772045002199583,0.019872687469614455,0.75023075305698
-47.667977657697264,-17.868613895242433,0.015069342976125973,1.6403390547745094
-49.390497214996444,-13.655515212721877,0.018525922655945697,0.7960277863895352
-48.60671712960216,-16.869238141659466,0.027685423122332634,0.9771050790779641
-51.007464726411584,-16.768177672196018,0.019094074570079878,0.9436476113776209
-46.92237597187806,-13.085085007305981,0.026603645485747205,0.8552455731916884
-52.97028362221274,-17.39924415928998,0.0174264080267965,0.7613146767980475
-48.55955557718588,-13.846407210597276,0.017255215304962022,1.1389343538805663
-49.738594387592755,-17.49581305233283,0.013852961070903206,0.7981514228414334
-46.72923818579236,-14.53361840294871,0.04283004740968792,0.5367302469690741
-47.76005497431951,-18.15382899795038,0.01590260015374161,0.9574774480070182
-50.097920501240566,-14.9243855515407,0.01860540103741135,0.948102414410319
-48.99973006640445,-15.988889163222334,0.019430231421198235,1.1767729547538779
-46.75618764431594,-13.435427968112593,0.03536892119975894,0.6109848589736355
-47.582637705705906,-13.516276343683352,0.017759019807307312,1.062196918769257
-47.041402747023895,-15.818209259239625,0.026966170725824513,0.8785617932970595
-49.83067170421501,-15.312906911922394,0.020461230354562078,0.9177314463768104
-47.003224347448814,-14.79412983534337,0.0382943383303284,0.4121029056435661
-49.2849451691124,-14.821079293866957,0.025875037919002402,0.860936454710524
-48.058744806289255,-17.033180681011277,0.019261100117353734,0.9718755226876451
-49.43765876741272,-17.99213224680887,0.02005662704522358,0.8708081695143229
-49.525244507614374,-16.658134049891377,0.01529033000776432,0.8049985231567448
-50.16978572397013,-18.634427674954324,0.018224186155168777,0.8875114554399998
-49.80147645748112,-13.280468581601976,0.012014808681397477,0.5501418284085599
-48.171034216804195,-15.800242953557234,0.016920308132495326,0.9618289104869081
-49.235537828485825,-13.451148485584685,0.021112507916474284,1.0803607271035671
-47.64327398738397,-18.050522740276637,0.015567682401939007,1.2403919611247474
-49.17939312322836,-14.922139763330403,0.026302318237453666,0.732931843214769
-46.97852067713553,-14.32476009939092,0.03913064073740923,0.5590696317334481
-51.371282416479985,-15.598122014630341,0.015437765296150577,0.6779292638566333
-53.00172465715692,-17.902300718396916,0.019471554260033275,0.768226031670788
-48.09916899407463,-18.236923161731436,0.01643326002672143,0.8202252341739195
-50.25512567596148,-13.920518221537135,0.007836771661282698,0.636503734255036
-49.6510086473911,-14.594254684626776,0.01929877722655762,0.9441729263930955
-49.54321081329676,-16.78614397787841,0.014364319714824977,0.8876442675205882
-51.3465787461667,-18.47497671202311,0.02208083336514908,0.6737848786564368
-50.64813861276377,-18.91290541303138,0.026861310186556863,0.7216969295707014
-47.00547013565912,-14.392133745699885,0.039522303636252656,0.5368460468623774
-52.6603648491915,-18.443535677078927,0.023493267114343314,0.579065136453763
-49.15693524112537,-14.908665034068608,0.026492376030678232,0.8010474951419811
-48.7302354811686,-13.269239640550483,0.019237356654581907,0.653012984345919
-49.41969246173033,-15.330873217604784,0.025250222500077874,0.8467609178776571
-50.88170058663485,-18.60074085179984,0.02648140447806086,0.7188238940391535
-47.37602519035842,-15.92376130512367,0.028384627655902876,0.8336040952323819
-52.68956009592539,-17.471109382019545,0.01994509398495724,0.8454344355637996
-52.72773849550047,-17.44415992349596,0.019900251464639508,0.6734362815938351
-48.25412838058525,-15.577909920737653,0.017332396228637435,1.254930229623594
-49.05587477166192,-17.644035074212553,0.02052810493426213,0.8614383945352472
-50.416822427103,-13.076101854464785,0.011341963352838842,0.6114912196277924
-48.519131389400506,-16.927628635127235,0.02745890019554592,0.8377634465840925
-50.59199390750631,-17.201614796783687,0.02388364811904665,0.7537118173056125
-48.46747826056364,-17.29144632519564,0.023733030635019452,0.9289551832356957
-49.24676676953732,-15.562189403265561,0.018834660885514748,1.0538490806267675
-47.69043553980025,-13.583649989992315,0.016713357119808692,1.1015521414807237
-47.80946231494609,-15.032183385635044,0.023507233825694678,0.850349072643998
-51.146703595450106,-15.966431281119347,0.015675966239395767,0.6404722687121731
-46.576524587492045,-13.38602062748602,0.03442707319762158,0.6501051230071347
-49.95643584399174,-17.338607877611913,0.01542544703965847,0.7204351801983965
-50.933353715471725,-17.322887360139823,0.02571480493836481,0.9175619909703167
-46.500167788341884,-14.657136754515143,0.032773580563743535,1.364240527761873
-51.928237892634094,-15.948464975436956,0.014720313066768539,0.6253082580706364
-48.20696682816897,-15.690199331252593,0.017129474368643254,0.9041678005297578
-50.2191930645967,-15.009725503532055,0.018660033172585577,0.7740001345338153
-52.08095149093441,-18.897184895559285,0.8177397087606553,0.7999592095440707
-48.62692922349485,-17.632806133161058,0.020275125624160856,0.8135137501938393
-48.00709167745238,-13.379283262855123,0.01683545033053566,1.381702762774592
-49.32536935689778,-13.608353660305601,0.018584039183293776,0.8554180399620922
-48.09916899407463,-14.517897885476618,0.02512557588370583,1.063639774325256
-50.472967132360466,-13.437673756322893,0.011286726803535253,0.5294566684807028
-52.42904866353072,-17.769799213989284,0.012630681325852272,0.9856418683471456
-52.137096196191884,-18.876972801666597,0.6428546490023761,0.923940588039251
-50.80758957569499,-17.224072678886674,0.02315211342396462,0.8857206328352234
-47.497297753714555,-16.550336215797035,0.02163155061218544,0.8693288670809495
-49.64202549454991,-16.058508597741596,0.012867158242080007,1.0873381272125469
-50.57627339003421,-14.122639160464027,0.010200823264032766,0.5991155192801041
-49.79024751642963,-13.206357570662115,0.011998460928760316,0.5360625703902605
-49.90702850336517,-17.25326792562056,0.015181314485605456,0.8313123549226877
-51.00072736178068,-17.655264015264045,0.0270973636904553,0.891053538299003
-47.79823337389459,-15.404984228544645,0.025197943573350617,1.1403735352980355
-47.54221351792053,-14.394379533910183,0.021094323870106152,0.982889873994715
-49.273716228060906,-15.618334108523031,0.018817393559140454,0.9802554347528069
-51.9147631633723,-18.762437602941358,0.021813695447497228,0.6022455590014489
-51.47234288594343,-17.563186698641797,0.027837207508576847,0.6056900457975124
-52.07421412630352,-18.216711067838748,0.013671425435192563,1.2533744328630696
-46.286817908363496,-13.812720387442793,0.02091432451757149,1.2011573327638676
-48.79985491568786,-13.89356876301355,0.016975811381301747,1.2405773105772924
-49.11201947691939,-13.702676765138152,0.017968992821376286,0.8098392131035613
-50.73572435296543,-16.161814855415344,0.015938692653469293,0.7880510085289688
-47.452381989508574,-14.459507392008849,0.041449263435045604,0.8290348158763831
-48.642649740966945,-15.045658114896836,0.03120649699612224,1.132123883565739
-48.32374781510451,-17.224072678886674,0.022165519517806938,0.8008866889215973
-47.73310551579593,-13.44216533274349,0.020465550350227124,1.1471661772235515
-52.0921804319859,-18.025819069963347,0.013457215423519544,0.8584190787152467
-47.962175913246405,-14.879469787334726,0.024100062455764456,1.4449930305193448
-51.59586123750987,-16.613218285685402,0.02842776076220683,1.0963452081298888
-50.35394035721463,-14.515652097266319,0.01583419242396108,0.5525934754180017
-50.0462673724037,-16.08770384447548,0.012331395995940372,0.830670933501897
-48.925619055464594,-13.765558835026518,0.017551143929989518,0.9446827448401408
-48.411333555306165,-15.71490300156588,0.01673443007059674,1.0833418610573753
-49.332106721528675,-17.927004388710202,0.019956760252942945,1.0042287177763376
-49.89804535052397,-13.433182179902294,0.01203497212188868,0.6026831814894863
-51.634039637084946,-18.98252484755064,0.019722500244247952,1.1141769342271592
-50.028301066721305,-14.940106069012792,0.018727518518720145,0.8271836301238159
-48.47870720161513,-14.428066357064665,0.015573625390482262,1.14388987661377
-48.55955557718588,-13.372545898224228,0.019659320687293213,1.2199149189123535
-51.634039637084946,-17.78327394325108,0.014392260789855973,0.7522692809479761
-52.00234890357395,-18.486205653074602,0.016082669751858233,0.7656745023206016
-49.80596803390172,-16.530124121904347,0.015091017650847442,0.9131904948862267
-49.974402149674134,-14.612220990309167,0.018583112988603764,0.9827721057926803
-52.17078301934636,-16.197747466780122,0.01434636984533647,0.767610106162674
-47.64776556380457,-13.96992556216371,0.018186290178291747,1.60419886984923
-48.546080847924095,-15.05913284415863,0.03222480379546605,1.3891679692899561
-48.162051063963,-13.320892769387354,0.014768703749943334,1.2017561732199489
-47.679206598748756,-16.271858477719984,0.017042814314549844,0.906946588003858
-49.653254435601404,-15.993380739642932,0.013048966169821208,0.8790299224176207
-51.45886815668164,-15.652020931677514,0.01546684285231432,0.5175391092668135
-46.89318072514418,-13.354579592541837,0.0342625330990996,1.2553593297713321
-51.37352820469029,-18.861252284194503,0.025295389766839947,0.8074339381561298
-48.330485179735405,-15.474603663063908,0.029461626831915305,1.0669164125234059
-51.13322886618832,-17.83492707208795,0.025878940049695424,0.738423649876164
-50.012580549249215,-15.119769125836697,0.019260658473908017,1.0991989633608445
-47.84539492631087,-13.74310095292353,0.015928923311554245,1.3987610549350473
-50.94682844473351,-17.882088624504224,0.02522828041659663,0.7886719431091022
-51.227551971020866,-17.25326792562056,0.02638697680566566,0.7274498764545952
-47.79374179747399,-14.389887957489586,0.019318336912714385,1.3962347197585891
-47.402974648882,-16.923137058706637,0.02702333572816699,0.8395457125091074
-50.326990898691044,-12.93461719721596,0.011681160500715122,0.6532992047353132
-49.70266177622798,-17.43966834707536,0.015112020404741858,0.8629664336044579
-47.62755346991188,-14.369675863596896,0.020335976023643166,1.1506236645400751
-47.45687356592917,-15.539731521162572,0.027725541448808674,0.9275915328878249
-49.21307994638284,-14.432557933485263,0.016444017264374743,1.00049999846505
-48.422562496357656,-14.791884047133072,0.029764934625384244,1.39079836807509
-48.817821221370245,-13.642040483460084,0.017995380234799,0.7970026360614503
-50.00808897282862,-13.165933382876737,0.011665276876785823,0.6535983408370202
-47.95543854861551,-14.987267621429067,0.02410356764819312,0.9597784725024955
-48.73472705758919,-16.03380492742831,0.020573712459927725,0.973807914656364
-48.31925623868391,-15.75308140114096,0.016777887463575426,1.0173144657559214
-49.68694125875589,-14.353955346124804,0.008436497664725857,0.7207105085995923
-50.98949842072919,-15.162439101832375,0.014904306512081248,0.5769587668447488
-47.13572585185644,-13.567929472520223,0.0363817665110589,1.6147888428991377
-50.9782694796777,-16.4268178642306,0.016036349097472345,0.9071799999785394
-48.00260010103178,-17.32962472477072,0.019678378163754996,0.8961893167607634
-50.47970449699136,-13.19962020603122,0.01135453175441654,0.6875850482161852
-51.70815064802481,-17.711408720521515,0.014211581507382371,0.8381019153529331
-49.49155768445989,-14.913156610489207,0.022796261553648656,0.7087289455517521
-50.31800774584985,-15.991134951432633,0.012456887868942109,0.8785356173059964
-47.68818975158995,-14.416837416013172,0.02020299487982056,1.34958867219434
-49.89579956231368,-14.818833505656658,0.01870781148914341,1.121760356945943
-46.60571983422593,-14.58976310820618,0.04260779684824879,0.5025799748197092
-48.144084758280606,-13.44441112095379,0.01570362211269165,2.0526660778091137
-47.775775491791606,-14.648153601673949,0.024761437351330885,1.1127716021691165
-50.81881851674648,-17.19712322036309,0.022490688150776584,0.7699003145178507
-48.23840786311316,-17.81920655461586,0.015945879023068137,0.778918718917168
-47.38051676677902,-14.688577789459327,0.04106081391323872,1.2831891187849138
-51.382511357531484,-18.023573281753052,0.025119716203977155,0.8035332664010978
-48.164296852173294,-14.257386453081956,0.01612679673838262,0.857882159853751
-47.74658024505772,-17.450897288126857,0.018307264527833097,0.9367962774060573
-47.811708103156384,-17.713654508731814,0.015124345640793305,0.9347542374528253
-48.096923205864336,-15.288203241609107,0.026679741464185096,0.9711216218435287
-50.09567471303027,-14.12039337225373,0.008059504436823304,0.6143162928457175
-47.52424721223814,-16.6154640738957,0.015787360402018853,0.8803741435548141
-47.9801422189288,-18.178532668263667,0.01615258400819702,0.8668755670575602
-47.025682229551805,-14.172046501090602,0.038547705772301856,0.5209578521350553
-47.63204504633248,-14.547093132210502,0.025811625594039815,1.0084465217612228
-47.39623728425111,-15.519519427269884,0.027215544727186663,1.1148310498096259
-53.08706460914827,-17.282463172354444,0.017317064956993047,0.8400887088245015
-50.94682844473351,-18.76019181473106,0.02601593947776007,0.9426859287725967
-47.53772194149993,-17.976411729336775,0.01531715343272959,0.9528546298113342
-49.68694125875589,-13.17940811213853,0.012163268719883089,0.5406799526689932
-46.02855226417913,-14.300056429077634,0.020238846282518604,1.0051987251369858
-47.95543854861551,-16.224696925303707,0.01636611442108382,0.934129973390248
-50.38987296857941,-12.63368157703592,0.011850309473975711,0.6425017899732355
-52.63790696708851,-16.986019128595004,0.022982288130333678,0.8034740349243457
-52.476210215947,-17.587890368955083,0.012604095556806602,0.9663600393855473
-49.296174110163896,-15.8653708116559,0.019584369293998205,0.9998439216347146
-49.0962989594473,-14.67959463661813,0.027493350958793746,0.7950618585126578
-49.2804535926918,-17.51827093443582,0.021547992919397095,0.9671988543806648
-49.51626135477318,-16.649150897050184,0.016556722690945665,0.8031252841573219
-51.360053475428494,-18.998245365022733,0.025226841610240934,0.6882624532004854
-49.386005638575845,-17.491321475912233,0.02260205019369346,0.7638148053546937
-48.91888169083369,-16.50317466338076,0.025511803680347778,0.8916391594131557
-50.291058287326265,-14.773917741450681,0.01818107813334621,0.5993938226658927
-46.54732934075816,-14.360692710755702,0.03857243490071144,1.073794608859907
-51.494800768046424,-18.668114498108807,0.022386733776980312,0.7695577771970242
-50.42131400352359,-17.89331756555572,0.012821903841716036,1.050178392005197
-51.258993005965046,-17.563186698641797,0.02826329747152907,0.7993369363775753
-48.51014823655931,-15.438671051699128,0.03276369360250401,1.0603712838701402
-52.50540546268088,-16.46275047559538,0.020794750308116082,0.7354257303533088
-46.07571381659541,-14.657136754515143,0.025890029316371337,0.9201717487151767
-52.96579204579214,-17.185894279311597,0.01781082446271249,0.9872069726909216
-51.564420202565685,-18.183024244684265,0.014765190831907082,1.0117925134548034
-46.43054835382262,-14.239420147399565,0.02016180111835339,1.066568474804831
-52.19324090144935,-16.251646383827293,0.014265239521385042,1.266830084384923
-48.41357934351647,-17.003985434277393,0.022511067384038273,0.803687487657233
-52.72998428371076,-16.70754139051795,0.026376646099559736,0.8539552022099275
-48.507902448349014,-14.335989040442414,0.014477279480222276,1.1926501856786802
-47.67696081053845,-14.362938498966,0.019946450583188315,1.3266778347511206
-51.11750834871622,-16.265121113089087,0.015882014745243554,1.0158726057086418
-48.49891929550782,-16.397622617496715,0.01992488232932116,0.8532318135401237
-48.55281821255499,-16.756948731144526,0.028980000616241428,0.8218128359502116
-49.648762859180806,-15.683461966621696,0.014051833646139407,0.8425266421416703
-47.45687356592917,-15.860879235235302,0.02861419062165461,0.8073928602573611
-47.31538890868035,-14.035053420262374,0.03902328402052137,1.5326882352250129
-49.48482031982899,-16.022575986376815,0.019829390462654594,0.8520371880139511
-48.78188861000547,-14.621204143150363,0.030127227857159797,1.0172582044460965
-47.75780918610921,-14.973792892167275,0.023358688614924256,0.8567990299432725
-47.892556478727144,-14.367430075386597,0.01852695536708009,1.4181403023636705
-49.24901255774762,-17.02644331638038,0.02279193737919815,0.8599527203759018
-51.01644787925278,-16.685083508414962,0.01994497304033094,1.0249911333399
-50.70877489444184,-15.92151551691337,0.015803089688214488,0.7474713788977612
-48.68082814054202,-17.82369813103646,0.01951492786513878,1.0161921542442551
-52.71650955444897,-17.50255041696373,0.015252628402323332,0.7741616098921611
-50.17427730039073,-16.981527552174406,0.01595336725738845,0.8856898144180527
-47.33784679078334,-15.027691809214446,0.03622114953512302,1.554734858671293
-51.06360943166905,-15.492569968746299,0.015906277834316893,0.5507628617875528
-51.65200594276734,-18.32226311372279,0.014696252081933203,0.9450657498550513
-49.00646743103535,-16.01583862174592,0.019620087101920595,1.1702945919100454
-46.576524587492045,-13.01097399636612,0.02800547300450785,0.7385238002341254
-49.54321081329676,-15.609350955681837,0.014435603187241302,0.9725937824979365
-50.30004144016746,-15.37803477002106,0.01988038503904435,0.8971357499584669
-52.15057092545367,-17.10504590374084,0.024216982319407453,0.9604162768860629
-47.402974648882,-15.638546202415721,0.027590861330445828,0.8208869926788464
-49.93622375009905,-14.13835967793612,0.008105188963267498,0.9756299972937832
-51.917008951582595,-18.185270032894564,0.013969582024032949,0.6672733535660994
-52.2898097944922,-17.055638563114265,0.02344524665700848,0.9415538868376303
-51.7261169537072,-18.903922260190182,0.020168780381636515,1.0124006872858184
-48.77739703358487,-17.40373573571058,0.0251792558989964,0.6928809721350434
-51.510521285518514,-15.272482724137015,0.013467901441348564,0.6036839330614999
-50.34046562795284,-17.886580200924822,0.012692200023508482,0.8881069627440259
-48.83803331526294,-15.550960462214068,0.01895724223114602,1.215316502436084
-47.984633795349396,-17.924758600499903,0.01563420244788189,0.9322181053183848
-46.49792200013158,-14.331497464021817,0.02577871749896298,1.153072175773559
-51.654251730977634,-17.10504590374084,0.027404555590890035,1.0669246227036837
-51.7328543183381,-18.692818168422093,0.019973088413509355,0.7160539296524031
-50.62118915424019,-16.359444217921638,0.01613554730156512,1.1818812435715058
-47.234540533109595,-16.84004289492558,0.025489955623013812,0.9462296135046341
-48.57078451823738,-13.48034373231857,0.019718179991301127,1.2201961643396504
-51.1556867482913,-18.92862593050347,0.025399016142127747,1.143208040288253
-51.73959168296899,-16.599743556423608,0.027510683939699403,1.0168792506239204
-48.67184498770083,-17.51602514622552,0.020462096926923214,0.8275319153978778
-50.13160732439505,-17.282463172354444,0.0158673403995156,0.8199617701873447
-47.5961124349677,-17.136486938685024,0.015785686198516478,0.9154379693975278
-49.305157263005086,-16.644659320629586,0.025804635611751846,0.9074418604433513
-48.15082212291151,-14.75819722397859,0.02568194382247117,1.6801062258749226
-48.941339572936684,-17.953953847233787,0.019074419820297256,0.9133598839224163
-47.86336123199326,-14.488702638742733,0.020898319508736746,1.4928939475857268
-52.42904866353072,-17.76530763756869,0.012630169966208627,0.9817293021208416
-49.617321824236626,-14.1765380775112,0.008266505012698579,0.6784488922976412
-50.32474511048075,-17.102800115530542,0.016511292595388687,0.8509945611000465
-50.10465786587147,-15.840667141342612,0.013082717138029623,1.0294364733294716
-50.62343494245049,-17.59238194537568,0.027502765080627035,0.616121836580513
-51.49704655625672,-15.290449029819406,0.012353692818663428,0.6302759547978488
-50.605468636768094,-17.228564255307273,0.024409746190908434,0.7441428423763353
-50.57627339003421,-16.669362990942872,0.01699908109036499,1.241604024950728
-50.48419607341196,-17.358819971504605,0.018061774129720293,0.6082406722633925
-47.432169895615885,-16.84678025955648,0.02760775941381347,0.8879319236787496
-49.12100262976059,-13.826195116704586,0.017554213093234287,0.7635192294568834
-49.71613650548977,-13.437673756322893,0.012368666068771387,0.6732727427712515
-50.585256542875406,-13.734117800082334,0.01049965469912264,0.7402487864103003
-49.91825744441666,-13.93399295079893,0.007888194360022804,0.705405458303654
-50.10690365408176,-14.08221497267865,0.00801582480974006,0.641694476902659
-51.84514372885304,-16.489699934118967,0.017341262417057576,1.1852101841706717
-51.55768283793479,-15.667741449149606,0.0157018710256138,0.755243757941578
-47.30191417941855,-17.039918045642175,0.02611556783507308,0.9024095468289298
-50.16753993575983,-13.552208955048132,0.007478718641810538,0.6453157403307871
-49.07384107734431,-17.19487743215279,0.022494448138894674,0.8272401203016236
-50.821064304956785,-17.56767827506239,0.02767694503373361,0.7953242508225978
-50.569536025403316,-18.748962873679563,0.027459202887629017,0.92553692074809
-48.49667350729752,-16.029313351007712,0.018745232582528738,0.8621518528154014
-47.497297753714555,-16.054017021321,0.022516649917522672,0.7719426063209728
-47.14021742827704,-17.017460163539187,0.017318084906470667,1.0434521002038428
-48.69430286980381,-14.742476706506498,0.030698748362618357,0.8254578352560218
-52.22019035997294,-16.060754385951896,0.014764066164305228,0.7076311720420739
-48.84252489168354,-13.839669845966379,0.01720905777097693,1.1561791953504545
-48.159805275752696,-17.83268128387765,0.0158171371073182,0.8515827917252884
-47.83865756167997,-17.38352364181789,0.018600678794304434,0.7046818914027743
-48.299044144791225,-16.543598851166138,0.021384078354658994,0.8493822697988332
-49.15468945291507,-14.94684343364369,0.026442265200609067,0.7661271886931339
-51.94844998652678,-16.91415390586544,0.025550311313196097,1.106366028542374
-50.88170058663485,-17.72263766157301,0.02644959618864046,0.7472616516468046
-48.705531810855305,-13.709414129769048,0.017723448581245728,1.197258329652806
-51.84065215243244,-16.29431635982297,0.013693145009017504,0.627708283790764
-49.87558746842099,-13.525259496524546,0.007535912429129696,0.6897393302560485
-48.604471341391864,-14.791884047133072,0.031510237392360675,0.9009714596074795
-46.848264960938195,-13.482589520528869,0.035959410840220536,1.1356189229303015
-50.39211875678971,-14.255140664871657,0.008232480790982046,0.64080228715315
-49.56117711897915,-13.6105994485159,0.007730087109481107,1.0245232545526897
-48.10815214691583,-14.10018127836104,0.015526874060348023,1.0518899808818938
-47.89480226693744,-14.109164431202235,0.016992093181880143,0.8938132911239757
-51.26797615880624,-17.417210464972374,0.030977627762193562,0.7756737112157125
-48.914390114413095,-17.677721897367036,0.020197834401277433,0.9128903713139636
-49.59037236571304,-16.491945722329266,0.009977113019780725,1.0326035002862104
-48.379892520361985,-17.729375026203908,0.016132851374800052,0.8206416532877258
-50.28881249911596,-18.627690310323427,0.019584293662219674,0.8250538724792174
-48.51463981297991,-14.538109979369306,0.03171003991189784,1.1819474552113391
-52.38413289932475,-18.64565661600582,0.027196435638011864,0.7348671492982136
-51.85188109348393,-18.82756546104002,0.02119780956041755,0.7243424889822321
-48.55281821255499,-16.03829650384891,0.022010647621711156,0.8763833729671701
-50.25063409954088,-12.851523033434905,0.008576379885681372,0.6039753978916497
-50.54932393151063,-17.408227312131178,0.029717044077455575,0.6082592923262738
-51.157932536501605,-15.595876226420044,0.015462525574176397,0.926935970720046
-51.11077098408533,-16.222451137093408,0.0158529028541333,1.1060119740268985
-48.63815816454635,-13.195128629610622,0.018990734927641573,1.0350567521535707
-47.05487747628569,-15.782276647874845,0.02683811979785484,0.9450262645600657
-52.768162683285844,-17.23081004351757,0.018827842344438593,1.2943740643021173
-49.138968935442975,-14.387642169279287,0.016351426287043058,0.9092820853910734
-49.70041598801768,-16.52114096906315,0.013677697670683527,0.8510984837133787
-50.54034077866943,-13.848652998807573,0.010494522230966447,0.6373707934498217
-50.91314162157903,-15.369051617179863,0.016697632756078575,0.5921919616816678
-50.423559791733894,-14.219208053506877,0.00819588975493948,0.5842125833567058
-51.119754136926524,-17.01072279890829,0.021259665292847046,1.1696287475962694
-47.16716688680063,-15.023200232793847,0.03540130255318628,0.7183681998823087
-47.79374179747399,-16.67160877915317,0.016983638218823285,0.9678899858120832
-47.67471502232816,-15.142227007939685,0.023166077082735943,0.8854598436775433
-47.501789330135146,-13.262502275919585,0.028065734675227726,1.0781368056293792
-51.04339733777636,-15.586893073578848,0.015487262747671583,0.5375911787784508
-47.33335521436274,-16.768177672196018,0.028134833515407038,0.8571238564826769
-47.29742260299796,-14.241665935609864,0.039830468677512824,1.4946359084747929
-51.88781370484871,-18.98027905934034,0.019953272451169346,0.9286471302616914
-50.53584920224883,-17.942724906182292,0.02458807627731917,0.7242985055960913
-49.648762859180806,-14.037299208472673,0.008099181315572085,0.677385559074959
-48.77515124537457,-14.241665935609864,0.01587424549133964,0.9165158218152794
-50.439280309205984,-17.284708960564743,0.017028173560743775,0.9354586864048698
-47.66573186948696,-18.19425318573576,0.01600292924120173,1.0967606210625627
-49.969910573253536,-13.114280254039866,0.011744904478445645,0.5921516569855072
-48.49891929550782,-13.794754081760402,0.013654511391134662,1.1813728088396214
-47.881327537675645,-16.835551318504983,0.017560644667005444,1.0528717834561436
-51.31289192301222,-18.4951888059158,0.0231854582552408,0.5797155591310248
-47.373779402148116,-15.146718584360283,0.0350574357519285,1.07681041373264
-53.01744517462901,-17.83717286029825,0.019090961569824712,1.1871121596700396
-49.6555002238117,-17.960691211864685,0.011599325611009957,0.7110138394006965
-49.819442763163515,-17.68445926199793,0.01222705311913721,0.5573250560768731
-50.589748119296004,-13.747592529344129,0.010467873003051133,0.7552562711738352
-52.687314307715084,-18.4951888059158,0.027505493644855616,0.5391725388407237
-50.96254896220561,-14.863749269862634,0.014281360191540627,0.5609682972483897
-47.355813096465724,-17.62382298031986,0.019410009519076916,0.778693902079833
-52.880452093800784,-18.21221949141815,0.021598092763988837,0.5332525001523684
-47.95319276040521,-14.976038680377574,0.0240762645546208,0.9481631179973271
-47.95319276040521,-18.095438504482612,0.0159242704409396,0.793919803170745
-49.81045961032232,-13.165933382876737,0.011963528495667017,0.5962771954597258
-48.75269336327158,-14.28658169981584,0.015804356128801773,1.0371949116618706
-52.23141930102443,-16.211222196041916,0.014414444475079799,0.9776726387711658
-48.86947435020712,-16.72775348441064,0.026073216647834345,0.9692619189957948
-50.05075894882429,-13.419707450640502,0.011762155663869178,0.6330760632657354
-50.380889815738215,-15.661004084518709,0.013585219173490485,0.9051686699368401
-48.957060090408774,-13.377037474644824,0.01991701239677617,0.6676407407954791
-49.82393433958411,-13.6105994485159,0.007600361565101342,0.512239882859807
-53.02418253925991,-17.062375927745162,0.01891613717568732,0.7867047661348475
-48.379892520361985,-18.016835917122155,0.016452092970632378,0.831108440142137
-50.15855678291864,-16.96805282291261,0.0159004522202383,0.8000474022740741
-46.789874467470426,-14.389887957489586,0.039020155292847365,0.6082749533956312
-48.283323627319135,-17.82369813103646,0.016032814758099933,0.8396397654993626
-51.3533161107976,-17.733866602624506,0.027186227134609154,0.8649247385782957
-51.66548067202913,-15.250024842034028,0.010984091267492502,0.9446756395472501
-50.54034077866943,-13.925009797957733,0.010421081978050459,0.6890854193350172
-47.185133192483015,-13.430936391691997,0.03743756906471772,1.097933762930752
-49.73634859938246,-16.01808440995622,0.012868162187144884,0.8150518643799335
-47.13572585185644,-13.484835308739168,0.037244596194415704,1.478642141466061
-51.966416292209175,-17.792257096092275,0.013629567740645448,0.9019536364379998
-51.62505648424375,-17.994378035019167,0.014489714766299027,1.0939175080324641
-46.72474660937176,-13.749838317554426,0.03599272838848606,0.5061602374473916
-46.96504594787373,-14.81209614102576,0.03799652111117716,0.5314448690564202
-49.39498879141704,-16.52114096906315,0.026272605204042045,0.8479154782022471
-49.749823328644254,-17.08258802163785,0.014655362890393443,0.9448767192506341
-48.74595599864069,-13.83742405775608,0.017186472139596575,1.236563141462363
-48.54383505971379,-16.37291894718343,0.024456425949164647,0.811586725438353
-49.63528812991901,-14.753705647557991,0.01915486088598946,1.2137997878505036
-49.52749029582467,-14.129376525094925,0.008842317003680199,0.8012986961131287
-50.627926518871085,-15.083836514471916,0.01817317315267139,0.580065864562691
-46.419319412771124,-13.091822371936876,0.021840630682736818,1.0225696733547964
-47.50403511834545,-15.609350955681837,0.020857832981246806,0.859644227440611
-51.281450888068036,-17.78102815504078,0.02663190666229216,0.9070227371402023
-51.750820624020484,-15.986643375012035,0.01448402511389362,0.5788929717273202
-47.45013620129828,-15.369051617179863,0.03346650077083908,1.5107929586249096
-49.4646082259363,-15.681216178411399,0.020404561737297763,0.762029495746643
-49.48482031982899,-15.829438200291118,0.019259674110340384,0.8558862375864287
-47.33335521436274,-17.01072279890829,0.02634069795938421,0.9463239915128288
-47.91726014904043,-18.016835917122155,0.015704269053422166,0.8135597543117475
-49.309648839425684,-15.429687898857932,0.026389678501375396,0.9749911484589159
-51.05013470240726,-14.749214071137395,0.010260491345758602,0.9351592814664604
-48.08794005302314,-16.756948731144526,0.019312505384158938,0.9787454063806648
-47.35132152004513,-17.758570272937792,0.01478922121820988,0.9380216793183829
-49.77901857537814,-18.039293799225142,0.011623220518386213,0.7186741767588982
-47.34907573183483,-13.66674415377337,0.03782389623897482,1.513687464442154
-49.75431490506485,-17.859630742401237,0.01186768661395852,0.8208914132088024
-49.049137407031026,-15.398246863913748,0.02822816704510688,0.9038213943075352
-51.115262560505926,-16.58177725074122,0.023105117055468773,0.8158416234481356
-50.026055278511,-14.971547103956976,0.01880250995499416,0.8547015192600876
-48.12162687617762,-13.399495356747813,0.01565143289166247,1.6670383515221692
-51.69692170697331,-16.35495264150104,0.013428016924561834,1.0563279805980093
-51.40272345142417,-17.149961667946815,0.027346477780499027,0.9763883911911718
-48.29455256837063,-15.717148789776179,0.016906029348932716,1.0351604835584174
-47.230048956689,-14.008103961738788,0.03853924866839866,1.2803705275884953
-50.80309799927439,-18.427815159606833,0.02084471471855544,0.7676450376134826
-49.93397796188876,-17.16343639720861,0.015164199845125967,0.8967153170431335
-46.405844683509336,-12.945846138267454,0.01915546085512674,0.9524816830348102
-46.61021141064652,-13.59038735462321,0.03527919967444959,0.6340155741444226
-49.82168855137381,-17.432930982444464,0.015300264919155227,0.7557687326432143
-52.99498729252603,-18.124633751216496,0.021273933977003164,0.45952105519478176
-50.782885905381704,-16.548090427586736,0.01933369102665412,1.0002145187456077
-52.57951647362074,-18.189761609315163,0.020739132730378057,0.9019466641822046
-50.80309799927439,-15.730623519037971,0.015652696336315518,0.6421716984555298
-49.04464583061043,-12.93461719721596,0.019009853433098134,0.6593828591627168
-47.20309949816541,-13.96992556216371,0.038264480825129475,1.154571959126666
-50.9670405386262,-17.34309945403251,0.02635645533346612,0.9150106767280515
-46.87746020767208,-14.428066357064665,0.03937773379847491,0.6112395642803615
-48.213704192799874,-13.880094033751757,0.014014959622024106,1.2192451574407563
-48.23616207490286,-15.739606671879166,0.01695079562225246,1.0339044804037252
-51.1601783247119,-17.545220392959404,0.028208484596821456,0.8952509490005683
-51.735100106548394,-16.25613796024789,0.01367138402487475,0.7544494839835428
-49.99236845535652,-16.934365999758132,0.015308318109248488,1.0296926960687285
-50.461738191308974,-12.988516114263133,0.011526221064586683,0.6075358321822527
-47.73310551579593,-14.185521230352395,0.018537651944480957,1.1559425574525342
-47.99586273640089,-13.749838317554426,0.014902702243173893,1.3584500002757842
-50.9760236914674,-14.731247765455004,0.014217189301348822,0.6933940314267645
-52.17527459576696,-18.15607478616068,0.013400591031893084,0.8445329819683131
-48.016074830293576,-17.63056034495076,0.01543914003857669,0.9683229788539336
-48.64040395275664,-18.317771537302193,0.01817286611588131,1.0952489157037608
-46.58101616391264,-13.30966382833586,0.033025575105571116,0.735323998391916
-47.50403511834545,-14.064248666996258,0.023169190479460734,1.3565673285440232
-48.59773397676096,-13.210849147082714,0.015045067114037483,1.0256057397600005
-51.77552429433377,-17.156699032577713,0.02657191374423859,1.126155321174797
-48.95930587861908,-16.404359982127612,0.023256598298578575,0.9063293536943462
-49.990122667146224,-18.1178963865856,0.011843652602311152,0.7624798623317627
-48.3462056972075,-15.613842532102433,0.017080663336189402,1.3171218946900396
-50.63466388350198,-16.63118459136779,0.017421767106181443,1.0290031248249176
-48.47646141340483,-13.621828389567394,0.012240991953366545,1.253703370130949
-47.51526405939694,-17.637297709581656,0.0126328928228414,0.8489751273349276
-48.74146442222009,-16.929874423337534,0.02583422520318669,0.8906741899116876
-52.03828151493873,-16.63792195599869,0.025610529729438388,1.3041969376803955
-50.42805136815449,-15.604859379261239,0.013782820640133777,0.7525219217475486
-49.691432835176485,-17.805731825354066,0.011888788493764412,0.7755829748920964
-51.479080250574334,-18.537858781911478,0.02459172960679543,1.0290679857337197
-52.04501887956963,-16.617709862106,0.02563294760070164,1.3285554038803962
-49.862112739159194,-17.44415992349596,0.015405419166954001,0.7422028275167044
-46.4664809651874,-14.549338920420801,0.028367131186595635,1.6471841798620745
-49.07384107734431,-14.012595538159387,0.016910283727207796,0.8051850277769889
-50.12262417155385,-15.95969391648845,0.012675232241923625,1.1273867225536198
-52.790620565388835,-17.27797159593385,0.018275794556294047,1.0758398753820606
-52.71650955444897,-16.716524543359146,0.026489063453341576,0.8488796199834562
-50.13609890081565,-15.503798909797792,0.01694148248921629,0.7960305463833928
-51.054626278827854,-16.961315458281717,0.019979634536063974,0.934885286676622
-49.107527900498795,-16.95682388186112,0.022728084484689316,0.8668286663543214
-47.36030467288632,-16.67610035557377,0.028834527815813256,0.7756666302554494
-49.053628983451624,-17.621577192109566,0.020622916151828003,0.8486693922591456
-52.60871172035463,-16.74347400188273,0.027121913867253024,0.9350260130874936
-46.95381700682224,-14.443786874536757,0.03963228586822225,0.4732227406644216
-50.403347697841205,-15.086082302682215,0.018715755499266,0.8666340519415763
-47.81844546778728,-13.8014914463913,0.016299334077684986,0.7016270834724582
-50.27309198164387,-17.203860584993986,0.016318745244981656,0.6924594051586502
-47.76005497431951,-18.302051019830103,0.016337282585219597,0.8429941251959051
-47.38276255498931,-14.452770027377952,0.041120789750887954,1.2315930951507028
-48.93460220830578,-13.832932481335483,0.017305690185350508,1.0823550232244863
-50.681825435918256,-13.662252577352772,0.010316215705242295,0.5740420299294388
-50.70877489444184,-13.87560245733116,0.009979002020226804,0.5658634933496804
-46.26211423805021,-14.749214071137395,0.02568057000175277,0.8316232120562449
-48.75269336327158,-17.769799213989284,0.019723886722127538,1.0596951019415617
-48.368663579310486,-13.6128452367262,0.01252093315681453,0.9963370688535161
-50.681825435918256,-14.81434192923606,0.017409230136725042,0.6331172340718614
-48.77515124537457,-15.104048608364605,0.0299460040428436,1.2198401225921531
-48.952568513988176,-16.696312449466458,0.02580634244563913,1.005828587141609
-48.37764673215168,-16.815339224612295,0.021983885816917792,0.783947714216724
-49.10528211228849,-14.389887957489586,0.016290347052305997,0.7751148253621335
-52.094426220196205,-16.496437298749864,0.018577751340398203,1.0187382338860405
-52.864731576328694,-18.245906314572633,0.021871599507324112,0.6231643447259662
-50.216947276386406,-13.141229712563451,0.011405748775085702,0.8191331700595906
-48.36641779110019,-16.714278755148847,0.02187307467592018,0.8802462831216493
-47.865607020203555,-14.353955346124804,0.01861202967614639,1.305876457511808
-50.681825435918256,-13.471360579477375,0.012436677064571909,0.7670118238882045
-49.74757754043395,-14.203487536034785,0.008237761808432689,0.5939613277001629
-49.39948036783764,-17.67098453273614,0.021238612788492296,1.0622315547785
-48.86947435020712,-13.6128452367262,0.018126772642942556,0.6690619089927341
-50.00808897282862,-14.23043699455837,0.008195629843749504,0.7965297992895463
-49.370285121103755,-16.03605071563861,0.0211245081536749,0.9305630374590618
-48.04527007702746,-15.876599752707394,0.016989815653175113,1.0196810867421242
-50.20122675891431,-17.702425567680322,0.012711241928182111,0.7568531407475575
-46.569787222861144,-13.249027546657793,0.031958271651886756,0.6881591568307681
-48.43828301382975,-14.711035671562314,0.03033268084743581,1.3683112554069112
-48.04077850060686,-16.07198332700339,0.01652697124830033,1.054277665004398
-46.97627488892523,-14.183275442142095,0.03845994075708713,0.5889645633498307
-50.69530016518005,-15.604859379261239,0.015646065857010595,0.6667132267065271
-50.56055287256212,-16.770423460406317,0.016817995967769724,1.0650324554574873
-46.71351766832027,-14.574042590734088,0.042336632562497686,0.6050918809333313
-50.778394328961106,-15.970922857539943,0.015798195298214922,0.6333273207434026
-50.98500684430859,-15.068115996999824,0.014536112797779983,0.5112321608948164
-49.18613048785925,-13.563437896099625,0.018562140509552644,0.9555601368553818
-50.28656671090567,-15.730623519037971,0.013364197291878707,0.7909180386276581
-48.45624931951214,-16.69406666125616,0.022738997805030362,0.8954822298962943
-50.333728263321944,-13.015465572786718,0.011492718730352472,0.6478601047057528
-49.963173208622635,-15.157947525411776,0.019487102291258187,0.9376464273765789
-48.38438409678258,-18.22569422067994,0.016821285173019524,0.8741097995035408
-49.70939914085887,-18.236923161731436,0.011267160621659982,0.7413176656333005
-49.87558746842099,-14.549338920420801,0.018839266322681274,0.7730703461461469
-51.654251730977634,-15.669987237359903,0.015648641546906674,0.490367520343094
-50.95805738578501,-16.85576341239767,0.018193133996669657,0.8395099000548693
-52.431294451741024,-17.78102815504078,0.012627629377075678,0.9978292991551729
-48.1665426403836,-15.757572977561557,0.01703597230767877,0.8542939404026194
-48.06997374734075,-15.492569968746299,0.023584916051350744,1.0594452687634628
-47.93298066651252,-14.241665935609864,0.017463255332061136,1.2955549754140425
-46.94258806577075,-14.185521230352395,0.03838203739637491,0.5840941167746371
-52.46048969847491,-16.871483929869765,0.022784915792073934,0.7929764616711678
-50.178768876811326,-18.086455351641415,0.0121944651789348,0.7768451692121993
-51.22306039460027,-17.94497069439259,0.025229930477254876,0.9525698834349855
-51.87658476379722,-16.56156515684853,0.02677004199810614,0.9991094597469896
-48.09916899407463,-17.127503785843828,0.01982825212026935,0.9321110836900708
-48.80659228031875,-15.73511509545857,0.019132983911312,1.1233390258950882
-48.62692922349485,-14.490948426953032,0.020318979171677663,0.9052708098232821
-51.355561899007895,-16.134865396891755,0.01576789980424972,0.956575360984961
-51.27246773522684,-16.31677424192596,0.015900427715250066,1.0019931583214545
-46.26660581447081,-14.773917741450681,0.025500495891342602,0.8124359424101132
-49.12549420618119,-15.946219187226657,0.019158392919727926,1.2067710518286023
-50.00808897282862,-13.361316957172733,0.011748388610237545,0.6632247074202061
-48.620191858863954,-14.955826586484884,0.03135052744715842,0.8899219226545306
-49.96541899683294,-14.686332001249028,0.018555247677358302,0.9200155878559372
-46.44626887129471,-14.277598546974646,0.019832042901014073,0.950726628321648
-49.72511965833097,-15.84515871776321,0.01342622624359888,1.400432540555683
-47.71963078653413,-16.09219542089608,0.01732452043216066,1.0213646333693298
-49.94969847936085,-17.21958110246608,0.01525670333893995,0.8203629280920571
-50.275337769854175,-15.928252881544266,0.012686245616631104,0.7822031291796724
-48.3551888500487,-17.21733531425578,0.022440308466534106,0.8085162353917253
-48.88968644409981,-14.88845294017592,0.0287545072474498,1.193641810285403
-49.98787687893593,-13.374791686434527,0.011797658061219875,0.697224746208183
-50.439280309205984,-13.570175260730522,0.007519277068051158,0.7690416068390529
-51.22306039460027,-18.337983631194884,0.022290325788062757,0.9943802554642546
-48.45849510772244,-17.43966834707536,0.024220809318173553,1.0097330934344286
-49.4646082259363,-17.228564255307273,0.023329954718097824,0.9708013724579184
-49.45337928488481,-15.420704746016737,0.02570553035435407,0.8503656887895418
-50.82331009316708,-14.684086213038729,0.01605273655269693,0.6435646979246363
-47.94196381935372,-14.848028752390542,0.02405087681738625,1.2134309038437079
-49.17040997038716,-13.38826641569632,0.02064497775177241,0.63128878952606
-47.614078740650086,-13.774541987867714,0.017779831438509464,0.8641904486999122
-47.587129282126504,-13.940730315429825,0.018546035886698314,1.7107054112328006
-50.605468636768094,-15.274728512347314,0.018992259382581533,0.7565743853258854
-50.52012868477674,-18.221202644259346,0.020438029550905353,0.9439162919671071
-52.77040847149615,-18.245906314572633,0.02160537246663008,0.7610146815763975
-47.014453288500306,-14.019332902790284,0.03781084576543313,0.9085907162106253
-48.11938108796732,-15.202863289617753,0.02634757231268314,0.8305264332152973
-49.85986695094889,-18.560316664014465,0.01807701287554182,0.6940012350675281
-49.22655467564463,-17.7406039672554,0.020452767793690953,0.9078631316054531
-47.378270978568715,-15.869862388076497,0.0281963205503373,0.8435433406730114
-50.005843184618314,-12.959320867529248,0.010454222273640306,0.697300190306835
-48.77515124537457,-14.010349749949087,0.016513865002179856,1.2037431210848701
-51.31962928764312,-18.567054028645362,0.02567938763006682,0.7499511917106253
-47.51750984760724,-14.749214071137395,0.023710823344439975,1.1596531809551365
-52.59074541467224,-17.28920053698534,0.02130770949482997,1.2979823271826083
-47.62306189349128,-14.13835967793612,0.019115580194313298,1.0121716970190708
-47.88581911409624,-15.557697826844963,0.018225120953226568,1.1618102556344552
-52.581762261831045,-18.517646688018786,0.031976717050795564,0.6774693445483816
-50.36966087468672,-13.983400291425502,0.007915291138214556,0.5791190455946614
-50.25063409954088,-13.89356876301355,0.0078081719127202475,0.6498979421852382
-51.660989095608535,-15.618334108523031,0.01585126709166024,0.5142322026244325
-47.0391569588136,-15.84515871776321,0.027069583699133655,0.8128267097062071
-50.06198788987579,-13.183899688559128,0.011582977665503433,0.688217409823897
-47.49954354192485,-14.414591627802873,0.025607785363207097,0.9775667702858145
-50.54483235509003,-17.78102815504078,0.026034846631174263,0.9716142495240311
-51.05238049061756,-18.15382899795038,0.02324951312058152,1.0470675473690454
-50.450509250257475,-17.61259403926837,0.01322695630966175,0.6880287054348173
-50.38987296857941,-16.810847648191697,0.01705908318964481,0.7224687845067419
-48.42480828456796,-16.723261907990043,0.02242846286170207,0.9390920394558177
-51.58238650824808,-18.38065360719056,0.014919231526284247,0.915186881078386
-52.190995113239055,-16.622201438526595,0.02483553411959766,1.0873515142908434
-51.59361544929957,-16.909662329444842,0.027937452608339314,1.038395235844724
-48.97053481967057,-14.484211062322135,0.018199656127050667,0.8533418048014983
-49.24676676953732,-14.641416237043051,0.026661896067065115,1.1662990345786912
-51.591369661089274,-17.913529659448407,0.014531450396476155,0.9163025565551989
-48.37090936752079,-17.88882598913512,0.0162654846337947,0.9197953694943002
-48.75718493969218,-15.162439101832375,0.03024069814885912,1.022922790709606
-48.90091538515131,-13.237798605606299,0.019398237962244262,0.629337264407235
-47.44115304845708,-13.305172251915263,0.03741911757318372,1.1455196233198948
-49.296174110163896,-18.470485135602512,0.01791604123980653,0.8446761370582325
-50.794114846433196,-18.823073884619426,0.026393564634285546,1.183109970050809
-48.86273698557623,-17.99213224680887,0.01887612284828907,0.92237147951701
-48.32823939152511,-14.580779955364983,0.02931874357093874,1.1522602887980813
-49.36579354468316,-17.902300718396916,0.020164335601349535,1.0643277136165274
-49.54321081329676,-17.145470091526217,0.014328299683956632,1.0834950701758361
-49.72062808191037,-14.021578691000581,0.008049358050457672,0.6976547851757317
-46.83479023167641,-13.50055582621126,0.03548861690801841,1.047435728028652
-51.79349060001616,-16.725507696200342,0.02683832200515531,0.9098789275193436
-48.96379745503967,-14.62344993136066,0.028635469351657034,0.9117627341985312
-50.53584920224883,-14.178783865721497,0.010235913138789392,0.5714328993123098
-50.52462026119734,-16.208976407831617,0.015394710779837615,1.0693012812282896
-49.48931189624959,-16.03380492742831,0.019176853605168603,0.8231618390037907
-48.3506972736281,-16.815339224612295,0.02172690057797459,0.8035046245687706
-50.84127639884947,-13.785770928919208,0.007944956720644656,0.8300442158793618
-52.08319727914471,-17.998869611439762,0.013457723380918354,0.6325038397245663
-46.6573729630628,-13.922764009747434,0.03666228969634048,0.670659794789184
-51.44314763920955,-17.7406039672554,0.027408932022113395,0.861256828710412
-47.169412675010925,-14.32251431118062,0.039708287703840627,0.9881012073644904
-49.46236243772601,-18.344720995825778,0.018891746567308933,0.7944206353859428
-51.40496923963447,-16.516649392642552,0.027437910344809652,1.0103715455638393
-47.474839871611564,-17.304921054457434,0.022240852710559374,1.1232431764058364
-51.548699685093595,-17.46212622917835,0.0282096576412937,0.7469541750092148
-50.38987296857941,-18.4906972294952,0.015114539479437797,0.8749348236397828
-50.724495411913935,-16.909662329444842,0.017225740439520125,0.7854554309927079
-48.41357934351647,-16.134865396891755,0.01580793790551997,0.925160152082745
-49.00197585461475,-17.971920152916177,0.019062256850752413,0.8859881284712986
-46.64165244559071,-14.270861182343749,0.03823868841652399,0.6348159481390642
-50.044021584193395,-16.289824783402373,0.011744303442008804,0.9774093674847423
-47.935226454722816,-18.302051019830103,0.016429289976816166,0.849380705332076
-52.39985341679684,-16.754702942934227,0.023378196764346913,0.9839513244273244
-48.3439599089972,-16.545844639376437,0.021795595701109022,0.8808722757607444
-49.49380347267019,-15.164684890042674,0.022693394890075023,0.8957229119401992
-50.83229324600828,-18.072980622379625,0.02362620036424818,1.1228289882160012
-50.19673518249371,-17.50030462875343,0.014470235979401159,0.6548484484465428
-47.57590034107501,-14.423574780644067,0.021028929497177364,1.1175028662406226
-48.485444566246024,-15.218583807089844,0.031313398506735285,0.8664493790266162
-47.33784679078334,-16.73449084904154,0.028388252579342122,0.8575487016764405
-51.5352249558318,-17.852893377770343,0.014711596039629992,0.8115237259384777
-47.98238800713909,-14.297810640867334,0.01749603131088706,1.4409694640561523
-46.518134094024276,-14.690823577669626,0.038874089500728945,1.417281289466315
-48.5415892715035,-17.226318467096974,0.02757221475116517,0.932529115352187
-48.61794607065365,-18.20997370320785,0.018243317081945456,0.9459217063245253
-48.79536333926726,-15.211846442458947,0.029975266019052,0.9366202320614022
-47.31538890868035,-16.660379838101676,0.02840786639791427,0.851522992695492
-47.966667489667,-14.928877127961298,0.02410906933097404,1.422178214737813
-50.4011019096309,-17.316149995508926,0.016889544765050748,0.9386284550185349
-49.50503241372168,-18.27060998488592,0.014358877008897193,0.8884526943638215
-51.917008951582595,-17.311658419088328,0.025684715021563647,1.0180529559710514
-51.12199992513682,-15.961939704698748,0.015677919710869542,0.6729079706958507
-46.55631249359935,-13.862127728069368,0.0363269185484899,0.7136711902813081
-48.314764662263315,-17.01072279890829,0.02157686888570644,0.7908143247744056
-50.55606129614152,-16.667117202732573,0.017057162062122898,1.2005641959518523
-50.98500684430859,-16.217959560672814,0.01588061064655453,0.8060616816623501
-48.716760751906804,-14.877223999124427,0.030382868161909177,1.0604634213186879
-50.194489394283416,-18.517646688018786,0.018145006347529247,0.6925284658196782
-46.179020074269154,-14.181029653931796,0.021109522495059294,1.1126257774477286
-48.79087176284666,-15.00074235069086,0.029677325746768568,0.8503137227790681
-47.939718031143414,-16.56156515684853,0.01826776169532288,0.895518641293073
-47.53772194149993,-14.75595143576829,0.024146872726869,1.0390627348690042
-48.48319877803573,-15.283711665188509,0.03156438909368066,0.7233456985176364
-46.41707362456083,-14.214716477086279,0.020376902882612864,1.0429874276038547
-48.77739703358487,-14.616712566729765,0.03017612453076966,1.030410901708542
-47.420940954564394,-16.685083508414962,0.028800669670199758,0.8147131001217667
-50.43254294457509,-17.940479117971993,0.012788537651607314,0.8300048951381759
-50.001351608197716,-15.196125924986855,0.019560414296431378,0.8936187711818425
-51.92150052800319,-17.266742654882353,0.025634540230664395,0.8884102269789445
-50.65487597739467,-17.38801521823849,0.02818544203316075,0.8987172813917118
-49.13447735902238,-14.704298306931419,0.027155880135179368,0.8275904369533021
-48.88744065588951,-15.404984228544645,0.029792642039015684,0.9812444268605706
-51.27246773522684,-15.950710763647255,0.015649529674570332,0.7915838266707992
-49.92948638546816,-16.920891270496337,0.01511210939510566,0.8173306575457793
-47.87234438483445,-17.051146986693666,0.017693010521099232,0.989631728474618
-46.89767230156477,-15.654266719887811,0.026456182678425675,0.9392661902305267
-48.10366057049523,-17.062375927745162,0.019718993428241353,1.0045778582294804
-48.411333555306165,-16.498683086960163,0.01587491130188919,0.836204019965931
-51.831668999591244,-16.125882244050562,0.01409735425950589,0.6340273491966503
-48.314764662263315,-16.65364247347078,0.02141665060114022,0.9278273350951003
-47.470348295190966,-16.943349152599325,0.02602039588691751,0.8806002317003131
-52.4829475805779,-18.00111539965006,0.013052939445670804,0.9481269193218171
-48.39785882604437,-15.178159619304466,0.02984736813515341,0.7935431675533903
-47.95543854861551,-16.59300619179271,0.018341378604798515,0.9369089060040664
-52.20446984250084,-18.014590128911856,0.013212138054847932,1.3175553977249774
-49.33435250973897,-14.259632241292255,0.01688876595343266,0.8462175514922605
-49.21757152280344,-17.94721648260289,0.01955521961674231,0.7911640458998003
-50.61894336602989,-16.543598851166138,0.018937015255316065,1.0421116766210192
-49.21083415817254,-13.293943310863769,0.020542562777777475,0.5924436010162345
-52.972529410423036,-17.51153356980492,0.016348220689488262,0.7962152675308084
-46.13185852185288,-14.327005887601219,0.019768413525013313,0.9115008853478566
-48.88519486767921,-15.427442110647632,0.029928273632669845,0.9304936766358655
-47.27496472089497,-13.812720387442793,0.037946040096331415,1.3541419595676911
-51.40047766321387,-15.016462868162952,0.009455982691902478,0.9611108609199945
-52.48743915699849,-18.22794000889024,0.01385839088146536,0.9352374157352691
-50.86148849274216,-18.56929981685566,0.026606754783446127,0.8578358917477491
-47.16716688680063,-15.092819667313112,0.034510489236646326,0.6033684520327923
-51.15344096008101,-19.216086821421715,0.025301746692022814,0.6584498999137354
-49.04240004240013,-17.965182788285283,0.019141874089799782,0.9596041683347591
-50.306778804798356,-14.073231819837455,0.008007608609975113,0.8003110188655037
-46.50690515297278,-13.34784222791094,0.028877939527619755,0.8793118286721358
-49.68244968233529,-17.68670505020823,0.012080967929077329,0.738519759981194
-48.29679835658093,-15.494815756956598,0.024473952128424712,1.1542297962250359
-47.90153963156833,-13.439919544533192,0.01835370677412857,1.423767537539289
-48.03404113597597,-15.456637357381517,0.02736524500156073,1.0423381368481346
-50.73572435296543,-17.82145234282616,0.02561114104785509,0.8447550429138063
-48.29230678016033,-18.34022941940518,0.016125598740950577,1.0600506449946387
-50.72898698833453,-17.601365098216874,0.027393648708189472,0.8625449937802571
-49.954190055781446,-18.124633751216496,0.011777463433930357,0.8035477656639989
-51.85188109348393,-17.044409622062773,0.026079323011598782,0.8170880492646398
-48.503410871928416,-15.975414433960541,0.019433726847752044,0.8352622573502569
-51.007464726411584,-18.108913233744406,0.023521517961453332,0.8462411022054138
-50.73572435296543,-16.763686095775423,0.01640341429362292,0.8819864583603597
-49.761052269695746,-17.969674364705877,0.011703353100684297,0.8029620660563332
-47.56916297644411,-16.934365999758132,0.01535669362030625,1.0021004532118944
-50.2281762174379,-14.28882748802614,0.008252388524746329,0.5313625829521416
-50.012580549249215,-13.523013708314247,0.007581406875661314,0.677120460879821
-51.9057800105311,-18.090946928062014,0.013910999376255048,0.7795677884275132
-50.001351608197716,-15.209600654248648,0.019613103170963726,0.8793086178624135
-48.26535732163674,-17.531745663697613,0.01575831649058555,0.7667955800768135
-47.53547615328963,-14.556076285051697,0.025644068288199196,0.8624549206061957
-49.916011656206365,-17.644035074212553,0.012407494655280654,0.6943696211647886
-49.439904555623016,-16.920891270496337,0.024228515037865793,0.8258148219359388
-50.02380949030071,-17.38352364181789,0.015674359977280845,0.6716158953383298
-50.33148247511164,-14.097935490150741,0.008038382698542335,0.8015210662347543
-47.034665382393,-15.645283567046617,0.02631947371185934,1.0997432850005826
-47.94870118398461,-16.84453447134618,0.01811609713989169,0.9258977744922837
-50.28881249911596,-16.86250077702857,0.016541886341644187,0.7285783955200698
-52.45150654563371,-17.29144632519564,0.022395637290490815,0.9911817686648839
-48.46298668414304,-14.845782964180243,0.030333807962986355,1.4771835129428272
-50.0327926431419,-18.526629840859982,0.018281287018571592,0.8978869104999698
-49.94969847936085,-13.66898994198367,0.007615968598316309,0.770667794259603
-50.24389673490999,-15.422950534227036,0.020141520931543477,1.0959001963377646
-46.6641103276937,-14.21247068887598,0.037991333088029766,0.5912369360142838
-49.03566267776923,-15.932744457964864,0.019034611852638886,1.0045228206013006
-47.699418692641444,-14.529126826528111,0.02556007771336776,1.2213678534497476
-53.15443825545724,-17.531745663697613,0.01872594586868685,0.8639847766150623
-48.21145840458957,-17.426193617813567,0.02192244449053401,0.7973685187778498
-52.186503536818456,-17.857384954190938,0.013163231239591604,0.8813690360955886
-47.74658024505772,-14.973792892167275,0.02333474888884391,0.8705197228881166
-50.059742101665485,-16.72999927262094,0.015856995017711574,0.7867361201373971
-47.68818975158995,-15.946219187226657,0.01777676506008638,1.049365790964895
-48.09243162944374,-18.21221949141815,0.016367352896646425,0.7924098387412446
-51.76654114149258,-16.703049814097355,0.027070114837740245,0.9832679265224148
-47.79823337389459,-14.596500472837075,0.025206633730326215,1.206539063297231
-52.03828151493873,-17.475600958440143,0.02308038492149813,1.0463722271912648
-46.33622524899007,-14.605483625678271,0.027229480011041272,1.2475870374296696
-47.234540533109595,-15.71490300156588,0.02698962026754234,0.7085472972735675
-48.57078451823738,-18.32001732551249,0.018035713484624547,1.0742591552664573
-50.627926518871085,-15.205109077828052,0.01850718843511809,0.7093643558720014
-49.311894627635986,-17.32962472477072,0.022553466396600347,1.0251390308514123
-47.62755346991188,-16.774915036826915,0.015729579047706648,0.9165008346079601
-49.862112739159194,-14.270861182343749,0.008275133050282204,0.8643046285656504
-47.207591074586006,-13.642040483460084,0.03699056883604961,1.1375859000680595
-46.91114703082656,-13.814966175653092,0.036600483659476955,1.0565761207245432
-49.129985782601786,-17.653018227053746,0.020622084449388418,0.8048748887053451
-46.59673668138473,-14.241665935609864,0.03805689639859579,0.6712754601331019
-50.09567471303027,-15.465620510222713,0.020466731236149973,0.9156993253033218
-48.26535732163674,-15.014217079952653,0.027229217557935673,1.046476375537101
-50.99848157357039,-15.016462868162952,0.014236676032370449,0.6317210964156126
-51.79124481180587,-16.642413532419287,0.027062707224855823,0.9987607001188202
-51.26123879417535,-15.78901401250574,0.015552479241751323,0.9044741685761282
-52.74121322476226,-17.25326792562056,0.019053024637783696,1.220943318193707
-51.50153813267732,-17.810223401774664,0.01992454612360889,0.7796597301570397
-51.467851309522835,-18.65688555705731,0.025265881508357037,0.7637838236578723
-47.730859727585624,-16.772669248616616,0.016430680007933973,0.9402449376316561
-50.17652308860102,-15.211846442458947,0.019346337466596746,1.0473873467671768
-50.48419607341196,-15.786768224295441,0.01242054696967807,0.7951192023111906
-47.05487747628569,-13.873356669120861,0.03728140497187534,1.081489007806585
-52.93210522263766,-17.448651499916558,0.0180837394159923,0.8400106709144833
-48.20472103995868,-15.13324385509849,0.02691356557636065,0.9113753509331889
-46.36991207214455,-14.598746261047374,0.027442163257149637,1.3559439148416275
-50.268600405223275,-17.08258802163785,0.016287194767197793,0.9959803188784205
-46.639406657380405,-13.531996861155443,0.03506603864789618,0.6008772222117599
-52.1056551612477,-18.578282969696854,0.023983495079817313,0.7033459416371522
-48.80659228031875,-18.216711067838748,0.018064299520054734,1.27934459528189
-49.63528812991901,-16.78614397787841,0.014555812351371933,0.8419731159015141
-50.04851316061399,-17.969674364705877,0.012113740595194789,0.7648646567794226
-48.96604324324997,-17.417210464972374,0.023473289872984478,0.7762664076032254
-47.53772194149993,-18.08196377522082,0.01564206888357938,0.9052435162640607
-46.677585056955486,-14.839045599549346,0.03821430630297984,1.1603140780273027
-47.82967440883878,-13.770050411447116,0.016121363655851248,1.0119089702208357
-50.35394035721463,-13.783525140708909,0.007703589374306754,0.5793098105508051
-48.334976756156,-18.122387963006197,0.0165471281433073,0.8974042025318992
-47.753317609688615,-14.502177368004526,0.02272081415360136,1.2800827368786207
-47.73310551579593,-15.173668042883868,0.023482450487722545,1.0774456665311873
-47.82069125599758,-13.597124719254108,0.01575186501569656,1.3594584010074768
-51.48132603878463,-15.429687898857932,0.013218621436821716,0.5444778711153007
-46.41033625992993,-13.08733079551628,0.021844411402221948,1.0226470223389876
-49.572406060030644,-13.433182179902294,0.012645747013126611,0.7300061945001458
-50.836784822428875,-14.41908320422347,0.009607515388268916,0.64031082190326
-49.803722245691425,-14.991759197849666,0.019237225720217768,0.8391472527073122
-48.73921863400979,-17.201614796783687,0.02523510529391194,0.8376426166431997
-51.84514372885304,-17.59238194537568,0.013912824978360933,1.0019383966210567
-49.79923066927083,-15.24553326561343,0.020241013139141856,1.0289753485200657
-49.900291138734275,-16.55931936863823,0.01582187186312456,0.905476226108445
-48.9121443262028,-16.11016172657847,0.02047937152015385,1.030347869873039
-49.749823328644254,-17.51377935801522,0.012937274181200987,0.730603768367914
-46.585507740333234,-13.287205946232874,0.03261524780117138,0.6928514999864309
-52.020315209256346,-18.221202644259346,0.013787496405207976,1.0487654925700969
-49.70490756443827,-18.389636760031756,0.011148456335930807,0.874013481607856
-50.574027601823914,-17.358819971504605,0.028105720623285462,0.6340102458749374
-51.95743313936798,-16.251646383827293,0.013922766268789185,0.684257237761996
-47.45687356592917,-16.359444217921638,0.03066834288335136,0.8048024736010557
-49.24676676953732,-13.228815452765105,0.020534869848480776,0.6496128777686566
-48.79985491568786,-13.72513464724114,0.017651718501480666,1.2126489146168704
-47.06161484091658,-13.49831003800096,0.036414888559004974,1.1828286452016388
-50.49542501446346,-13.107542889408968,0.012463583262228262,0.5196076716319845
-48.3484514854178,-17.318395783719225,0.022715766792769255,0.8236356104036092
-52.35493765259086,-18.481714076654008,0.015601597508195347,0.8852597206482634
-47.769038127160705,-16.69182087304586,0.01677837007516245,1.0451765353938678
-48.86498277378652,-17.87310547166303,0.01934764315080608,0.8846398204658147
-49.219817311013735,-17.224072678886674,0.022345949330791013,0.8573268097493716
-48.696548658014116,-13.996875020687295,0.016535237113719056,1.0069487931043717
-51.375773992900584,-17.884334412714523,0.026123574006061138,0.8563648565632346
-50.18999781786282,-15.739606671879166,0.013377793351609196,0.7784245641780041
-50.75144487043752,-16.458258899174783,0.016145761600552436,1.0403126380004688
-48.13510160543941,-17.5542035458006,0.015627713628584842,0.8656494290133213
-50.044021584193395,-17.394752582869383,0.015747988173793945,0.7031488421920912
-52.95905468116124,-18.108913233744406,0.0209616727267369,0.4559254652970633
-50.25737146417178,-17.711408720521515,0.012784515991837253,0.6896961301898125
-46.890934936933874,-15.741852460089465,0.026760785293616217,0.8384098916926933
-51.04339733777636,-18.894939107348986,0.025609033407154386,0.8488791261354623
-50.43254294457509,-13.790262505339806,0.007722521619834388,0.7313913753613145
-50.68407122412855,-17.093816962689345,0.020653538273654966,0.8323371378642538
-46.57877037570234,-14.34497219328361,0.03852411375235387,0.6103429502342052
-48.19349209890718,-13.653269424511578,0.01345338732258676,1.24822954531024
-47.79374179747399,-15.739606671879166,0.0179875435853295,0.9395692317444126
-52.330233982277576,-18.465993559181914,0.013712029478347808,0.964576015643492
-48.802100703898155,-14.937860280802493,0.029552204355417496,1.0606224301520881
-47.99137115998029,-17.695688203049425,0.01541527498690369,1.0123677083705085
-52.8422736942257,-17.772045002199583,0.017549061694301198,0.952153901994481
-51.018693667463076,-15.090573879102813,0.01433137372199606,0.6242697936551759
-47.5916208585471,-17.08483380984815,0.015654651162123032,0.8999024134603509
-49.556685542558554,-14.001366597107893,0.008109941744490578,0.6439592215771685
-49.803722245691425,-16.13261960868146,0.012444501478562171,0.8029014247718269
-46.78762867926013,-13.222078088134207,0.0315563107741543,0.7494677093216078
-49.58138921287184,-16.74796557830333,0.014508106713711515,0.7486234375927298
-50.86598006916276,-15.236550112772235,0.016334516064724476,0.8611530433882333
-48.63815816454635,-16.384147888234924,0.024018420538248746,0.9025677427960762
-47.373779402148116,-18.00336118786036,0.01445968087604465,0.7095827911836166
-50.50665395551495,-15.986643375012035,0.013454626830791117,0.7558530004751177
-50.80534378748469,-19.220578397842313,0.02594431552715815,0.5260381812278916
-50.0417757959831,-15.344347946866577,0.02010347087837624,0.7926651311435199
-50.17652308860102,-16.328003182977454,0.011525687058575434,0.8104656008439354
-50.118132595133254,-15.629563049574525,0.01380854698300398,0.9899701974719693
-47.13348006364615,-15.50829048621839,0.027051374937034772,0.9082629243647422
-50.9692863268365,-16.78389818966811,0.018395340559173325,0.8637458797456805
-46.87746020767208,-13.080593430885383,0.029060003627590047,1.4655405807559652
-51.87209318737662,-16.336986335818647,0.013650512044767998,0.6277935301834665
-49.177147335018056,-16.78614397787841,0.024208732486392086,0.9125575523381233
-48.9121443262028,-14.98277604500847,0.02850936782577093,1.2483605983846116
-47.4097120135129,-13.799245658181,0.03858802915538247,0.9591450325641491
-49.71164492906917,-18.369424666139064,0.011168736435505715,0.8042481809198264
-50.38987296857941,-13.540980013996638,0.007485356298448071,0.8533204771467364
-49.73185702296186,-16.056262809531297,0.012757933069301694,0.7689641734009419
-51.7328543183381,-17.262251078461755,0.026887038095676663,0.9548574543284344
-48.546080847924095,-14.883961363755322,0.032072036521210545,1.4550795198547533
-47.402974648882,-16.58177725074122,0.027974896071285765,0.9102411714857181
-50.44826346204718,-13.323138557597654,0.011095238054023456,0.6081237014218583
-49.20185100533134,-14.145097042567016,0.0168303220652729,0.9712921940338369
-49.33435250973897,-14.407854263171975,0.016693363349235886,1.2781741437454832
-51.586878084668676,-16.193255890359524,0.013792206439963737,0.8070362279396571
-47.063860629126886,-13.190637053190024,0.03255163218143818,0.8428381610281326
-50.942336868312914,-14.335989040442414,0.008738327040954215,0.8261403498525124
-50.461738191308974,-18.221202644259346,0.012566889937112266,1.0524047921313622
-52.880452093800784,-18.58502033432775,1.4467042163284811,0.6042274385082866
-48.98176376072206,-17.307166842667733,0.023085420118299088,0.7876658994933899
-52.523371768363276,-18.04378537564574,0.018308163376310128,0.9934533373529488
-49.79923066927083,-18.396374124662653,0.011290468669927976,0.682407223332354
-48.058744806289255,-14.991759197849666,0.024757770361687508,1.087832519405466
-49.17265575859746,-13.186145476769427,0.020130748832130833,0.6132257896794125
-51.14221201902951,-17.304921054457434,0.02659708870898894,0.6891012937498499
-52.393116052165944,-18.43904410065833,0.013406071096613306,1.0184865893529536
-48.91888169083369,-13.889077186592953,0.017085963495968793,1.250805846964951
-47.44564462487768,-16.586268827161817,0.029471998087948335,0.838530835010085
-50.09342892481997,-17.870859683452732,0.012312874396872385,0.6328596441634858
-49.13223157081208,-16.36842737076283,0.023002980023493536,0.9249749681556448
-51.467851309522835,-17.504796205174028,0.028270519862629736,0.674575888242979
-51.94171262189588,-16.532369910114646,0.02611849248718334,0.9998984499767545
-49.15244366470477,-13.507293190842155,0.018907987311568928,0.7628240479479057
-50.14732784186714,-16.588514615372116,0.016580003117173236,0.9002520557801565
-51.02093945567338,-17.637297709581656,0.027265338229940126,0.9209137064712792
-49.44888770846421,-18.290822078778607,0.019030860947577066,0.8527789302472869
-49.64427128276021,-15.37803477002106,0.02141504419331679,0.8458404899990534
-50.0395300077728,-14.627941507781259,0.018471129172796454,0.8551597842892873
-51.586878084668676,-18.692818168422093,0.0186627942667169,0.736037067587635
-51.034414184935166,-19.07909374059349,0.025455627697403976,0.7033761250717264
-46.23516477952663,-13.004236631735223,0.017551262606320114,1.3104817834297882
-47.452381989508574,-16.289824783402373,0.030315901523702195,0.8065774094585157
-46.293555272994396,-14.329251675811518,0.019476462404605134,1.2772514613499528
-50.933353715471725,-14.248403300240762,0.008080354511789392,0.7659731842787528
-49.91376586799606,-15.984397586801736,0.012775767627048976,0.8141936177512719
-49.4735913787775,-15.887828693758888,0.020520015941558913,0.826455872683442
-50.89292952768634,-15.672233025570202,0.015583555341012842,0.4579468429594191
-49.73634859938246,-14.095689701940442,0.008122651049996705,0.713241294111572
-52.76142531865495,-17.035426469221576,0.020910360542202855,0.730382556092307
-51.479080250574334,-16.97479018754351,0.028014409606604566,0.9878187974721432
-48.00260010103178,-14.039544996682972,0.01591917304826449,0.7966819661802133
-50.717758047283034,-18.072980622379625,0.023607703527606418,1.089063347069782
-50.12262417155385,-18.313279960881594,0.01190002372781168,0.7220417975556671
-47.83192019704907,-17.81920655461586,0.015233154747692669,0.9299829858617535
-47.28619366194646,-15.13324385509849,0.03465037871997336,1.2460379009090603
-50.942336868312914,-14.37865901643809,0.009398732038464332,0.7674419943762247
-47.88581911409624,-17.9292501769205,0.015486532057264876,0.881816774378377
-49.931732173678455,-16.70978717872825,0.01546011326236034,0.7118054175833923
-49.707153352648575,-14.207979112455382,0.008259568727322,0.6092892311682793
-50.82331009316708,-16.119144879419665,0.01587135114609211,0.7164863003084144
-52.46048969847491,-17.538483028328507,0.012588421730893641,0.9679352303780812
-47.95768433682581,-14.746968282927096,0.0243603493627261,0.9906539012030423
-52.19548668965965,-18.236923161731436,0.013453090526690815,0.873947309189386
-50.95132002115411,-14.726756189034406,0.014499124928063465,0.5594661311541597
-52.013577844625445,-16.444784169912992,0.013675561501629376,1.211512574629506
-52.08993464377561,-18.81184494356793,0.02383369546490366,0.6126703782120345
-51.60933596677166,-15.586893073578848,0.015996921585820067,0.7206972031937414
-53.19037086682202,-17.62382298031986,0.01943342062354972,0.8035819181738574
-47.672469234117855,-15.885582905548588,0.017978383246496397,0.9834116476821414
-51.362299263638796,-17.03093489280098,0.025621434649221255,1.1616922185188852
-46.051010146282124,-14.261878029502554,0.01954196726732693,1.1509006385627545
-49.4780829551981,-16.644659320629586,0.024764456581664266,0.9639299292220674
-50.80085221106409,-13.839669845966379,0.009758392481537039,0.6837705685002115
-50.88843795126574,-16.29880793624357,0.015969807586567596,0.9662758969684168
-52.43803181637192,-16.961315458281717,0.022740823125006884,0.8339988843741099
-49.02892531313834,-14.524635250107513,0.02720825782501814,1.0760761086147144
-48.79985491568786,-14.010349749949087,0.016534345978424788,1.2625987232283726
-49.2826993809021,-16.388639464655522,0.023641217203186134,1.1168118951198769
-47.62979925812218,-16.451521534543886,0.01683360283332809,0.7672913296980749
-49.579143424661545,-17.40373573571058,0.014860932862311169,0.9607853583945456
-48.77964282179517,-17.170173761839504,0.02479276732222602,0.8749746618140027
-52.849011058856604,-17.437422558865062,0.018457459544760555,0.7913186089167733
-51.44763921563015,-18.43904410065833,0.022485328897430525,0.7243978506319708
-50.17652308860102,-18.034802222804544,0.012245716428422425,1.0336021237446895
-51.52399601478031,-15.178159619304466,0.014632829758185221,0.5982230291891755
-48.43603722561945,-17.66649295631554,0.016198529650497357,1.149613469868438
-49.46236243772601,-18.187515821104864,0.019397347452306375,0.9413872519745478
-50.46398397951927,-17.87759704808363,0.012862536686078393,1.0027337770438698
-49.61956761244692,-15.849650294183808,0.01354310621724374,0.9586048084671007
-49.02218794850744,-17.70916293231122,0.020193056069846317,0.8243246013854356
-50.14508205365684,-13.170424959297335,0.0114743948992255,0.7534406558266117
-50.086691560189074,-17.34759103045311,0.015801350473453442,0.7020169635200656
-51.02992260851457,-17.787765519671677,0.026078118389423192,0.7732365822001203
-47.75107182147832,-15.324135852973887,0.024373567660441627,1.0649474722222874
-50.7873774818023,-15.43417947527853,0.018118147073701137,0.7775280487637447
-48.14183897007031,-18.290822078778607,0.01661334698957917,0.8733473992960499
-52.404344993217435,-17.19712322036309,0.022691205324994624,0.8139783244511071
-48.51688560119021,-13.942976103640124,0.015318453099563542,1.2235946207713975
-49.83740906884591,-13.664498365563071,0.007645378790006481,0.6498589310511028
-49.68694125875589,-14.955826586484884,0.019405111256462,1.1417800623788072
-49.36130196826256,-17.646280862422852,0.021226960817218494,1.0843529793532751
-48.46298668414304,-14.407854263171975,0.01621718704255003,1.1565356997534344
-49.12549420618119,-17.51153356980492,0.021106294533164528,0.8737428859095552
-48.41582513172676,-18.05950589311783,0.016581648361035695,0.8296337454571243
-50.553815507931226,-13.91378085690624,0.010392745431374539,0.6893438546717343
-52.222436148183235,-16.375164735393728,0.014082637376948781,1.3682353502484732
-47.908276996199234,-17.5542035458006,0.01528696710532741,0.8839766022124347
-49.70939914085887,-17.037672257431876,0.014550961292641829,1.1570509421352309
-47.919505937250726,-17.662001379894942,0.015287276203257344,1.0017360654387397
-48.631420799915446,-13.064872913413291,0.017584860603121717,1.0052838861632107
-50.825555881377376,-14.976038680377574,0.01584647782049919,0.6950661035658224
-50.4055934860515,-14.300056429077634,0.008289748832183303,0.6083111091534715
-46.255376873419316,-14.731247765455004,0.02580135684341834,0.8395833229767149
-50.102412077661164,-15.238795900982533,0.019554257816442745,1.2150377679057502
-49.188376276069555,-15.24328747740313,0.026252018027372,1.1536008654618637
-48.80659228031875,-15.041166538476238,0.029552722892346783,1.0059535363023813
-47.9644217014567,-17.27572580772355,0.019129861705053316,0.8968085300645533
-50.30902459300865,-13.916026645116538,0.007835463045359859,0.6396300148808617
-49.17265575859746,-15.84740450597351,0.018824644034982303,1.0811067578588827
-47.80946231494609,-14.04403657310357,0.01728888306765774,1.0831580176329416
-49.87109589200039,-15.425196322437333,0.02089233513643406,0.8852560352740227
-48.48993614266662,-17.49805884054313,0.01784055256990398,1.0926204321970976
-51.14894938366041,-15.966431281119347,0.015675558616431856,0.6388883883884525
-47.5961124349677,-18.124633751216496,0.015804697077947162,0.8422120508414207
-48.55057242434469,-13.862127728069368,0.01720168632070216,1.2453713770126527
-48.02954955955537,-17.83941864850855,0.015593942011981925,0.9075096062803389
-48.55506400076529,-17.61034825105807,0.020386032429074462,0.7475062176009112
-47.9801422189288,-15.501553121587493,0.0213973214685276,1.0444550585739163
-48.186754734276285,-15.290449029819406,0.027668743796354384,0.7161935166740828
-50.67284228307706,-18.00560697607066,0.02415382795723722,0.8146378473486874
-49.653254435601404,-13.482589520528869,0.011019413277117657,0.529395734740521
-49.080578441975206,-14.003612385318192,0.01694660812645426,0.7877253280080253
-47.11775954617406,-14.69980673051082,0.03991540773046011,0.535153119390734
-47.62755346991188,-13.864373516279665,0.017956283670238722,0.9094537878320216
-48.988501125352954,-17.264496866672054,0.022981002947143257,0.7706793312882372
-50.61894336602989,-18.09768429269291,0.023457645259411207,0.9848195855188497
-49.05812055987222,-17.675476109156737,0.02039450435789961,0.8649892133020424
-51.89679685768991,-18.124633751216496,0.013958408091702854,0.750902845076817
-51.362299263638796,-17.927004388710202,0.025763704417721297,0.770187580060345
-50.477458708781064,-15.369051617179863,0.01933482474040188,0.8558863268992095
-48.78188861000547,-14.282090123395243,0.015848188272861302,0.9800319591450837
-52.79286635359913,-16.929874423337534,0.022130102087683127,0.8158627509271487
-51.64976015455704,-18.650148192426418,0.019231053803704618,0.6613011801945256
-52.42006551068953,-16.606480921054505,0.023710985378724687,0.9210569791077395
-50.082199983768476,-14.603237837467972,0.018425291743078904,0.9487930489955451
-48.97053481967057,-13.540980013996638,0.01846145015887913,0.6017702972056075
-51.211831453548776,-18.13810848047829,0.023738477498891606,0.7733948666143758
-49.34108987436987,-16.280841630561177,0.022909255791210763,0.9827506608168685
-51.436410274578655,-17.675476109156737,0.027874085792637584,0.7824556634128245
-50.416822427103,-14.933368704381897,0.01831470542632074,0.8707244185519865
-48.9076527497822,-14.347217981493909,0.015997196665710523,0.7528252982474454
-48.78862597463636,-14.607729413888569,0.030101118890542126,0.9986787169037034
-52.6603648491915,-16.74796557830333,0.026471368549020515,1.0068205648482473
-48.82006700958055,-15.454391569171218,0.03070526411617536,1.1266301592687828
-49.788001728219335,-13.0469066077309,0.009198210520914709,0.627812961781975
-51.308400346591625,-15.20735486603835,0.013040622816656897,0.49086211606860913
-50.627926518871085,-13.713905706189646,0.010399412313816614,0.5810672796837247
-52.35269186438057,-18.486205653074602,0.016524506852892647,0.8831460273796248
-47.560179823602915,-17.23530161993817,0.015828992358761028,0.9779140242560596
-50.91987898620993,-14.771671953240382,0.014764205898920192,0.5737241734282926
-48.41807091993706,-17.68221347378763,0.01617378750165024,1.0539976581175317
-49.52749029582467,-15.638546202415721,0.014626628046407382,0.8155900598735545
-48.5370976950829,-16.514403604432253,0.02858748505601454,0.8324203124865495
-46.94034227756045,-14.670611483776936,0.04023212295832578,0.41828109537915203
-46.93585070113985,-13.68695624766606,0.03609859035297296,1.469188457443278
-50.419068215313295,-13.244535970237196,0.01113134419532926,0.5448441165011259
-51.366790840059394,-17.44640571170626,0.03329257177699443,0.7490848616375013
-50.20571833533491,-15.328627429394485,0.019773690992362158,0.9866834074494798
-47.34907573183483,-14.574042590734088,0.042604181779155335,1.248954458954422
-51.409460816055066,-17.033180681011277,0.026670232207783782,1.2633548319859844
-51.50378392088762,-16.449275746333587,0.0120089648150835,1.1222945970227933
-48.7212523283274,-16.89618760018305,0.02623738276659964,0.891292079209924
-49.44664192025392,-16.723261907990043,0.025602708435329056,0.911962584296326
-50.76491959969931,-13.805983022811896,0.009889372745558012,0.49047400348024367
-47.9756506425082,-14.933368704381897,0.0241569802165631,1.4075380163801432
-49.35681039184196,-15.104048608364605,0.02484747761026615,0.7680443377487082
-49.70041598801768,-16.660379838101676,0.014973721845374256,0.840314951549724
-50.600977060347496,-17.83941864850855,0.02551909922248168,0.8140945555319874
-46.85275653735879,-14.194504383193589,0.038216159668159964,0.48040412053748754
-46.762925008946844,-13.305172251915263,0.03298587925759487,0.6220674345056201
-46.360928919303355,-13.403986933168412,0.02699398157278179,1.080690823217531
-49.235537828485825,-13.832932481335483,0.017708085960458694,0.6992597174261518
-48.016074830293576,-14.821079293866957,0.024441026377557958,1.061590660136767
-47.25475262700228,-15.780030859664546,0.027302473631383207,0.7545502204212878
-49.89579956231368,-15.777785071454247,0.013466791180409601,1.1881209229323273
-51.65649751918794,-18.951083812606456,0.01976063859933554,1.1214195707497472
-51.420689757106565,-15.135489643308789,0.012036201344262362,0.6338567931050761
-52.25163139491712,-17.787765519671677,0.013005722620285412,1.1898427790512254
-47.834165985259375,-15.063624420579227,0.023649284572663323,1.0667308291139193
-48.352943061838396,-17.1769111264704,0.022302801839327924,0.7857202957976751
-50.86373428095246,-18.187515821104864,0.022744021410398014,1.1323623015045576
-48.492181930876924,-14.580779955364983,0.03116395052717841,1.2300891012133817
-51.22979775923116,-17.01521437532889,0.023070861011484277,1.008660224933607
-50.36292351005583,-14.585271531785581,0.018065117532724682,0.568851754244851
-47.4097120135129,-15.995626527853231,0.02883666157504528,0.9192404039536796
-49.289436745532996,-15.737360883668869,0.019029146905643564,1.007486639108551
-47.459119354139474,-14.495440003373629,0.04198877405871661,0.8038471409877886
-49.23329204027553,-15.928252881544266,0.01953860448641301,0.9183739844840683
-50.0395300077728,-14.553830496841398,0.0185399019346342,0.821287346083682
-51.88107634021782,-18.883710166297494,0.021588826358266984,0.7490782881256822
-50.95132002115411,-17.841664436718847,0.025554372302281587,0.805647766743435
-47.45687356592917,-16.170798008256536,0.029810238491088572,0.7750367179907264
-50.49093343804286,-18.540104570121777,0.021375861833158597,0.9392910510564985
-50.0372842195625,-15.986643375012035,0.012655082196555907,0.998810064128251
-48.406841978885566,-14.311285370129127,0.015548673313137796,1.2263122465546927
-52.19773247786995,-18.47273092381281,0.014377351914743805,0.9256672335460573
-53.053377785993796,-18.236923161731436,0.02256161451372719,0.6637217413223909
-50.026055278511,-18.36493308971847,0.011695559364096572,0.8593545827664517
-47.234540533109595,-14.185521230352395,0.03933006961346513,0.7781582743025087
-50.439280309205984,-14.841291387759645,0.018129830178155622,0.8780640107059504
-52.485193368788195,-16.397622617496715,0.01668664431064727,0.8037573221982733
-48.22044155743077,-15.964185492909047,0.016436525570141296,0.95298707181921
-48.15082212291151,-16.193255890359524,0.01603751216796189,1.083167686980403
-47.378270978568715,-16.887204447341855,0.02727153914283204,0.8682980392928235
-47.50403511834545,-16.795127130719603,0.018160634532668023,0.8627294907103192
-47.63653662275308,-14.416837416013172,0.020560253070041147,1.1002830266251296
-49.60833867139543,-17.882088624504224,0.011684124735432188,0.7801875971994335
-46.78762867926013,-14.295564852657035,0.038567292843549185,0.5411121456488212
-46.82356129062491,-13.850898787017872,0.036576372203131306,0.6605687031861615
-48.59099661213007,-14.02607026742118,0.0164778982589172,1.1476448270771245
-51.1691614775531,-16.680591931994364,0.022826789879597454,1.184605790246071
-52.97477519863333,-17.583398792534485,0.017226011051321568,0.8776378992513322
-51.61607333140256,-15.584647285368549,0.01600297345165849,0.713891887471743
-50.69979174160065,-15.970922857539943,0.0158365352589858,0.6827255781075627
-51.541962320462694,-18.05726010490753,0.014725828025513244,0.7394544766733134
-50.00808897282862,-13.713905706189646,0.0076461252428412525,0.7701723733630791
-49.633042341708716,-15.151210160780881,0.0203637565612656,0.9330614226538692
-47.564671400023514,-14.387642169279287,0.020893394129679773,0.9786262334962337
-46.54508355254786,-13.978908715004904,0.03682675669371307,0.7105080680669197
-49.69367862338678,-16.779406613247513,0.014694991274405253,0.9170792393154364
-51.06810100808965,-16.997248069646496,0.020411381350076887,0.8690868877708485
-52.12137567871979,-18.627690310323427,0.024125604016850176,0.6759889333751533
-48.95930587861908,-15.995626527853231,0.019527663657819393,1.2025331293269983
-50.798606422853794,-15.575664132527354,0.015578609582688438,0.7519237754382732
-50.4145766388927,-17.637297709581656,0.013135196597916074,0.6613771882076358
-48.01382904208328,-17.527254087277015,0.015359855539687283,0.915480381855233
-51.15344096008101,-15.348839523287175,0.014932808232326357,0.6346091213952738
-49.92499480904756,-15.687953543042294,0.013746479171512579,1.338962975542173
-47.39174570783051,-14.609975202098868,0.04227113015667535,1.5225076113442855
-48.65612447022873,-15.43193368706823,0.03224137659480364,0.7898206513318419
-48.00709167745238,-15.613842532102433,0.017761164051738505,0.8106497162350771
-49.197359428910744,-14.091198125519846,0.016937662749903083,0.7490079843673584
-52.37964132290415,-16.608726709264804,0.02390641484258347,0.864865171580364
-46.08020539301601,-14.246157512030463,0.01962270849397236,1.2131013565735826
-48.186754734276285,-17.82369813103646,0.015856430108505962,0.8838491913941016
-48.99973006640445,-18.25264367920353,0.01796216912865779,1.1775021282948892
-49.92050323262696,-16.626693014947193,0.015664287796864063,0.8081646720052215
-50.53360341403854,-17.62382298031986,0.026928679977164836,0.839676992406983
-50.4100850624721,-15.73511509545857,0.013310722000494485,0.8196977784838166
-50.53584920224883,-18.47722250023341,0.0213863610205699,1.036371638687638
-50.19224360607311,-14.524635250107513,0.017329452710292067,0.5655326253818098
-48.70328602264501,-16.63343037957809,0.028378861717964367,0.9272859717446904
-51.265730370595946,-16.2449090191964,0.01584833408424509,0.8276532644026605
-46.464235176977105,-13.700430976927853,0.024767415161974136,0.9944366723633095
-52.08993464377561,-17.102800115530542,0.02457897788026928,1.120529451262716
-50.96030317399531,-16.247154807406698,0.015908613147173737,0.8442124836371373
-48.38213830857228,-16.853517624187372,0.022045157762146522,0.8058086913658801
-52.0989177966168,-16.25389217203759,0.01411439302133699,0.6781585223033266
-49.514015566562875,-15.259007994875223,0.021726085653140537,1.2219204826852572
-50.044021584193395,-18.32001732551249,0.011755882182535106,0.6958537663693339
-49.909274291575464,-14.165309136459705,0.008141980574823513,1.0915207744238666
-51.285942464488635,-18.36493308971847,0.022311210432042625,0.8877669689890745
-46.163299556797064,-14.273106970554048,0.02015156324317512,0.9610551248704567
-49.96092742041234,-15.607105167471538,0.013998989284748969,0.827445963267007
-48.93235642009549,-17.565432486852096,0.0207025986864845,0.9362441860896258
-48.454003531301844,-15.73286930724827,0.016635785946836307,0.9731616919856766
-51.41619818068597,-17.846156013139446,0.026537640570271307,0.8550368206427604
-47.58039191749561,-15.76880191861305,0.018581145779353454,0.8165942797611895
-49.89804535052397,-13.563437896099625,0.007532808735656854,0.5555890282362625
-49.150197876494474,-17.282463172354444,0.022313290089166365,0.8910771225929603
-49.82393433958411,-15.894566058389785,0.013155075033485042,0.868436452601542
-48.21145840458957,-16.75021136651363,0.020421269517375683,0.9682090559618654
-51.66772646023943,-16.82207658924319,0.027521415219420364,0.9710186409655147
-52.37065817006295,-16.79063555429901,0.023441640113851945,0.9580295186309477
-48.64938710559784,-17.199369008573388,0.02626736422343196,0.8806927970013092
-50.026055278511,-13.080593430885383,0.011696279677595909,0.7483634221864138
-50.19224360607311,-15.364560040759267,0.019945951161214358,1.0056152987824671
-51.67221803666003,-16.098932785526976,0.014094264722695413,0.6527268847635976
-50.24165094669969,-15.205109077828052,0.019244933304055443,0.9605041597725669
-48.85824540915563,-13.152458653614945,0.019109372082654407,0.6666222988590669
-51.97989102147096,-16.01583862174592,0.014562167610059764,0.8457606327298403
-51.49255497983612,-15.101802820154306,0.01172037801785868,0.6246512742969953
-48.30128993300152,-15.479095239484506,0.02833467888906995,1.159302700897243
-50.713266470862436,-15.773293495033649,0.01571939030658715,0.788228754760805
-51.928237892634094,-17.19487743215279,0.02557222388630512,0.8965127547573396
-50.821064304956785,-16.267366901299386,0.015973353331914606,0.7730601581738662
-49.14121472365328,-14.124884948674326,0.016756105403279983,0.8245538996597773
-48.77290545716427,-17.30941263087803,0.024982179698237232,0.8248687293567794
-49.572406060030644,-16.738982425462133,0.01450643997474424,0.8200573339817013
-46.4664809651874,-13.085085007305981,0.02133044600225767,0.7924326124038541
-46.33397946077977,-13.617336813146798,0.02560251714733437,0.8471024298468305
-50.926616350840824,-15.80922610639843,0.015643536052841668,0.6023362046238677
-50.92437056263053,-14.913156610489207,0.014723373478038218,0.5494516776185505
-50.46847555593987,-17.38801521823849,0.01708795608211854,0.5437911318849687
-50.493179226253154,-16.307791089084763,0.01209680015117681,1.0308702375099712
-47.566917188233816,-13.6105994485159,0.01774961970261219,1.2660382489155981
-52.244894030286225,-17.78327394325108,0.013019387584871117,1.1425435938389576
-46.839281808097,-14.724510400824107,0.03949505941487725,0.4172772467398891
-47.27945629731557,-13.266993852340184,0.03650057566632319,1.4612131685311753
-48.9166359026234,-16.965807034702312,0.02379867816504583,0.7669482792627299
-50.88170058663485,-15.373543193600462,0.016972808556537475,0.622728617881982
-48.95032272577788,-18.165057939001876,0.018256789432912385,1.1047600698174904
-49.835163280635605,-18.58951191074835,0.017894948041993368,0.7286556997461338
-50.10690365408176,-17.790011307881976,0.012444951052027461,0.8104913985859205
-46.30927579046649,-14.45501581558825,0.018394596168193746,1.245152901909543
-46.174528497848556,-13.597124719254108,0.016274494125702997,1.2449504537256086
-47.65899450485607,-13.87560245733116,0.0177496397529305,0.8189929567003822
-51.45437658026104,-16.25613796024789,0.015858938442614417,1.1111635384146523
-51.69467591876302,-16.2381716545655,0.013687106850267342,0.7171157183584578
-52.43354023995132,-17.34534524224281,0.022507982042941153,0.8316338775316917
-47.057123264495985,-13.657761000932176,0.03635267211968045,1.303611624531517
-50.416822427103,-18.13586269226799,0.012568298773316893,0.9295965827724578
-51.054626278827854,-19.216086821421715,0.02538493144207842,0.6540502009463367
-47.80047916210489,-17.131995362264426,0.017290193109459003,0.8946487792244828
-48.3484514854178,-14.45501581558825,0.016938999286817313,1.147202198199268
-50.79636063464349,-14.892944516596518,0.016076825344768255,0.6799985966940687
-51.654251730977634,-15.76880191861305,0.015267046006885792,0.47611243430026823
-51.618319119612856,-17.089325386268747,0.027658649793515767,0.9957982566832668
-47.38725413140991,-14.544847344000203,0.04322267732513071,1.3054603600708057
-51.04339733777636,-19.330622020146954,0.02432208919613042,0.8604599096259132
-47.250261050581685,-14.767180376819784,0.0393127406982518,0.5043389515111574
-46.61470298706712,-14.904173457648012,0.03754604408136568,1.524310980039514
-51.41844396889626,-17.03093489280098,0.026876615489027287,1.292784368290236
-47.694927116220846,-17.769799213989284,0.014958274106911687,0.9855611838737608
-48.67633656412142,-13.080593430885383,0.018711404595204918,1.005311981130249
-49.370285121103755,-17.02868910459068,0.02333318224602137,1.0987304825485624
-52.98600413968483,-17.493567264122532,0.016751448712361266,0.8145070357771896
-46.77639973820864,-13.208603358872415,0.03129506908221698,0.7791466763539064
-50.84801376348037,-15.454391569171218,0.017763020329832454,0.7282361119734166
-51.479080250574334,-18.64116503958522,0.024439613430286892,0.7860903679935601
-48.936847996516086,-14.88845294017592,0.02833134566595271,1.3290151042191678
-51.28818825269893,-16.628938803157492,0.02595469947396586,0.8169350288927401
-52.13035883156098,-17.942724906182292,0.013322299425883753,0.6666050318681241
-51.59361544929957,-15.310661123712094,0.015465182741539216,0.5722253939911045
-50.36292351005583,-16.880467082710958,0.016835094691823323,0.6937996301718831
-49.67795810591469,-16.983773340384705,0.014480441399666274,1.0862942179059176
-50.531357625828235,-14.971547103956976,0.018991970842551296,0.654314602119282
-47.90603120798893,-17.581153004324186,0.015274497888440071,0.8958448314028754
-50.86598006916276,-18.333492054774286,0.02160799559588905,0.845866096949537
-48.15082212291151,-15.530748368321378,0.017815438192727646,1.086367782524475
-48.41582513172676,-16.35046106508044,0.015400335053429462,1.0275546716615305
-51.40272345142417,-16.640167744208988,0.028473304763200532,0.9676919632586651
-48.37764673215168,-18.27060998488592,0.01690027946359279,0.924008270440956
-51.05687206703816,-17.565432486852096,0.027887128595176513,0.8335300880492723
-49.305157263005086,-17.688950838418528,0.020880583342717345,0.9573375266039794
-51.27246773522684,-18.19649897394606,0.023485741389827324,0.7747686073619806
-51.580140720037775,-15.975414433960541,0.01453533384465185,0.6999650756065247
-46.2823263319429,-13.572421048940821,0.02594503201568888,0.9369806744879324
-50.360677721845526,-16.548090427586736,0.017567332382748997,0.9831589047165942
-50.782885905381704,-17.27123423130295,0.02438764243888467,0.9534563263336784
-50.24389673490999,-15.438671051699128,0.0202138096156897,1.0765676453602329
-53.046640421362895,-16.965807034702312,0.016865815251071652,0.7911272481858509
-50.85475112811126,-18.124633751216496,0.023231627154675232,0.8371517988895056
-49.386005638575845,-13.981154503215203,0.01756659875328175,0.7151357015509715
-47.993616948190585,-13.698185188717554,0.014775942646967969,1.1552833910064417
-48.64489552917724,-14.839045599549346,0.031092958299025437,0.8697323188921899
-46.89767230156477,-14.053019725944765,0.037654546878575175,0.6836355680993994
-47.25699841521258,-16.875975506290363,0.027317830850341736,0.8597055790405409
-50.44826346204718,-16.712032966938548,0.01751262015785769,0.8823352187879815
-48.844770679893834,-13.094068160147176,0.01896788376229561,0.606732714793511
-47.362550461096625,-16.682837720204663,0.028784926766154594,0.7776796915161007
-50.13834468902594,-15.034429173845343,0.018816737411198624,0.8720985917469496
-50.91763319799963,-14.68184042482843,0.01500284764780778,0.5072138573402906
-47.2188200156375,-15.270236935926716,0.03279483769171344,1.1775996979035088
-47.769038127160705,-17.691196626628827,0.015056696013818734,0.8887897771416752
-49.12100262976059,-12.975041385001338,0.019592780161820887,0.6162252939706753
-49.02892531313834,-16.25838374845819,0.021789448859687532,1.0205436177593274
-47.58039191749561,-17.167927973629205,0.01575762461745682,0.9254259305039292
-51.30390877017103,-17.619331403899267,0.02793202440317717,0.8042642057049224
-51.746329047599886,-18.85002334314301,0.020215332708602995,0.8750284619188369
-47.737597092216525,-18.079717987010522,0.015680830217527364,0.8662752431745476
-51.375773992900584,-18.10217586911351,0.024524640227539026,0.8265655994040751
-47.35356730825543,-17.7406039672554,0.01639436979873227,0.9605072085706273
-48.957060090408774,-17.983149093967672,0.018970560925341128,1.0134754517546085
-52.372903958273255,-18.69955553305299,0.027070673022921123,0.6935023941173601
-50.17427730039073,-15.324135852973887,0.019796550459041013,0.9911561603815412
-47.67471502232816,-15.636300414205422,0.018625816295757516,0.9530083186788231
-47.16042952216973,-15.117523337626398,0.03417651475718561,0.6275305878065193
-47.46585671877037,-16.000118104273827,0.028891083931945005,0.814219314422571
-50.27084619343358,-18.553579299383568,0.01961028815545746,0.8045329609118413
-48.92337326725429,-17.49581305233283,0.021446592334958024,0.9509934849134335
-51.01195630283218,-14.935614492592196,0.013898847316494578,0.564319817452659
-49.18388469964896,-14.740230918296199,0.026721396190808523,0.9196722323176032
-48.27883205089854,-13.25351912307839,0.012872622780986743,0.7236997617575126
-49.58588078929244,-14.23268278276867,0.00834581329883308,0.6722786111761567
-52.60646593214433,-17.542974604749105,0.015526415348036742,1.0029640733449459
-50.35843193363523,-16.95906967007142,0.016727804476000262,0.8368404790624376
-47.92624330188163,-18.407603065714145,0.016717108845900892,0.8326100908805601
-47.795987585684294,-15.755327189351258,0.017939522065326476,1.0804598028623935
-50.2191930645967,-13.729626223661738,0.007642056863492964,0.6181047933513605
-48.86498277378652,-15.308415335501797,0.02958963706324361,1.1583353276926631
-48.159805275752696,-14.960318162905482,0.025624720283930584,1.20553419107575
-46.93360491292955,-14.762688800399188,0.03877133307085171,0.5067189198345858
-47.65225714022517,-16.451521534543886,0.016753925298229957,0.7925372403560896
-51.510521285518514,-15.13324385509849,0.01329768262001303,0.5719896467302406
-52.15057092545367,-18.023573281753052,0.013331747258861756,0.932561835559635
-51.78450744717497,-16.599743556423608,0.02722331893952255,1.0730977518332339
-47.75556339789892,-16.700804025887056,0.016670774953996388,1.0959546394887012
-50.16529414754953,-18.075226410589924,0.012183100592127917,0.8521287612691594
-50.830047457797974,-14.502177368004526,0.013183180734757277,0.6672217038425435
-49.07384107734431,-15.00074235069086,0.027043416060938054,1.1944957962726626
-49.83291749242531,-16.530124121904347,0.01516785659493888,0.9124514915548142
-49.22206309922403,-18.021327493542753,0.019260160339994357,0.9531644469621567
-49.11875684155029,-17.361065759714904,0.022405378326588076,0.8431175303938437
-49.94296111472995,-13.642040483460084,0.007592364069134163,0.5239210166281071
-49.11201947691939,-15.65651250809811,0.018180767075695378,0.965050745927213
-47.7735297035813,-16.18202694930803,0.01695048389680567,1.0325801619430184
-47.843149138100564,-15.580155708947952,0.01827967530454078,1.0630429378785833
-48.7145149636965,-17.192631643942494,0.02551222872267834,0.8520667069394722
