{"type": "Feature", "properties": {}, "geometry": {"type": "Polygon", "coordinates": [[[-51.0977880999999, -19.3057646], [-51.1057314, -19.308388], [-51.1168446999999, -19.3049265], [-51.11812, -19.3027403], [-51.1265369, -19.3032868], [-51.1281036999999, -19.2988051], [-51.1364114, -19.2949427999999], [-51.1391806, -19.2891127999999], [-51.1432250999999, -19.2870723999999], [-51.1515327, -19.2865623], [-51.1560873999999, -19.2885663], [-51.1584558, -19.2868538], [-51.1691681999999, -19.2869631], [-51.1768565, -19.2826271], [-51.1802087, -19.2829186], [-51.1831601, -19.2798213999999], [-51.1876417999999, -19.2689996], [-51.1997388999999, -19.2651736999999], [-51.2035283, -19.2605462], [-51.2080101, -19.2661939999999], [-51.2142804, -19.2620464], [-51.2158075999999, -19.2590886999999], [-51.2254998999999, -19.2589793999999], [-51.2287062999999, -19.2613843], [-51.2291436, -19.2652102], [-51.2392002, -19.2671412999999], [-51.241022, -19.2695826], [-51.2426253, -19.2692547], [-51.2439064, -19.2661634], [-51.2468797, -19.2662683], [-51.2512973, -19.2737], [-51.2573457999999, -19.2664854999999], [-51.2759732, -19.2611264], [-51.279704, -19.2489156], [-51.2864714, -19.2524045], [-51.2903082, -19.2483267], [-51.2898726999999, -19.2454266], [-51.2971578999999, -19.2440932], [-51.2978876, -19.2386038999999], [-51.3003237999999, -19.2375926999999], [-51.3068054, -19.2391274999999], [-51.3083108, -19.2366153999999], [-51.3076414, -19.2327261], [-51.3046785999999, -19.2297839999999], [-51.3029986999999, -19.2239183], [-51.3070969, -19.2180815], [-51.3213292, -19.2185342999999], [-51.3370336, -19.2222874], [-51.3448675, -19.2139068], [-51.3639605, -19.222506], [-51.3691345999999, -19.2214129], [-51.3689524, -19.2180971], [-51.3657459, -19.2168581999999], [-51.3648714999999, -19.214672], [-51.3657252, -19.2102318999999], [-51.3707097, -19.208383], [-51.3694771, -19.2057275999999], [-51.3708470999999, -19.2028663999999], [-51.3701184, -19.1995871], [-51.3734706, -19.1990769999999], [-51.3747458999999, -19.1953604], [-51.3786082, -19.1925548], [-51.3834179, -19.1949231999999], [-51.3926331, -19.1962778], [-51.3983206, -19.1947774], [-51.4013813, -19.1884373999999], [-51.4087312, -19.1843117], [-51.4114359, -19.1806564999999], [-51.4111829, -19.178818], [-51.4052478999999, -19.1775875], [-51.4053572, -19.1755469999999], [-51.4113285999999, -19.1723322], [-51.4177415999999, -19.1739719], [-51.4171949999999, -19.1701095999999], [-51.4205107999999, -19.1660649999999], [-51.4272880999999, -19.1651906], [-51.4307130999999, -19.1711662], [-51.43862, -19.1713483999999], [-51.4432839, -19.1680325999999], [-51.4433203, -19.1640245999999], [-51.4464904, -19.1588505], [-51.4493689, -19.1610367], [-51.4557818, -19.1615469], [-51.4585145999999, -19.1677776], [-51.4639073, -19.1626764], [-51.4683889999999, -19.1607817], [-51.4740732, -19.1537129], [-51.4799561999999, -19.1539096999999], [-51.4812512999999, -19.1597978999999], [-51.4859561, -19.1592747], [-51.4926196, -19.1621297999999], [-51.4976478999999, -19.1614011], [-51.5014947999999, -19.1564175999999], [-51.5005229, -19.149053], [-51.5017374999999, -19.1470199999999], [-51.5138502, -19.1503987999999], [-51.5186914999999, -19.1469782], [-51.521813, -19.1418753], [-51.5271028, -19.138922], [-51.5360077, -19.1400318999999], [-51.5398842, -19.1427861], [-51.5490698, -19.1417463999999], [-51.5509349, -19.1406521], [-51.5544262999999, -19.1324339], [-51.5592187, -19.1338886], [-51.5652648999999, -19.1324966], [-51.569566, -19.1345416], [-51.5760496999999, -19.131548], [-51.5767724, -19.1261898999999], [-51.5795034999999, -19.1310776], [-51.592212, -19.1267874], [-51.5973198, -19.1365182], [-51.6031015999999, -19.137279], [-51.6046732999999, -19.1397684], [-51.6084347, -19.1409997], [-51.6139775999999, -19.136739], [-51.6234858999999, -19.1381501], [-51.6338213999999, -19.1313633999999], [-51.638386, -19.1263665], [-51.6406368, -19.1297807], [-51.6470995, -19.1305355], [-51.651604, -19.1359990999999], [-51.6576504999999, -19.1377416999999], [-51.6599194999999, -19.1343787], [-51.6781465, -19.1258369], [-51.682563, -19.1209272], [-51.6873805, -19.1210968999999], [-51.6940393, -19.1174035], [-51.6967847999999, -19.1196795], [-51.7001145999999, -19.1187949], [-51.7103269, -19.1111637999999], [-51.7115319, -19.1083765999999], [-51.7061624, -19.1080405], [-51.7054745999999, -19.106738], [-51.7116511, -19.1030388999999], [-51.7146739, -19.1037418999999], [-51.7170503, -19.1069853], [-51.7275414, -19.1077602], [-51.7318342999999, -19.099532], [-51.7352751, -19.0988186], [-51.7418615, -19.1005699999999], [-51.7482866, -19.0929404], [-51.7479076, -19.0909353], [-51.7416818999999, -19.0899424999999], [-51.7444538, -19.0860483], [-51.7517819999999, -19.0855882], [-51.7593854, -19.0889796], [-51.7647549, -19.086991], [-51.7678410999999, -19.0833325999999], [-51.7719857, -19.0825404999999], [-51.7761935999999, -19.0773075999999], [-51.7818801, -19.0813013], [-51.7910823999999, -19.0798311999999], [-51.7906111, -19.0741191], [-51.7969067999999, -19.0736252999999], [-51.7980962999999, -19.0716052999999], [-51.7958733999999, -19.0703086999999], [-51.7963119999999, -19.0664318], [-51.8076085, -19.0627160999999], [-51.8168818, -19.0547207999999], [-51.823383, -19.0538142], [-51.8331284, -19.0564375], [-51.8380822999999, -19.0552342], [-51.8405539, -19.0571638], [-51.8432759999999, -19.0564494999999], [-51.8437938, -19.0526338], [-51.8350728, -19.0458588], [-51.8421696, -19.0424212], [-51.8503492999999, -19.043467], [-51.850467, -19.0452915], [-51.8478777, -19.0459812], [-51.8522206, -19.0524892], [-51.8576816, -19.0505312999999], [-51.8628012, -19.0449576999999], [-51.8634603, -19.0413864999999], [-51.8700393, -19.0366915999999], [-51.8717458, -19.0311063999999], [-51.8757826999999, -19.0314402], [-51.8779483, -19.0260663], [-51.8823264, -19.0249982], [-51.8820909999999, -19.0220274], [-51.8841154, -19.0192122999999], [-51.8906643, -19.0177686], [-51.8887994999999, -19.0094205], [-51.8899412, -19.007284], [-51.8933895, -19.0065829], [-51.8967809, -18.994702], [-51.8998927, -18.9939975], [-51.9021402, -18.9957509], [-51.9067679, -18.9945819], [-51.916643, -18.9840225], [-51.9260030999999, -18.9849227], [-51.9276718, -18.9802453999999], [-51.925599, -18.9766140999999], [-51.9332815, -18.9765523], [-51.9338875999999, -18.97318], [-51.9400077, -18.968472], [-51.9434678, -18.9695293999999], [-51.9426968999999, -18.9733525], [-51.9460041, -18.9756674999999], [-51.9525714, -18.9753613999999], [-51.9529833, -18.9771421999999], [-51.9493641999999, -18.9784165], [-51.9509942999999, -18.9811377], [-51.9574585999999, -18.9793541999999], [-51.9596771, -18.9775511999999], [-51.9623309999999, -18.9693708], [-51.9661677999999, -18.9692929], [-51.9661207999999, -18.971619], [-51.9687865, -18.9670613], [-51.9695162, -18.9731437999999], [-51.9670798999999, -18.9753196999999], [-51.9676213, -18.9767108999999], [-51.9691630999999, -18.9778906999999], [-51.9734647999999, -18.9751805999999], [-51.9771368, -18.9817247], [-51.9791610999999, -18.9801444], [-51.9791610999999, -18.9741121], [-51.98095, -18.9723536], [-51.9880469, -18.9743346999999], [-51.9956615999999, -18.9742345999999], [-51.9976270999999, -18.9678905], [-52.0002810999999, -18.9674396999999], [-52.003906, -18.9687197], [-52.0072779, -18.9762936], [-52.0121386, -18.9777015], [-52.0125623, -18.9810737], [-52.0155516999999, -18.9826373], [-52.0204477, -18.979126], [-52.0139804999999, -18.9750637], [-52.0145454, -18.969777], [-52.020077, -18.9670945999999], [-52.0175877999999, -18.9642731], [-52.0264559999999, -18.9634048999999], [-52.0344708, -18.9580622], [-52.0366127999999, -18.9616462999999], [-52.0384606, -18.9590305999999], [-52.0404614, -18.9606611999999], [-52.0429152999999, -18.9590360999999], [-52.0436391, -18.9506878], [-52.0495061, -18.9514837], [-52.0556438, -18.9458233], [-52.0587037999999, -18.9472926999999], [-52.0594335, -18.9515838999999], [-52.0646884999999, -18.9515949999999], [-52.0668363999999, -18.9537599999999], [-52.0799944, -18.9508491999999], [-52.085726, -18.9467417], [-52.0863027, -18.9431794999999], [-52.0883623999999, -18.9418102999999], [-52.0910046, -18.9442147999999], [-52.0929111999999, -18.942289], [-52.0891568, -18.9386878], [-52.0881505, -18.9354427], [-52.0939880999999, -18.9338341], [-52.0960358999999, -18.936094], [-52.1007789999999, -18.9285293999999], [-52.1038272, -18.9287742999999], [-52.1034976999999, -18.9271378], [-52.1064517, -18.9245994], [-52.1023443, -18.921972], [-52.1046746, -18.9182534], [-52.1058515, -18.9198678], [-52.1084643, -18.9186096999999], [-52.1062517, -18.9175743], [-52.1070048999999, -18.9100033], [-52.1055691, -18.9068189], [-52.107817, -18.9037569999999], [-52.1101944, -18.9041688999999], [-52.1094176, -18.9013295999999], [-52.1108063999999, -18.8987018], [-52.1127718, -18.9021423999999], [-52.1144902, -18.8995815], [-52.116385, -18.9014743999999], [-52.1175148999999, -18.898635], [-52.1187270999999, -18.9010178], [-52.1209633, -18.8997929999999], [-52.1202924, -18.8985236999999], [-52.1226463, -18.8987574999999], [-52.1235996, -18.8973210999999], [-52.1258003999999, -18.8990914999999], [-52.1262947, -18.8972209], [-52.127966, -18.8984568999999], [-52.1290135, -18.8968199999999], [-52.1326501999999, -18.8973321999999], [-52.1359691, -18.8902836999999], [-52.1393469, -18.889983], [-52.1407121, -18.8932123], [-52.1445606999999, -18.8927669], [-52.1462319, -18.8946597999999], [-52.1530346, -18.8916755999999], [-52.1570361, -18.8877671], [-52.1545998999999, -18.8816424], [-52.1578835, -18.8819986999999], [-52.1594841, -18.8807960999999], [-52.1586014, -18.8792480999999], [-52.1614142999999, -18.8781901999999], [-52.1582718999999, -18.8767981999999], [-52.1652157999999, -18.8761077], [-52.1654040999999, -18.871564], [-52.16398, -18.8718646999999], [-52.1636268999999, -18.8700494999999], [-52.1654276, -18.8653831], [-52.1689818999999, -18.8648597], [-52.1673577999999, -18.8638127999999], [-52.1680757, -18.8624318], [-52.1727127999999, -18.8613736999999], [-52.1730423, -18.8569967], [-52.1759258, -18.8550142], [-52.1791623999999, -18.8553372], [-52.1811337, -18.8519679999999], [-52.180504, -18.850275], [-52.1830874, -18.8476353], [-52.1873538, -18.8458754], [-52.1891721, -18.8480195], [-52.1928324, -18.8465325999999], [-52.1955393, -18.8471061999999], [-52.1953804, -18.8490874], [-52.1976519, -18.8478064999999], [-52.1977107, -18.8498003], [-52.1991937, -18.8490429], [-52.2003941, -18.8508932], [-52.2034482999999, -18.8478107], [-52.2081618999999, -18.8501386], [-52.2100743999999, -18.8461038], [-52.2125576999999, -18.8462373999999], [-52.2140876999999, -18.8436672], [-52.2182599, -18.8420214999999], [-52.2200546999999, -18.8419825], [-52.2216435999999, -18.8443382999999], [-52.2234736999999, -18.8418098999999], [-52.2257274999999, -18.843024], [-52.2266807999999, -18.8415426], [-52.2355784, -18.8415314], [-52.2374379, -18.8432913], [-52.2392091999999, -18.8394122999999], [-52.2412687999999, -18.8408603], [-52.2465179, -18.8385713], [-52.2505017999999, -18.839869], [-52.2550211999999, -18.8370201999999], [-52.2561039999999, -18.8386631999999], [-52.2557449999999, -18.8367696], [-52.2583577999999, -18.836959], [-52.2587639, -18.8337759999999], [-52.2618002999999, -18.8312556999999], [-52.2608941, -18.8298424], [-52.2632303, -18.8282244], [-52.2642895, -18.8307976], [-52.2656489, -18.8288984], [-52.2726516, -18.8323599], [-52.2732576999999, -18.8303604], [-52.2762824, -18.8291963], [-52.280031, -18.8308671999999], [-52.2824318999999, -18.8296084999999], [-52.284774, -18.8304272], [-52.2861922, -18.8277009], [-52.2907587, -18.8287938999999], [-52.2911822999999, -18.8308102], [-52.2933538, -18.8292451], [-52.2983793, -18.8369339], [-52.3031223, -18.8382511], [-52.3051407, -18.8404398], [-52.3106251999999, -18.8396587], [-52.3112194999999, -18.8371607999999], [-52.3207939, -18.8333122999999], [-52.3211234, -18.83131], [-52.3237890999999, -18.831427], [-52.3241715999999, -18.8335309], [-52.3296149, -18.8296405], [-52.3334929, -18.8293341999999], [-52.3329750999999, -18.8274809], [-52.3357526, -18.8271091], [-52.3346228, -18.8258559], [-52.3373473, -18.8225793999999], [-52.3462625999999, -18.8223927999999], [-52.3433732, -18.8199001999999], [-52.3442559, -18.8181456], [-52.347822, -18.8154426999999], [-52.3525296999999, -18.8160776999999], [-52.3542775, -18.8136908999999], [-52.3504465999999, -18.8101022], [-52.3539008, -18.8002033999999], [-52.3637576, -18.7987411], [-52.3672295, -18.8010697], [-52.3684771, -18.8003677999999], [-52.3695127999999, -18.7994876], [-52.3672354, -18.7970392999999], [-52.3671825, -18.7941618999999], [-52.3695599, -18.7939446999999], [-52.370625, -18.7919307999999], [-52.3743029, -18.7920659], [-52.379193, -18.7816994], [-52.3955288, -18.7692192], [-52.4008353999999, -18.7586721], [-52.4075457, -18.7571545], [-52.4096939, -18.7548644], [-52.4123931999999, -18.7397541], [-52.4181387, -18.7351093999999], [-52.4243518, -18.7329831], [-52.4259804, -18.7285042999999], [-52.4296434, -18.7258651999999], [-52.4344887, -18.7184232], [-52.4342379, -18.7154659999999], [-52.4382395, -18.712434], [-52.4384454, -18.7055448999999], [-52.443877, -18.7019106999999], [-52.4440417, -18.6977914999999], [-52.4472901, -18.6957403], [-52.4480255999999, -18.6919665], [-52.4528215999999, -18.6906008], [-52.4546106, -18.6882540999999], [-52.4741711, -18.6861858999999], [-52.4833510999999, -18.6801207999999], [-52.4868996, -18.6805277999999], [-52.4918132, -18.6778184999999], [-52.4933844, -18.6787940999999], [-52.4957324, -18.6760624], [-52.4977390999999, -18.6774783999999], [-52.5051508, -18.6730798999999], [-52.5101821, -18.6742952], [-52.5120358, -18.6700026], [-52.5207098, -18.6698019], [-52.5218573, -18.6647619999999], [-52.5286187, -18.6610209999999], [-52.5315492999999, -18.6574807], [-52.5398643, -18.6597499], [-52.5444631, -18.6567615], [-52.5524043999999, -18.6570821], [-52.5552054999999, -18.6611242], [-52.5596308, -18.6616147999999], [-52.5631969, -18.6648317], [-52.5666335, -18.6648205], [-52.573595, -18.6735231], [-52.5860115999999, -18.6809013], [-52.5886920999999, -18.6879334999999], [-52.5983605, -18.6899235999999], [-52.60461, -18.6880896], [-52.6138223999999, -18.6898315999999], [-52.6212371, -18.6884324], [-52.6285516999999, -18.6913757], [-52.6281926999999, -18.6928695999999], [-52.6324119999999, -18.6955897999999], [-52.6346599, -18.6915428999999], [-52.6404504, -18.6905283999999], [-52.6433574, -18.6875739999999], [-52.6457877999999, -18.6881425999999], [-52.648583, -18.685963], [-52.6665546999999, -18.6830641999999], [-52.6726394, -18.6795188], [-52.6802541, -18.6795633999999], [-52.6839438, -18.6776121999999], [-52.6873098, -18.6783424999999], [-52.6905993, -18.6819604999999], [-52.6937298999999, -18.6813417], [-52.6994792, -18.6852048], [-52.7161033, -18.6914090999999], [-52.7247067, -18.6915261999999], [-52.7314152, -18.6885662], [-52.7460149999999, -18.6924069], [-52.7554127, -18.6879307], [-52.7651870999999, -18.6806225999999], [-52.7852626, -18.6815088999999], [-52.8091012, -18.6672149999999], [-52.8254310999999, -18.6723997999999], [-52.8318512, -18.6705266], [-52.8362294, -18.6666408], [-52.8464686999999, -18.666953], [-52.8493933999999, -18.6607144], [-52.8573140999999, -18.658172], [-52.872214, -18.6461176999999], [-52.8929275, -18.6455938], [-52.9167596, -18.6402945999999], [-52.9182908999999, -18.6379458], [-52.9179599999999, -18.634673], [-52.9139865, -18.6279213], [-52.9143222, -18.6198196], [-52.9176575, -18.6152408999999], [-52.9211258999999, -18.6134008999999], [-52.926253, -18.6125557999999], [-52.9367084, -18.6144173], [-52.9398710999999, -18.6132625999999], [-52.9406221, -18.6114954], [-52.9344536, -18.5991122], [-52.9415382, -18.5859174999999], [-52.9488215, -18.581541], [-52.9518166999999, -18.5766715999999], [-52.953628, -18.5623883], [-52.9649272, -18.5500289], [-52.9623513999999, -18.5408196999999], [-52.9548720999999, -18.5336955], [-52.942511, -18.5170307], [-52.9157605, -18.5089029], [-52.9130114, -18.5048401999999], [-52.9100572, -18.4917449], [-52.9067843999999, -18.485513], [-52.8990952, -18.4768326999999], [-52.8809573, -18.4654927], [-52.878957, -18.4558370999999], [-52.8791537, -18.4428702], [-52.8764009, -18.430921], [-52.8732937, -18.4267915999999], [-52.8514306, -18.4222713999999], [-52.8382917, -18.4236612], [-52.8275075999999, -18.4196249], [-52.8067938, -18.4176957], [-52.7985126, -18.4148612999999], [-52.7945182999999, -18.4105163999999], [-52.7860676999999, -18.3903091], [-52.769958, -18.3802603], [-52.7619015999999, -18.3713106], [-52.7588732, -18.3631404], [-52.7593196, -18.3480709], [-52.7759033, -18.3287534], [-52.7929809999999, -18.3175807], [-52.8052871, -18.3134540999999], [-52.8142589999999, -18.3112978], [-52.8277156, -18.3106329], [-52.8563769, -18.3120054], [-52.8732067, -18.3148335], [-52.9142396, -18.3014317], [-52.9352301, -18.2965543], [-52.9541753999999, -18.2965785], [-52.9652657, -18.2989406999999], [-52.9840963, -18.3073264], [-53.0048945, -18.3224660999999], [-53.0147372, -18.3268831], [-53.020866, -18.3462792], [-53.0230658, -18.349464], [-53.0278517, -18.351596], [-53.0445357999999, -18.3439222], [-53.0648676, -18.3440917], [-53.0699357999999, -18.3428797999999], [-53.0829907999999, -18.3267807], [-53.0996557, -18.3136191], [-53.1027051, -18.3028533999999], [-53.1035214, -18.291817], [-53.1020397, -18.2726203], [-53.107513, -18.2601410999999], [-53.1103264, -18.2480586999999], [-53.1112906, -18.2352748], [-53.1101876, -18.2195632999999], [-53.1297380999999, -18.1607025], [-53.1290165, -18.1384844999999], [-53.1367112, -18.1185249], [-53.1432399999999, -18.0818366999999], [-53.138797, -18.0702315], [-53.1301288999999, -18.0624089], [-53.1236517, -18.0588283], [-53.1155682999999, -18.0576440999999], [-53.1029674, -18.0588463], [-53.0892185, -18.0567828], [-53.0818396999999, -18.0547612999999], [-53.0757113999999, -18.0507954], [-53.070996, -18.0292975999999], [-53.0716025, -18.0245575], [-53.0736476, -18.0229656999999], [-53.0708382999999, -18.0186373999999], [-53.0693282999999, -18.0085099999999], [-53.0653038999999, -17.9967717], [-53.0647494, -17.9845366], [-53.0682058, -17.9749495], [-53.0721232, -17.9710597], [-53.071315, -17.9659131999999], [-53.0809730999999, -17.9594637], [-53.0875603, -17.9435237], [-53.1047187, -17.9276242999999], [-53.1103957, -17.9272625999999], [-53.1153513, -17.9226131], [-53.1199556999999, -17.9229673999999], [-53.1203105, -17.9203338999999], [-53.1265677, -17.9154210999999], [-53.1276361, -17.9122899], [-53.1256632, -17.9100991], [-53.1270905, -17.9078268], [-53.123749, -17.9060203999999], [-53.1227249, -17.8982746999999], [-53.1261565999999, -17.8963204999999], [-53.1282654, -17.8907445], [-53.1262634999999, -17.8862553], [-53.1280915999999, -17.8845362], [-53.128118, -17.8810098], [-53.1357429999999, -17.8756461999999], [-53.1380854, -17.8710343999999], [-53.1371851, -17.8665981999999], [-53.138655, -17.8639636], [-53.1341548, -17.8586802], [-53.1375571, -17.8530357], [-53.1340231, -17.8482581], [-53.1357381999999, -17.8462283], [-53.1341050999999, -17.8436806], [-53.1318697999999, -17.8434859999999], [-53.1324501, -17.8404851], [-53.1311471, -17.8390754], [-53.1332063, -17.8384745999999], [-53.1316128, -17.8355263], [-53.1338511, -17.8356813999999], [-53.1337961, -17.8324855], [-53.1384419, -17.8315873], [-53.1369629, -17.8289366], [-53.1406944999999, -17.8276723], [-53.1394794999999, -17.8267577], [-53.1415795999999, -17.8265276], [-53.1417039, -17.8228672999999], [-53.1444589, -17.8229795], [-53.1443705, -17.8214128], [-53.1420065, -17.8205455], [-53.1439094999999, -17.8191879999999], [-53.1423394999999, -17.8185822], [-53.1427065999999, -17.816404], [-53.1447891999999, -17.8170742999999], [-53.1441141999999, -17.8152334], [-53.1465378, -17.8142179], [-53.1496132999999, -17.8094527], [-53.150704, -17.8102598999999], [-53.1503485, -17.8080924], [-53.1544916999999, -17.806192], [-53.1534076, -17.8038245], [-53.1563942, -17.8032229], [-53.154914, -17.8017434999999], [-53.1552593, -17.7979844999999], [-53.159894, -17.7960312], [-53.1570715999999, -17.7916263999999], [-53.1588508999999, -17.7885841], [-53.1553716, -17.7852182], [-53.1588177, -17.7820523999999], [-53.1578943, -17.7782228], [-53.1617069, -17.7764126], [-53.1600483999999, -17.7732392], [-53.1615057, -17.7737698], [-53.1655835, -17.7711148999999], [-53.1658983999999, -17.7672380999999], [-53.1641266, -17.7655377999999], [-53.1667889, -17.7643143999999], [-53.1680436, -17.7653513], [-53.1695046999999, -17.7634823], [-53.1724308, -17.7653716], [-53.1710785, -17.7591929], [-53.1735561, -17.7584527], [-53.172069, -17.7569311], [-53.1801411, -17.7487098999999], [-53.1826662, -17.7491651999999], [-53.1820097, -17.7516343], [-53.1838334999999, -17.7510576], [-53.1845592999999, -17.7476604], [-53.186087, -17.7480596999999], [-53.187598, -17.7461061999999], [-53.1857648, -17.7441562999999], [-53.187803, -17.7438637999999], [-53.1885622, -17.7419978], [-53.1900836999999, -17.7430275], [-53.1915478, -17.7385518], [-53.1956408, -17.7382961], [-53.1924122999999, -17.7370255], [-53.1939568999999, -17.7336324], [-53.1972416, -17.7341977], [-53.1973449, -17.7292429999999], [-53.1997608999999, -17.7307322999999], [-53.2021731999999, -17.7259883999999], [-53.2040701, -17.7259860999999], [-53.2043406999999, -17.7276448], [-53.2052035999999, -17.7252432], [-53.2068671, -17.7263338999999], [-53.2101259, -17.7254682], [-53.2087705, -17.7225860999999], [-53.2114958999999, -17.7216971], [-53.2131029, -17.7231015999999], [-53.2132134, -17.7208439999999], [-53.2162238999999, -17.7221688], [-53.2173488, -17.7202399], [-53.2160832, -17.7193255], [-53.2186007999999, -17.7194790999999], [-53.2185838999999, -17.7222927999999], [-53.2337891999999, -17.7130374], [-53.2351475, -17.7135761], [-53.2329106, -17.7067091], [-53.2369292, -17.7015881999999], [-53.2371623999999, -17.6988636999999], [-53.2353072999999, -17.6975960999999], [-53.2382502, -17.695598], [-53.2355032, -17.6935961], [-53.2379268, -17.6932404999999], [-53.2382577, -17.6906269999999], [-53.2396615, -17.692606], [-53.2413496, -17.6916605], [-53.2398186, -17.6906076999999], [-53.2442799, -17.6899495], [-53.242129, -17.6875878], [-53.2394265, -17.6881951999999], [-53.2406609999999, -17.6850813], [-53.2375906, -17.6849182999999], [-53.2393319, -17.6814793999999], [-53.237563, -17.6815584], [-53.2366638999999, -17.6794998], [-53.2388086, -17.6751796999999], [-53.2404473, -17.6752784], [-53.2429511999999, -17.6716129], [-53.2410411, -17.6688766999999], [-53.2369270999999, -17.6673273], [-53.2422179, -17.6645303999999], [-53.2400953, -17.6581454], [-53.2430388999999, -17.6591372], [-53.2429215, -17.6558798999999], [-53.2409517, -17.655289], [-53.2434765, -17.6535696], [-53.2454931999999, -17.654415], [-53.2430537, -17.6502264], [-53.2463140999999, -17.6500849], [-53.2476371, -17.6480427999999], [-53.2464262, -17.6455101999999], [-53.2483427999999, -17.6423172], [-53.2466555999999, -17.6410928], [-53.2480421, -17.6406906], [-53.2483804, -17.6372489], [-53.2464591999999, -17.6357108999999], [-53.2475865, -17.6334524], [-53.2457927, -17.6308923], [-53.248503, -17.6304832], [-53.2472868999999, -17.6289075], [-53.2484537999999, -17.6272951], [-53.2440664, -17.6224589999999], [-53.2477818, -17.6175648999999], [-53.2445661, -17.6165349999999], [-53.2439737, -17.6150833999999], [-53.2458693999999, -17.614775], [-53.2436099, -17.6139509999999], [-53.2431771999999, -17.6100086], [-53.2451331999999, -17.6097981], [-53.2471654, -17.6050663999999], [-53.2410608, -17.6015839], [-53.2404913999999, -17.5991523], [-53.2421891, -17.5967396], [-53.2390002, -17.5945515999999], [-53.2407615, -17.5940443], [-53.2405866, -17.5909374], [-53.235731, -17.5872912999999], [-53.2398431999999, -17.5818877999999], [-53.2362464999999, -17.5782373], [-53.2408531, -17.5687242999999], [-53.2393748, -17.568121], [-53.2384628999999, -17.5702484], [-53.2378916, -17.5680429], [-53.2452815, -17.5623838999999], [-53.245526, -17.5602628999999], [-53.2441246, -17.5594460999999], [-53.2458387, -17.5559676999999], [-53.2433038, -17.5555398999999], [-53.2422056999999, -17.5528696], [-53.239972, -17.5529802], [-53.2387141, -17.5506609], [-53.2424268999999, -17.5484938], [-53.2418029, -17.5468205], [-53.2437525999999, -17.5457858], [-53.2424574999999, -17.5438045999999], [-53.2439312, -17.5340345999999], [-53.240552, -17.5322209], [-53.2435942, -17.5315143999999], [-53.2430941, -17.5275169999999], [-53.2449862999999, -17.5260469999999], [-53.2421065999999, -17.5252105], [-53.2443335999999, -17.5250607999999], [-53.2441223, -17.5229237], [-53.2376775, -17.5148366], [-53.2399086, -17.5106385], [-53.2374765, -17.5116171], [-53.237541, -17.5098393], [-53.2426657999999, -17.506137], [-53.2405697, -17.5047342999999], [-53.2424030999999, -17.5037050999999], [-53.2409526, -17.5009279], [-53.2394707, -17.5019301], [-53.2375148, -17.500784], [-53.2368374, -17.498299], [-53.2399614999999, -17.4967998], [-53.2373496, -17.4952132999999], [-53.2400828, -17.4940409], [-53.2406177999999, -17.4921438], [-53.2383085, -17.4873936], [-53.2362467999999, -17.4871813], [-53.2370121, -17.4848397], [-53.2345281999999, -17.4824987], [-53.2356894, -17.4810204999999], [-53.2320986999999, -17.4809243999999], [-53.2344451, -17.4790589999999], [-53.2333010999999, -17.4773142999999], [-53.2316494, -17.4787805999999], [-53.2327634, -17.4762479], [-53.2274638, -17.4692386999999], [-53.2288421, -17.4664331], [-53.2261293, -17.466067], [-53.2281487, -17.4626153], [-53.2256247999999, -17.464373], [-53.2269836, -17.4616195999999], [-53.2238490999999, -17.4609948], [-53.2249376999999, -17.4541576999999], [-53.2275184, -17.4529324], [-53.2264481, -17.4454818999999], [-53.2291594, -17.4462775], [-53.2287600999999, -17.4446662], [-53.2331887999999, -17.4411221], [-53.2303383999999, -17.4398930999999], [-53.2305868999999, -17.4381609], [-53.2281141, -17.4378245], [-53.229798, -17.4357838999999], [-53.2295401, -17.432916], [-53.2278360999999, -17.4333181], [-53.2290331, -17.4267852999999], [-53.2263548999999, -17.4280446], [-53.2231583999999, -17.4261157], [-53.2225503, -17.4234658999999], [-53.2244314, -17.4232142], [-53.2218061999999, -17.4217687], [-53.2234432, -17.4194730999999], [-53.220877, -17.4190015999999], [-53.2220902, -17.4165343], [-53.2201433, -17.4156889], [-53.2201911, -17.4132847999999], [-53.217413, -17.4137272999999], [-53.2166305, -17.4112984999999], [-53.2149039999999, -17.4130939999999], [-53.2145116999999, -17.4093281999999], [-53.2120231, -17.408921], [-53.2126564, -17.4065214], [-53.2155488, -17.4073116], [-53.2150225999999, -17.4042223], [-53.2109679, -17.4026593], [-53.2106550999999, -17.4051019], [-53.2058221, -17.4022823], [-53.2071716999999, -17.3981611999999], [-53.2095477999999, -17.398557], [-53.208805, -17.3958223], [-53.2115681, -17.3945729], [-53.2131987, -17.3959116], [-53.2123306, -17.3931995999999], [-53.2071018999999, -17.3931598], [-53.2087746, -17.3903258999999], [-53.2066076, -17.3884002], [-53.2087422, -17.3848416], [-53.2052758, -17.3832786999999], [-53.2030164999999, -17.3896725], [-53.1998121, -17.3869879], [-53.1998321, -17.3808830999999], [-53.1975818, -17.3812821999999], [-53.1967983, -17.3797969], [-53.2009055, -17.3718218999999], [-53.2066566999999, -17.3720761], [-53.2056082, -17.3689514], [-53.1961906, -17.3676402], [-53.1980918, -17.3635189], [-53.1956824, -17.3607114], [-53.1979284999999, -17.3603251], [-53.2019586, -17.3632641999999], [-53.2065224, -17.3616104999999], [-53.2052753, -17.3600739], [-53.2028337, -17.3608093], [-53.2033375999999, -17.3526907], [-53.2003245, -17.3512339], [-53.2027325, -17.3477227], [-53.2018421, -17.3441122999999], [-53.2066526999999, -17.3420891], [-53.2019544, -17.340922], [-53.2041197999999, -17.3380357999999], [-53.2053772, -17.3315497], [-53.2118412, -17.3272933], [-53.2158684999999, -17.3290691999999], [-53.2173898999999, -17.3272183], [-53.213268, -17.3232748], [-53.2155131, -17.3204600999999], [-53.2130124, -17.3200876], [-53.2085456, -17.3140572], [-53.2131689, -17.3133635999999], [-53.2145851999999, -17.3106974], [-53.2102786999999, -17.3126104999999], [-53.2096058, -17.311539], [-53.2139582999999, -17.3077183], [-53.2184422999999, -17.3089782], [-53.2188322, -17.3073831999999], [-53.2162777999999, -17.3040856], [-53.2186298, -17.2980866999999], [-53.2080973, -17.2931611999999], [-53.2081616999999, -17.2849702], [-53.2037524, -17.284233], [-53.1955847, -17.2769938], [-53.194285, -17.2742097], [-53.1946978999999, -17.2680478999999], [-53.1975337, -17.2607404999999], [-53.1925451, -17.2584565], [-53.1866704999999, -17.2587844999999], [-53.1841185, -17.2527689999999], [-53.1794740999999, -17.2476412999999], [-53.1799354, -17.2432155], [-53.1750628999999, -17.2404470999999], [-53.1718271999999, -17.2331751], [-53.1705459999999, -17.2212193], [-53.1651606, -17.2209447], [-53.1669299, -17.2188009], [-53.166468, -17.2100768999999], [-53.1621516, -17.2052313], [-53.1621544, -17.2021857], [-53.1551668, -17.1868367], [-53.1576151, -17.1774093], [-53.1566662, -17.1706844999999], [-53.1481929999999, -17.1681455999999], [-53.1420668, -17.1713592999999], [-53.1404168, -17.167137], [-53.1411897999999, -17.1640945999999], [-53.1391404, -17.1615495999999], [-53.1349989999999, -17.1614549], [-53.1330646, -17.156444], [-53.1275166999999, -17.1545758], [-53.1311279, -17.1447264], [-53.1264614, -17.1445765], [-53.1235118, -17.1410716999999], [-53.1232426, -17.136743], [-53.1181956999999, -17.1344255], [-53.1195885, -17.131221], [-53.1141966, -17.1266231], [-53.116838, -17.1235272], [-53.1175302, -17.1197877], [-53.1142862999999, -17.116769], [-53.1183103, -17.1132203999999], [-53.1129448, -17.1135778], [-53.110745, -17.1081402999999], [-53.1042676, -17.1075185999999], [-53.1012377, -17.1107974999999], [-53.0983146999999, -17.109098], [-53.0973486, -17.1063346999999], [-53.1016321, -17.103733], [-53.1008557, -17.101692], [-53.0951681999999, -17.1021378999999], [-53.0929348, -17.0984281999999], [-53.0874917, -17.1008125], [-53.0862807999999, -17.0986710999999], [-53.0909147, -17.0926810999999], [-53.0886699, -17.0923412], [-53.0850338, -17.0952895999999], [-53.0830169, -17.0936346999999], [-53.0887814, -17.0849888999999], [-53.086037, -17.0844619], [-53.0816728999999, -17.0889347], [-53.0786608999999, -17.0884689], [-53.0806234, -17.0800364999999], [-53.0794165, -17.0793876], [-53.0757437999999, -17.0805144], [-53.0700232, -17.0857162999999], [-53.0697350999999, -17.0811414], [-53.0725927, -17.0783736], [-53.0722464999999, -17.0766492], [-53.0675851999999, -17.0782288999999], [-53.065909, -17.0734978999999], [-53.0613303, -17.0779831999999], [-53.0587859, -17.0760147999999], [-53.0612788999999, -17.0710194], [-53.0554180999999, -17.070598], [-53.0577923, -17.0670398999999], [-53.0548061, -17.0641755999999], [-53.0552413999999, -17.0605348999999], [-53.0594029, -17.0571282999999], [-53.0654762999999, -17.0581936999999], [-53.0655978, -17.0519907], [-53.0604516, -17.0527046999999], [-53.0591408, -17.0511777], [-53.0604069999999, -17.0470850999999], [-53.0632156999999, -17.0459501], [-53.0677848999999, -17.0479329999999], [-53.070185, -17.0509494999999], [-53.071421, -17.0496052], [-53.0693762, -17.0418185999999], [-53.0650211999999, -17.0382675999999], [-53.0680179999999, -17.0308701], [-53.0640597999999, -17.0317555], [-53.0608971, -17.0305633999999], [-53.0593603999999, -17.0273612], [-53.0621414999999, -17.0244709999999], [-53.0615468, -17.0227283999999], [-53.0593311, -17.0204868], [-53.0552019, -17.0214956], [-53.0537598, -17.0191040999999], [-53.0547332, -17.0176471999999], [-53.0638003999999, -17.0162604], [-53.0632854999999, -17.0130634999999], [-53.0612249, -17.0123720999999], [-53.0570978, -17.01528], [-53.0545253, -17.0146374999999], [-53.0544492, -17.0111838999999], [-53.0567257, -17.0094932], [-53.0517518999999, -17.0040496], [-53.0557325999999, -17.0029610999999], [-53.0547827999999, -17.0002145], [-53.0559587, -16.9969295999999], [-53.0510265999999, -16.9934456], [-53.0552021, -16.9884294999999], [-53.053547, -16.9788948999999], [-53.0551283, -16.9729407999999], [-53.0545169, -16.9684412999999], [-53.0564204999999, -16.9638567], [-53.0537901, -16.9614204], [-53.0521576, -16.9674062], [-53.0494325999999, -16.9675487], [-53.046759, -16.9635865999999], [-53.0448926, -16.9548978999999], [-53.047265, -16.9492958], [-53.0405102999999, -16.9468107], [-53.0350329, -16.9424731], [-53.0370765, -16.9381445], [-53.0330369, -16.9318673999999], [-53.0352308999999, -16.9307211], [-53.0383249, -16.9322749], [-53.0395801999999, -16.930985], [-53.0346562999999, -16.9239031999999], [-53.0342567, -16.9203194999999], [-53.0394550999999, -16.9126931], [-53.0324244999999, -16.9087054], [-53.0293902, -16.9118491999999], [-53.0284455999999, -16.9096564999999], [-53.0314352999999, -16.9037531999999], [-53.0254502999999, -16.9043144999999], [-53.0191665999999, -16.9002232], [-53.0201494999999, -16.8951347999999], [-53.0170849, -16.8845471999999], [-53.011817, -16.8830776], [-53.0174077999999, -16.8782914999999], [-53.0163446999999, -16.876142], [-53.0143502, -16.8768822], [-53.0130698999999, -16.8752544], [-53.0144172, -16.8615799], [-53.0120633999999, -16.8587611999999], [-53.0091146999999, -16.8590502], [-53.0054934, -16.8652764999999], [-53.00173, -16.8602493999999], [-52.9980808, -16.8631983999999], [-52.9980214, -16.866304], [-52.9913046, -16.8630472], [-52.9884914, -16.8672073999999], [-52.9764039999999, -16.8636837999999], [-52.9721668, -16.8696537], [-52.9634773999999, -16.8670908], [-52.9628499, -16.8652408999999], [-52.9663821999999, -16.8587899], [-52.9622894999999, -16.8587706], [-52.9560205999999, -16.8615032], [-52.9542436999999, -16.8591893], [-52.9562395999999, -16.8545801], [-52.9590651, -16.8530223], [-52.9572209999999, -16.8504695999999], [-52.9501081999999, -16.8527124999999], [-52.9497034999999, -16.8552612], [-52.9518792, -16.8599113], [-52.9498081, -16.8597966999999], [-52.9450246, -16.8551914], [-52.9481782, -16.8486184], [-52.9481001999999, -16.8447818999999], [-52.9528321999999, -16.8430951], [-52.9528953999999, -16.8409497], [-52.9495507, -16.8404318], [-52.9433238, -16.8426954], [-52.9395393, -16.8408856999999], [-52.9366214999999, -16.8414375999999], [-52.9348806, -16.8396051], [-52.9322577999999, -16.8415337], [-52.9269887999999, -16.8407170999999], [-52.932126, -16.8353903999999], [-52.9292968, -16.8268419999999], [-52.9342493999999, -16.8251485], [-52.9402454, -16.8149374], [-52.9448025999999, -16.8129782999999], [-52.9416122, -16.8106773], [-52.9361532999999, -16.8107864999999], [-52.9330629999999, -16.8031414], [-52.9265114, -16.8051225], [-52.9256488, -16.8101849], [-52.9282441999999, -16.8169], [-52.9270066999999, -16.8188256], [-52.9232653999999, -16.8182183], [-52.9173063, -16.8133705], [-52.9077240999999, -16.8100875], [-52.9065467, -16.7982749999999], [-52.8988749, -16.7945794], [-52.8927581, -16.7940897999999], [-52.8891748, -16.788741], [-52.8938133, -16.7866546], [-52.8942249, -16.7850769], [-52.8896657, -16.7831105999999], [-52.8893558999999, -16.7805466], [-52.8864672, -16.7798642], [-52.8844177, -16.7764073], [-52.8802674, -16.7756366999999], [-52.8778454, -16.7799156999999], [-52.8673403999999, -16.7812415999999], [-52.8661102999999, -16.7764794], [-52.8628171, -16.7756707], [-52.8624631, -16.7689976999999], [-52.8594505999999, -16.7685953], [-52.8546949, -16.7735155999999], [-52.8520328, -16.7678998], [-52.8489441999999, -16.765994], [-52.8372442, -16.7718968999999], [-52.8316748999999, -16.7721106999999], [-52.8293704, -16.7701427], [-52.8305036, -16.7602749], [-52.8277547, -16.758027], [-52.8221157, -16.7578885], [-52.8167043, -16.7488552], [-52.8115955, -16.7465253999999], [-52.8081931999999, -16.7422776], [-52.8042902, -16.74234], [-52.8006776, -16.748953], [-52.7966167, -16.7467505999999], [-52.7944548, -16.7413187999999], [-52.7925243, -16.7401439], [-52.7866648999999, -16.7427281], [-52.789326, -16.7247510999999], [-52.7856585, -16.714447], [-52.7789445, -16.7082599], [-52.7623086, -16.7070227999999], [-52.7597734, -16.7040122999999], [-52.7640304, -16.6979825999999], [-52.7633792, -16.6872332], [-52.7614674, -16.6792164999999], [-52.7561967999999, -16.6752544], [-52.755119, -16.6722832999999], [-52.7590413999999, -16.6711255], [-52.7690570999999, -16.6726846999999], [-52.7712913999999, -16.6694257999999], [-52.7631719, -16.6642434], [-52.7528323999999, -16.6622212999999], [-52.7484621999999, -16.6558196999999], [-52.7418082, -16.6580943], [-52.7401494, -16.6570172999999], [-52.7410747, -16.6520897], [-52.7456293, -16.6464758], [-52.7482234, -16.6398272], [-52.7461918, -16.6306989], [-52.7407122, -16.6298138], [-52.7339426, -16.6331757], [-52.7297065, -16.6388153], [-52.7272098, -16.645642], [-52.724186, -16.6469772], [-52.7205939, -16.6460733], [-52.7149919, -16.6387918], [-52.723286, -16.62299], [-52.7260216, -16.6144965999999], [-52.7378929, -16.6134819], [-52.7410464, -16.6106915999999], [-52.7398108, -16.6037954], [-52.7308042, -16.5982139], [-52.7399149, -16.5919259999999], [-52.7400847, -16.5899573], [-52.7359486999999, -16.588944], [-52.7331695999999, -16.5859662999999], [-52.7275853, -16.5863466], [-52.7113161, -16.595161], [-52.7085036999999, -16.5996162], [-52.7052161999999, -16.5992671], [-52.7032115, -16.5963439], [-52.7063438, -16.5874135999999], [-52.7078584, -16.5765170999999], [-52.7067365, -16.5727287999999], [-52.7040671, -16.5711724], [-52.7003195999999, -16.5723240999999], [-52.6946813, -16.5821902], [-52.6901023, -16.5846051999999], [-52.6732905, -16.5849218999999], [-52.6699495999999, -16.5816065], [-52.6729273, -16.5696263999999], [-52.6685861999999, -16.5698068999999], [-52.6622616999999, -16.5727593999999], [-52.659646, -16.5709507], [-52.6616141, -16.5666285999999], [-52.6702748, -16.558683], [-52.6679574999999, -16.5510692], [-52.6631217, -16.5513784999999], [-52.6544823999999, -16.5607108], [-52.6506284, -16.5619278], [-52.6490711, -16.5599655], [-52.6506173999999, -16.5508487], [-52.6495313999999, -16.5477468], [-52.6457359, -16.5461826], [-52.6405041, -16.5516208], [-52.6358217, -16.5519874], [-52.6350947, -16.5397905], [-52.633137, -16.5377291999999], [-52.6290357999999, -16.5378618999999], [-52.6268691999999, -16.5354755999999], [-52.6258063, -16.5215064], [-52.6345036, -16.5133438], [-52.6373397, -16.5028563999999], [-52.6316351999999, -16.5001505999999], [-52.6203116999999, -16.5052097999999], [-52.6127559, -16.5017546999999], [-52.6060783, -16.4860242], [-52.6077928999999, -16.4808884999999], [-52.6064961, -16.4767785], [-52.6122493, -16.4721426999999], [-52.6132223, -16.4688462999999], [-52.6062143999999, -16.4661905], [-52.6047449, -16.4634543], [-52.6086261, -16.4593846], [-52.6133023, -16.4575935999999], [-52.616279, -16.4590446999999], [-52.6188362, -16.4651416], [-52.6207562, -16.4653331], [-52.6222693, -16.4565504999999], [-52.6173671999999, -16.4527859999999], [-52.6172412999999, -16.4489723999999], [-52.6192182, -16.4463069], [-52.6248616, -16.4445689999999], [-52.6301488, -16.4400486], [-52.6386778, -16.4375587], [-52.6393954, -16.4325365], [-52.6448890999999, -16.4271494], [-52.6443717999999, -16.4226825], [-52.6408294999999, -16.4178185], [-52.6438707999999, -16.4120119999999], [-52.6516771999999, -16.4084829999999], [-52.6745488, -16.4124040999999], [-52.6874119999999, -16.3990004999999], [-52.6892539999999, -16.3945593], [-52.6884487, -16.3908577999999], [-52.6807039999999, -16.3881153], [-52.6775936999999, -16.3809965], [-52.6781220999999, -16.3787333], [-52.6851824999999, -16.3720193999999], [-52.692787, -16.3671524], [-52.6902681999999, -16.3585707999999], [-52.6932871, -16.3500847999999], [-52.6922087, -16.3483146], [-52.68258, -16.3441296], [-52.6849582, -16.3379778999999], [-52.6859719, -16.3272454], [-52.6825315999999, -16.3209027], [-52.6869076999999, -16.3155217999999], [-52.6825565999999, -16.3017422999999], [-52.6775319, -16.3015844], [-52.6739444, -16.2936809], [-52.6698886, -16.2918711], [-52.6671051, -16.2875147999999], [-52.6579667, -16.2800753999999], [-52.6537238, -16.2794458999999], [-52.6479854, -16.2851416], [-52.6369251, -16.2831042999999], [-52.6297648, -16.2865818], [-52.6246927, -16.2868043], [-52.6193461, -16.2838801], [-52.6103955, -16.2717466999999], [-52.5891948, -16.2694969999999], [-52.587318, -16.2680703], [-52.5827194999999, -16.2546894], [-52.5776822999999, -16.249637], [-52.5710607, -16.2526526], [-52.5665299999999, -16.261274], [-52.5624807999999, -16.2651514999999], [-52.5544848, -16.2655424], [-52.5466155999999, -16.2608792999999], [-52.5461200999999, -16.2584386999999], [-52.5545961999999, -16.2524165], [-52.5611340999999, -16.2400380999999], [-52.5689264, -16.2338872], [-52.5696204, -16.2286061999999], [-52.5659785, -16.224274], [-52.5490839, -16.2252657], [-52.545272, -16.2226104], [-52.5486549, -16.2079072], [-52.5505031, -16.1875631], [-52.5495976, -16.1848785], [-52.5444203, -16.1817798], [-52.5435917, -16.1797207], [-52.5491658999999, -16.1649955], [-52.5264498999999, -16.1553939], [-52.5252263, -16.1519082999999], [-52.5259589, -16.141064], [-52.5202639, -16.138969], [-52.5160749999999, -16.1339058999999], [-52.5136739, -16.1335515], [-52.5020554, -16.1421354], [-52.4985674, -16.1421392], [-52.4918094, -16.1381407], [-52.4904093, -16.1326352], [-52.4881359999999, -16.1304309], [-52.4806341999999, -16.1291563999999], [-52.4766344, -16.1264621], [-52.4605728999999, -16.1277183], [-52.4493297, -16.1168809], [-52.4395408, -16.1100840999999], [-52.4270144, -16.1062810999999], [-52.4204023999999, -16.1021074999999], [-52.4087546, -16.0995569], [-52.3988793, -16.0933423999999], [-52.3928074, -16.0935731], [-52.3806109, -16.0989216999999], [-52.372894, -16.0981298999999], [-52.3708874, -16.0950996], [-52.3700671999999, -16.0877149], [-52.367252, -16.0833084], [-52.3589071, -16.0812569999999], [-52.3524047999999, -16.0846898], [-52.3299378999999, -16.0721758], [-52.3280995, -16.0692756999999], [-52.3255096999999, -16.0497253], [-52.3212364999999, -16.0458507], [-52.3240426999999, -16.0378143], [-52.3203690999999, -16.0310911], [-52.3156698, -16.0270484], [-52.3132237, -16.0114836], [-52.3108157999999, -16.0070365], [-52.2971922999999, -15.9953930999999], [-52.290184, -15.9834309999999], [-52.2891299999999, -15.9794145999999], [-52.2903395, -15.9655471999999], [-52.2788025999999, -15.9554722], [-52.266918, -15.9477237999999], [-52.2651805, -15.9447241999999], [-52.2660035, -15.9405196], [-52.2646303999999, -15.9361984], [-52.2568952999999, -15.9308847], [-52.2560328, -15.9191324], [-52.2521826999999, -15.9079146], [-52.2549334999999, -15.8967704999999], [-52.2533433, -15.8925619], [-52.2479693, -15.8901847], [-52.2350251, -15.8892741999999], [-52.2159323, -15.8915822], [-52.2052181, -15.8880063999999], [-52.1992860999999, -15.8827062999999], [-52.1926654, -15.880842], [-52.1751265, -15.8880196], [-52.1527237, -15.8889169999999], [-52.1313820999999, -15.8954985], [-52.1261299, -15.8942608999999], [-52.1149442999999, -15.885125], [-52.1096388999999, -15.8826529999999], [-52.1060578, -15.8836489999999], [-52.1005084, -15.8890451], [-52.0972083, -15.8886067], [-52.0914018, -15.8824978], [-52.0801521, -15.8809631999999], [-52.0733217, -15.8816545999999], [-52.0576872999999, -15.8875426], [-52.0466633, -15.8882305], [-52.0386521, -15.8861358999999], [-52.0275745, -15.8882616999999], [-52.0145457, -15.8870191], [-52.0079674, -15.8846313999999], [-52.0054026999999, -15.879431], [-51.9967083, -15.8732770999999], [-51.9886013, -15.8520705], [-51.9813040999999, -15.8425042], [-51.9706437999999, -15.8378668], [-51.9594331, -15.8400404999999], [-51.9548857, -15.8386513999999], [-51.9531249, -15.8344787999999], [-51.9562711999999, -15.8266432], [-51.9559116999999, -15.8185415], [-51.9532348, -15.8134641999999], [-51.9484548999999, -15.8100984], [-51.9129113, -15.8132335999999], [-51.9047553999999, -15.8187227999999], [-51.8922896, -15.8311214], [-51.8874443, -15.8318088], [-51.8826701, -15.8284853], [-51.8798409999999, -15.8229438], [-51.8763102, -15.8020546999999], [-51.8733207999999, -15.7981394999999], [-51.8624831, -15.7911908], [-51.8592472999999, -15.7874643], [-51.8345194999999, -15.7438316], [-51.8233266999999, -15.7314335], [-51.8086848999999, -15.7274391], [-51.8037937999999, -15.7237057999999], [-51.8033503, -15.7202720999999], [-51.8059717, -15.7136431], [-51.8025989, -15.7043353999999], [-51.7651493, -15.6495527], [-51.7571321, -15.6334464999999], [-51.7542349999999, -15.6124359], [-51.7702604, -15.5736429], [-51.7798514, -15.5554215], [-51.7806783999999, -15.5464226999999], [-51.7772681, -15.5349849999999], [-51.7751307999999, -15.5322677999999], [-51.7684495999999, -15.5298094], [-51.760886, -15.5300637], [-51.7564093, -15.5372138], [-51.7579456999999, -15.5505825999999], [-51.7556134, -15.5574154], [-51.7467872999999, -15.5617248], [-51.7393436, -15.5592768], [-51.7277197, -15.5496448], [-51.7255764, -15.5441289999999], [-51.7371803, -15.5267964999999], [-51.7378729, -15.5170808999999], [-51.7360502999999, -15.5098960999999], [-51.7285664, -15.5018062999999], [-51.7057301999999, -15.4975623999999], [-51.6994028, -15.4879127], [-51.7000568, -15.4740007999999], [-51.7078567999999, -15.464151], [-51.7094595, -15.4594918], [-51.7030872999999, -15.4441141999999], [-51.6943479, -15.4375616999999], [-51.6912832, -15.4308953], [-51.6912771, -15.4258682], [-51.6976352999999, -15.4151401999999], [-51.6972226, -15.4091862], [-51.6882211, -15.3926261999999], [-51.6832196999999, -15.3866743], [-51.6729223999999, -15.3804190999999], [-51.6695309999999, -15.3744209999999], [-51.6734931, -15.3576507], [-51.6787249, -15.3551181999999], [-51.6873706, -15.3468505], [-51.6914399999999, -15.3281550999999], [-51.6882960999999, -15.3116252], [-51.6797381, -15.290064], [-51.6738023999999, -15.2854356999999], [-51.6506993, -15.2730935], [-51.6456550999999, -15.2649953], [-51.6471309, -15.256592], [-51.6531034, -15.2539171], [-51.6616706999999, -15.2557123], [-51.6687929999999, -15.2546151], [-51.6719626, -15.2478091999999], [-51.6681963999999, -15.2321668], [-51.658606, -15.2152067], [-51.6533006999999, -15.2096185999999], [-51.6507182, -15.2033039], [-51.649797, -15.18932], [-51.6522952, -15.1819439999999], [-51.651158, -15.1772548], [-51.6474271, -15.1734620999999], [-51.6295112, -15.1666805999999], [-51.6061344999999, -15.162297], [-51.5953418, -15.1551845], [-51.5926616, -15.1523609], [-51.5863887, -15.1335698999999], [-51.5829570999999, -15.1283586], [-51.5640797999999, -15.1086091], [-51.5525127999999, -15.1046820999999], [-51.5468906999999, -15.1004651], [-51.5341081, -15.0652021999999], [-51.5308555999999, -15.061676], [-51.5234753999999, -15.057712], [-51.4978940999999, -15.0571337], [-51.4875365999999, -15.0523281], [-51.4680594, -15.0503856], [-51.4620029, -15.0479796999999], [-51.4441342, -15.0345996], [-51.4322496999999, -15.0119852999999], [-51.4269631999999, -15.0076658999999], [-51.4017387, -15.0028533999999], [-51.3866025999999, -15.0057624], [-51.3769296999999, -15.0102626], [-51.3682419, -15.0095731], [-51.3595787, -15.0023992], [-51.3355323, -14.9717535], [-51.3290309, -14.9696173], [-51.3248033, -14.9704199], [-51.3070506999999, -14.9809706999999], [-51.3042871, -14.9844838], [-51.299315, -15.0029266999999], [-51.2999662999999, -15.0183367999999], [-51.295042, -15.0302485999999], [-51.2759113, -15.0437550999999], [-51.2676087, -15.044413], [-51.2471116999999, -15.0319441], [-51.2190088, -15.0247016], [-51.2083719999999, -15.0092673], [-51.1983989, -15.0027752], [-51.15705, -14.9856109999999], [-51.1508110999999, -14.9780072], [-51.1477045, -14.9702361999999], [-51.1476104, -14.9624362], [-51.1507778, -14.9541776], [-51.1484541, -14.9461542999999], [-51.1449181, -14.9434105999999], [-51.1327686, -14.9407527], [-51.113508, -14.9299219], [-51.0871098, -14.9213487], [-51.0843133, -14.9125610999999], [-51.0844514999999, -14.9081361999999], [-51.0855192999999, -14.9035587999999], [-51.0930003, -14.8935438], [-51.093958, -14.8744781999999], [-51.0932647, -14.8551975], [-51.0896375, -14.8401805], [-51.0777322, -14.8184826999999], [-51.0707095, -14.8099634], [-51.0511703999999, -14.7991673], [-51.0448213, -14.7928386], [-51.0436650999999, -14.7885185], [-51.0451073, -14.7771091999999], [-51.0566607, -14.7612963999999], [-51.0583951, -14.7569463], [-51.0582449, -14.7516699999999], [-51.0531885, -14.7388819], [-51.0419719, -14.7276626999999], [-51.0385836999999, -14.7203678999999], [-51.029233, -14.7074084], [-51.0260412, -14.691053], [-51.0317547999999, -14.6778724], [-51.0266586, -14.6593581], [-51.0219455, -14.6528881999999], [-51.0100072, -14.6457339], [-50.9998868, -14.6300310999999], [-50.9928355, -14.6124579], [-50.9925499, -14.5996938], [-50.9976053, -14.5818042], [-50.9962494, -14.5746109], [-50.9824747, -14.5563529], [-50.9627206, -14.5239073], [-50.9634963999999, -14.5178845999999], [-50.9704935, -14.5124026], [-50.9731477, -14.5051759999999], [-50.973025, -14.4976842], [-50.9680137, -14.4819970999999], [-50.9694661999999, -14.4752596], [-50.9771314, -14.4648791999999], [-50.9844571, -14.4608127999999], [-50.9889651, -14.4535716], [-50.9899020999999, -14.4484520999999], [-50.9851538, -14.4380882], [-50.9849149, -14.4319171], [-50.9978306, -14.4156747], [-50.9921588, -14.3944875], [-50.9844831999999, -14.3764446], [-50.9882004999999, -14.3599682], [-50.9693146, -14.3358322999999], [-50.9661172, -14.3271167999999], [-50.9684662, -14.3166155], [-50.9777364, -14.3040483], [-50.9781733, -14.2972435999999], [-50.9664362999999, -14.2690076], [-50.9548889, -14.2332145], [-50.9402094, -14.2184688999999], [-50.9364962999999, -14.2065517], [-50.9233151, -14.1804903], [-50.9229359, -14.1757742], [-50.9215392999999, -14.1733500999999], [-50.9137226, -14.1685097], [-50.9100275, -14.1484189999999], [-50.9197824, -14.1266249], [-50.9194892, -14.1186033999999], [-50.9179685999999, -14.1160917], [-50.908759, -14.1110828], [-50.9037008, -14.1102235], [-50.8987313, -14.1149354999999], [-50.8980447, -14.1247916], [-50.8951036999999, -14.1308695999999], [-50.8928475, -14.1322398], [-50.8865271999999, -14.1321283], [-50.8711193999999, -14.1179299999999], [-50.8679837, -14.1177018], [-50.8604592999999, -14.1217255999999], [-50.8518089, -14.1176257], [-50.8348822999999, -14.0946837], [-50.8317317, -14.0860521], [-50.8329110999999, -14.0708595999999], [-50.8377902, -14.0637503999999], [-50.8412805999999, -14.0500115], [-50.8550438999999, -14.0258772999999], [-50.8560626, -14.0209672], [-50.8547781999999, -14.0164267], [-50.8487529, -14.0083926999999], [-50.8471508, -13.9997948], [-50.8593642, -13.9899027], [-50.8646742999999, -13.9839542999999], [-50.8663329, -13.9796479999999], [-50.8673281, -13.9683348], [-50.8657853, -13.9598445], [-50.8626275, -13.9540243], [-50.845903, -13.9344029], [-50.8402336, -13.9236819], [-50.8415145, -13.8922438999999], [-50.8406443, -13.8637886999999], [-50.8426921, -13.8563417], [-50.8551553, -13.8392044], [-50.8590854999999, -13.8287048], [-50.8543701, -13.7997614], [-50.8587464999999, -13.7794423], [-50.8533684999999, -13.7688507], [-50.853563, -13.7609768], [-50.8583113999999, -13.7536608999999], [-50.8721272999999, -13.7399010999999], [-50.8732995999999, -13.7324116999999], [-50.8690192999999, -13.7248041999999], [-50.8613369, -13.7186374], [-50.8482129999999, -13.7127709], [-50.8297337, -13.7098142999999], [-50.8110085, -13.6992665999999], [-50.8062257999999, -13.6938145999999], [-50.7993537, -13.6742030999999], [-50.786569, -13.6466268], [-50.7836065, -13.6203940999999], [-50.7787615999999, -13.6118321], [-50.7715851, -13.6045005], [-50.7684326999999, -13.5955200999999], [-50.7664363, -13.5820128], [-50.7683782, -13.5608543], [-50.7634452999999, -13.5331563999999], [-50.7589998, -13.5203152999999], [-50.7369017, -13.5032002], [-50.7235512999999, -13.4979597999999], [-50.7148156, -13.4914731], [-50.6940354, -13.4695508], [-50.6885214, -13.4521602999999], [-50.6835249, -13.445191], [-50.6726894, -13.4414502999999], [-50.6639456, -13.4349564999999], [-50.6631975, -13.4257564], [-50.6696223, -13.3976195999999], [-50.6653236999999, -13.3755657999999], [-50.6464958999999, -13.3619687999999], [-50.6318946, -13.3442562999999], [-50.6236072, -13.3304987999999], [-50.6085957, -13.3175954], [-50.6068516, -13.3057138999999], [-50.6066294, -13.2789389], [-50.6042199, -13.2734823], [-50.5980256, -13.2716609999999], [-50.592727, -13.2605581999999], [-50.5923644, -13.2466833], [-50.5904077, -13.2376029], [-50.5854581999999, -13.2262218999999], [-50.5841755, -13.2176962999999], [-50.5931050999999, -13.2040011], [-50.6017821, -13.1960983], [-50.6059357999999, -13.1875102], [-50.6059245, -13.183552], [-50.6026684999999, -13.1753696], [-50.5936237, -13.1636574999999], [-50.5939362, -13.158788], [-50.5988447999999, -13.1467142], [-50.5995303, -13.1360913], [-50.5928954999999, -13.1213081999999], [-50.5916255, -13.1079503999999], [-50.5945502, -13.0967009999999], [-50.6039102, -13.0865876999999], [-50.6103186999999, -13.0647587999999], [-50.6100443, -13.0603692], [-50.6064732, -13.0540028999999], [-50.5982183, -13.0508067], [-50.592929, -13.0531228999999], [-50.5763133999999, -13.0541372], [-50.5701653, -13.0451429999999], [-50.5688148, -13.0400332], [-50.5708488999999, -13.0342016], [-50.5824529999999, -13.0251325999999], [-50.5911470999999, -13.0139971999999], [-50.5935939, -13.0072101], [-50.5929419999999, -13.0034889], [-50.5905238, -13.0004264], [-50.582884, -12.9974025], [-50.5699559, -12.9962381999999], [-50.5611340999999, -12.9925253], [-50.548804, -12.9928202999999], [-50.5428223, -12.9873946], [-50.5376929, -12.9774133999999], [-50.5278678999999, -12.9771610999999], [-50.5241437999999, -12.9736515999999], [-50.5275999999999, -12.9506552999999], [-50.5263757, -12.9339305], [-50.5226011, -12.9247626], [-50.5134791999999, -12.9128663], [-50.5126005, -12.8923677999999], [-50.510974, -12.8867658], [-50.4995742999999, -12.8795099], [-50.4985856, -12.8772650999999], [-50.4998954, -12.8678115], [-50.5109783, -12.8608967], [-50.5070724999999, -12.8579409999999], [-50.5072036999999, -12.8507063], [-50.503634, -12.8506995], [-50.5018646999999, -12.8477103999999], [-50.4958556999999, -12.8446339999999], [-50.4940496, -12.8406110999999], [-50.4941004999999, -12.8346587], [-50.4905969, -12.8310152999999], [-50.4897847999999, -12.8274919999999], [-50.4937254, -12.8174319], [-50.4910229, -12.8131202], [-50.4838415, -12.8105787], [-50.4880805999999, -12.802109], [-50.4925565999999, -12.7971795], [-50.4906508999999, -12.7944004999999], [-50.4939176, -12.7895068999999], [-50.4932856, -12.7836871], [-50.4870599, -12.7763636], [-50.4749808, -12.7707892], [-50.4741452, -12.7681916999999], [-50.4774566999999, -12.7639874], [-50.4773322, -12.7593338], [-50.4677976999999, -12.7542594], [-50.4687084999999, -12.7523232999999], [-50.4772469, -12.7533953999999], [-50.4837762999999, -12.7511569], [-50.4874093999999, -12.7451063999999], [-50.4833995, -12.7393087], [-50.4778472, -12.737025], [-50.4701944999999, -12.736914], [-50.4650890999999, -12.7308029], [-50.467326, -12.7216440999999], [-50.4713788999999, -12.7181113], [-50.4773529999999, -12.7164961999999], [-50.4786553, -12.7112830999999], [-50.4726980999999, -12.7047876], [-50.4640016, -12.7031671999999], [-50.4608311, -12.6927772], [-50.4537367, -12.6943178], [-50.4498306999999, -12.6976114999999], [-50.4425712, -12.6965435999999], [-50.4389381, -12.6975408], [-50.4327130999999, -12.6915223999999], [-50.4316494, -12.6876682], [-50.4343807, -12.6867409], [-50.4340984999999, -12.6820989], [-50.4363734, -12.6781081999999], [-50.4315702, -12.6684801], [-50.4355366, -12.6597558999999], [-50.4342991, -12.6574325], [-50.4278970999999, -12.6547871], [-50.4269275999999, -12.6524881999999], [-50.4290058, -12.6492627], [-50.4341949, -12.6494173999999], [-50.4361772, -12.6565034], [-50.4382692, -12.658039], [-50.4408321, -12.6559629], [-50.4404503, -12.6522537], [-50.4260505999999, -12.6415524999999], [-50.4215864, -12.6440789], [-50.4188171, -12.6512504], [-50.4148709999999, -12.6508828999999], [-50.4123673999999, -12.6482935], [-50.4119148999999, -12.6437467], [-50.4171486, -12.6349777], [-50.4181009, -12.6244472999999], [-50.406403, -12.6131288999999], [-50.3930541999999, -12.6128237999999], [-50.3908223999999, -12.611461], [-50.3914991, -12.6049704], [-50.3983838999999, -12.6014906], [-50.386478, -12.5898503], [-50.3834722, -12.5786464999999], [-50.3794167, -12.5756009999999], [-50.3686206, -12.5749829], [-50.3661794, -12.5732353999999], [-50.3650691, -12.5651652999999], [-50.3695501, -12.557338], [-50.3660811999999, -12.5536645], [-50.3590465, -12.5541167], [-50.3575226, -12.5518640999999], [-50.3659903999999, -12.5470131], [-50.3659843, -12.5455011], [-50.3578054, -12.5399596999999], [-50.3521732999999, -12.5406161], [-50.349486, -12.5435788], [-50.3467127, -12.5427847999999], [-50.3452867, -12.540408], [-50.3470929, -12.5349287999999], [-50.3462122, -12.5326299], [-50.3385648, -12.5329078], [-50.3348157, -12.5362671999999], [-50.3314958999999, -12.5354838], [-50.3294849, -12.5296506999999], [-50.3336406, -12.5196794999999], [-50.3284935, -12.5137429], [-50.3249268, -12.5144038999999], [-50.3168535999999, -12.5212546999999], [-50.3132208, -12.5210923], [-50.3115526999999, -12.5183415], [-50.3127301, -12.5151003], [-50.3187672999999, -12.5083784], [-50.3244294, -12.5071773], [-50.3104160999999, -12.4953762], [-50.289254, -12.486352], [-50.2846597, -12.4832438999999], [-50.281732, -12.4781621], [-50.2754419999999, -12.4811741], [-50.2616920999999, -12.4772179999999], [-50.2558543, -12.4701967999999], [-50.2530303999999, -12.4616048], [-50.2283186, -12.4541338], [-50.2264489999999, -12.4475252999999], [-50.2245253, -12.446046], [-50.2157134, -12.4491020999999], [-50.2073038999999, -12.4478526999999], [-50.2057928999999, -12.445207], [-50.2084714, -12.4417506], [-50.2157751, -12.4415420999999], [-50.2117812, -12.4355972999999], [-50.1945810999999, -12.430666], [-50.1869791999999, -12.4329784], [-50.184061, -12.4320509], [-50.1833306, -12.4289481], [-50.1862186, -12.4234413999999], [-50.1984992, -12.4175739999999], [-50.1958860999999, -12.4124368999999], [-50.1932990999999, -12.4115343999999], [-50.189409, -12.4132453999999], [-50.1882045999999, -12.4154667], [-50.1891833999999, -12.4200918999999], [-50.1864585, -12.4221289], [-50.1843865, -12.4213146], [-50.1831523, -12.4236842], [-50.1731667999999, -12.4223332999999], [-50.170666, -12.418804], [-50.1711175, -12.4053503], [-50.1596699999999, -12.4047217999999], [-50.1580673999999, -12.4005061], [-50.150906, -12.3992397], [-50.1479391, -12.3954982999999], [-50.141802, -12.3953956], [-50.1507319999999, -12.4003579], [-50.157725, -12.4116337], [-50.1591698, -12.4164996], [-50.1578001999999, -12.4245721], [-50.1585985999999, -12.4306227], [-50.1657253, -12.4369416], [-50.1741580999999, -12.4368143], [-50.1791191, -12.4383606], [-50.1812098999999, -12.4423479], [-50.180621, -12.4500401999999], [-50.182012, -12.4536044], [-50.1855684999999, -12.4560266999999], [-50.1959851999999, -12.4569382999999], [-50.2007292, -12.4595745], [-50.2029335999999, -12.4647677999999], [-50.2036408, -12.4755453999999], [-50.212375, -12.4792075999999], [-50.2176095, -12.4873570999999], [-50.2184498, -12.514831], [-50.2295243999999, -12.5311889999999], [-50.2253448, -12.534737], [-50.2227488, -12.5428636999999], [-50.2175460999999, -12.5431932], [-50.2136391999999, -12.5466268], [-50.21126, -12.5603419], [-50.2076686, -12.5622653], [-50.2048665999999, -12.5610895], [-50.2039005999999, -12.5584072], [-50.2058994, -12.5546618], [-50.2028665999999, -12.5525282999999], [-50.2005607, -12.5547799], [-50.1973096999999, -12.5539089], [-50.1946881, -12.5573843999999], [-50.1948163, -12.5600259999999], [-50.1919844999999, -12.5621611], [-50.1966320999999, -12.5650843], [-50.2013347, -12.5628015999999], [-50.2049742, -12.5640948], [-50.207071, -12.5665508], [-50.2073468999999, -12.5718914999999], [-50.2131462, -12.5742053], [-50.2240634, -12.5852614999999], [-50.2296350999999, -12.5856413], [-50.2332623999999, -12.5780915999999], [-50.2375276999999, -12.5787352999999], [-50.2447602999999, -12.5974742999999], [-50.2405970999999, -12.6017497999999], [-50.2425241999999, -12.6090857], [-50.2363814999999, -12.6236716], [-50.2440586, -12.6264732], [-50.2465197999999, -12.6303798], [-50.253817, -12.6233574], [-50.2560675, -12.6343934], [-50.2611873, -12.6364747], [-50.2585506999999, -12.6451185], [-50.2684328999999, -12.6517489], [-50.2673943, -12.6605311], [-50.262984, -12.6623754999999], [-50.2636153, -12.6665305], [-50.2698602, -12.6775721], [-50.2690752999999, -12.6794073], [-50.2652313, -12.6807747999999], [-50.2653247, -12.6821722], [-50.271462, -12.6832418], [-50.2776373, -12.6777463999999], [-50.2807875, -12.6804918999999], [-50.2798493, -12.6883174999999], [-50.2832215, -12.6883839999999], [-50.2835684999999, -12.6827961999999], [-50.2885026, -12.6819672999999], [-50.2898645, -12.6829088], [-50.2901828, -12.6876179999999], [-50.2920518999999, -12.6884651], [-50.2947857999999, -12.6867306999999], [-50.2954764999999, -12.6836701999999], [-50.2920847, -12.6765986999999], [-50.2947566, -12.6760697999999], [-50.2990728, -12.6801771], [-50.2961306999999, -12.6942146], [-50.2932615999999, -12.6954893999999], [-50.2962424, -12.7032105], [-50.2947384, -12.7042398999999], [-50.2975855999999, -12.7039414], [-50.2992189999999, -12.7054577], [-50.2953727, -12.707572], [-50.2957931, -12.7106545999999], [-50.289747, -12.7115380999999], [-50.2889779, -12.7147131999999], [-50.2855293, -12.7139574], [-50.2868698, -12.7156452999999], [-50.2832766, -12.7177793], [-50.2869145999999, -12.7205259999999], [-50.2851272, -12.7252677999999], [-50.2873604, -12.7272432], [-50.2859569999999, -12.7283131999999], [-50.2882198, -12.7348842], [-50.2980138999999, -12.7396186], [-50.2964077, -12.7422938999999], [-50.3025784, -12.7460042], [-50.2943655, -12.7537814999999], [-50.3030452, -12.7598717], [-50.3018663, -12.7631415], [-50.3057820999999, -12.7644723999999], [-50.3061825, -12.7677846], [-50.3029617, -12.7690201999999], [-50.3058495999999, -12.7754586999999], [-50.3025014, -12.7804260999999], [-50.3049692, -12.783648], [-50.3034034999999, -12.7856727], [-50.3052946, -12.7858881999999], [-50.3107783999999, -12.7916061999999], [-50.3089581999999, -12.7940129999999], [-50.3109562, -12.7979417999999], [-50.3100479999999, -12.8020162], [-50.3057128999999, -12.8040526999999], [-50.3043936, -12.8086618], [-50.3045165, -12.8136193], [-50.3061529999999, -12.814025], [-50.3075478, -12.8177421999999], [-50.3047098, -12.8213711999999], [-50.3028252, -12.8187442], [-50.3000701999999, -12.8205168], [-50.3017579, -12.8238516], [-50.2984005, -12.8248379], [-50.2972963999999, -12.829103], [-50.2966387, -12.8271298999999], [-50.2948221, -12.8281011], [-50.2960416, -12.8314538], [-50.2929137, -12.8339908999999], [-50.2928426999999, -12.8384694], [-50.2897695, -12.8354179], [-50.2861971, -12.8364799999999], [-50.2853605, -12.8426406], [-50.2841496999999, -12.843135], [-50.2824423, -12.839934], [-50.2746887, -12.8434344], [-50.2709321, -12.8406679], [-50.2650973, -12.8416278], [-50.2631623999999, -12.8429429999999], [-50.2645605, -12.8451287], [-50.2637152, -12.8473657], [-50.2597026, -12.8454596], [-50.2557727999999, -12.8485873], [-50.2498932999999, -12.849184], [-50.2504494, -12.85349], [-50.2417237, -12.8517502999999], [-50.2363554, -12.8571714999999], [-50.2341693, -12.8564233999999], [-50.2278565999999, -12.8604038], [-50.225444, -12.8599517], [-50.2244967, -12.8730399999999], [-50.2214519999999, -12.8756647], [-50.2157303, -12.8752504999999], [-50.2132223999999, -12.8779463], [-50.2117736, -12.8772840999999], [-50.2127182, -12.8754208], [-50.2104002, -12.8758804], [-50.2094117, -12.8800641], [-50.2064402, -12.8789785], [-50.2056522, -12.88528], [-50.1999678999999, -12.8860761], [-50.1987523, -12.8887518], [-50.1957032999999, -12.8889697999999], [-50.1950216, -12.8924605], [-50.1933592999999, -12.8899074999999], [-50.1908829, -12.8903066], [-50.1892329, -12.8915216], [-50.1901791999999, -12.8929957999999], [-50.185178, -12.8936381999999], [-50.1838006, -12.8973566999999], [-50.1827196, -12.8922071], [-50.1787484, -12.8910703], [-50.1783541, -12.8923369999999], [-50.1754286, -12.8920884999999], [-50.1727392999999, -12.8971207], [-50.1686917, -12.8940074], [-50.1578671999999, -12.8931307], [-50.1551846, -12.8960693999999], [-50.1517497, -12.8964602], [-50.1470251, -12.9032391], [-50.1378359999999, -12.9032663999999], [-50.1374403, -12.9004507], [-50.1345944, -12.9041361], [-50.1296533999999, -12.9056125], [-50.1264217999999, -12.9036113], [-50.1235199, -12.9066108], [-50.1160138, -12.9065424999999], [-50.1115047, -12.9113644], [-50.1067396999999, -12.9098984999999], [-50.1040275, -12.9072624], [-50.0917061, -12.9085248], [-50.0881553999999, -12.9061740999999], [-50.0828819, -12.9078062999999], [-50.0780612, -12.9056505999999], [-50.0721521, -12.9169547999999], [-50.0644263, -12.9208027999999], [-50.0558533, -12.9202356], [-50.0512482, -12.9229748999999], [-50.0491152, -12.9220915], [-50.0462601999999, -12.9263584999999], [-50.0463664, -12.9312351999999], [-50.0396484, -12.9353874999999], [-50.0374525, -12.9356091], [-50.030519, -12.9310907], [-50.0273857, -12.9315384], [-50.0232856, -12.9284944999999], [-50.0205573, -12.9301492999999], [-50.0168884999999, -12.9291019999999], [-50.0143924, -12.93126], [-50.0093375, -12.9310255], [-50.0044657999999, -12.9344230999999], [-50.0019637, -12.9343562], [-49.9962325, -12.9389777], [-49.9929766, -12.9443221999999], [-49.9858164999999, -12.9432179], [-49.9841777, -12.9413575999999], [-49.9818152999999, -12.9420719], [-49.9790042, -12.9387925], [-49.9738665, -12.9420158], [-49.9737810999999, -12.9450057999999], [-49.9657175999999, -12.9486100999999], [-49.9646528, -12.9524812], [-49.9499656, -12.9592881], [-49.9409304, -12.9559980999999], [-49.9330662, -12.9566910999999], [-49.9273239, -12.9608767], [-49.9203946, -12.961384], [-49.909284, -12.9676721], [-49.9092330999999, -12.9748676], [-49.3683159, -13.2723013999999], [-49.3553014999999, -13.2609816], [-49.3407453, -13.2546232999999], [-49.3372447, -13.2472816], [-49.3385926999999, -13.2414739999999], [-49.3377336, -13.2385601999999], [-49.340266, -13.2366443], [-49.3392335, -13.2333659], [-49.3403876, -13.2302164], [-49.3452806999999, -13.2257519], [-49.3487365, -13.2171835999999], [-49.3474633, -13.2148410999999], [-49.3489569, -13.2105458999999], [-49.3453641, -13.2075761999999], [-49.3440841, -13.2033777999999], [-49.3441847999999, -13.197122], [-49.3485903, -13.1895355], [-49.3453809, -13.1760643], [-49.3473202, -13.1722119], [-49.3470578, -13.1676757], [-49.3502027, -13.1616308], [-49.3530787, -13.16075], [-49.3531169, -13.1579568], [-49.3557086, -13.1557731], [-49.3535661999999, -13.1432846], [-49.3461766999999, -13.1360048999999], [-49.3410799, -13.1274961], [-49.3417502999999, -13.124274], [-49.3456854, -13.1196691], [-49.3460393, -13.1163804999999], [-49.3543036999999, -13.1123772], [-49.3551566, -13.107408], [-49.3520263999999, -13.1025855999999], [-49.3529720999999, -13.0983441], [-49.350967, -13.0887263999999], [-49.3480445, -13.0879232999999], [-49.3446724999999, -13.0843047], [-49.3413444999999, -13.0741045], [-49.336833, -13.0687182], [-49.3385795999999, -13.0672752999999], [-49.3372722, -13.0643395999999], [-49.3334419999999, -13.0621528999999], [-49.3323167, -13.0582616], [-49.3279946, -13.0537947999999], [-49.3244659, -13.0532554], [-49.3159145, -13.0422558999999], [-49.3135604999999, -13.0411882], [-49.3140064999999, -13.0387229999999], [-49.3115442, -13.0363535999999], [-49.3128402999999, -13.0351567], [-49.3069216, -13.0331474], [-49.3063323, -13.0308476], [-49.3035116, -13.0295664], [-49.3037821999999, -13.0270808999999], [-49.3000914, -13.0217569], [-49.2973762, -13.0107568999999], [-49.2925547999999, -13.0081805], [-49.2890796, -13.0028005], [-49.2901826999999, -13.0012771], [-49.2855883999999, -12.9924131], [-49.2790904, -12.9883091999999], [-49.2791824999999, -12.9855691], [-49.2757252, -12.9792419999999], [-49.2801949, -12.9761146999999], [-49.2797504, -12.9669855], [-49.2716239, -12.954438], [-49.2675384999999, -12.9443663], [-49.2650055, -12.9439475999999], [-49.2630627, -12.9399933999999], [-49.2601875, -12.9411221999999], [-49.2569753, -12.9402014999999], [-49.2577934, -12.9347541999999], [-49.2554726, -12.9318878999999], [-49.2518324, -12.9309317999999], [-49.2512305, -12.9277569], [-49.2492918999999, -12.9265397999999], [-49.2514419999999, -12.9220480999999], [-49.2476586999999, -12.9180789], [-49.2482722999999, -12.9168010999999], [-49.2466937999999, -12.9165992], [-49.2484368999999, -12.9128459], [-49.2461723, -12.9074886], [-49.2488814, -12.9060401999999], [-49.2496651, -12.9016384], [-49.2485037, -12.9003678999999], [-49.2479266, -12.9023116999999], [-49.2466196999999, -12.902058], [-49.2452167, -12.8990830999999], [-49.2440215, -12.8998786], [-49.2406331, -12.8935612999999], [-49.234957, -12.8936952], [-49.2355823999999, -12.8907148], [-49.2338225, -12.8885776], [-49.2374837999999, -12.8865375999999], [-49.2376551999999, -12.8837861], [-49.2302945, -12.8845535999999], [-49.2310886, -12.88255], [-49.2286228999999, -12.8809836999999], [-49.2288634, -12.8772926999999], [-49.2106838999999, -12.8779345], [-49.2085056999999, -12.8724819], [-49.1962286999999, -12.8658735999999], [-49.1965822, -12.8627958], [-49.1945527999999, -12.8629923], [-49.1923811, -12.8585578], [-49.1925251, -12.8547897999999], [-49.1903776, -12.8551575999999], [-49.1859477, -12.8475124999999], [-49.1795587, -12.8466265], [-49.1770855999999, -12.8434717], [-49.1720913999999, -12.8411603], [-49.1714708, -12.8379992], [-49.1639410999999, -12.8358231], [-49.1549378999999, -12.827189], [-49.152031, -12.8194394], [-49.1441475, -12.8177577], [-49.1402816, -12.8079159], [-49.1378038, -12.8055261], [-49.137934, -12.8010694], [-49.1301953, -12.7983553], [-49.126789, -12.7923812], [-49.1238265, -12.7924050999999], [-49.1188769999999, -12.7895192], [-49.1046307, -12.8354203], [-49.0941536999999, -12.8363967], [-49.0878640999999, -12.8431042], [-49.0800778999999, -12.8465866], [-49.0642475, -12.8460871], [-49.0717117, -12.8497578999999], [-49.0712536, -12.8515889], [-49.0734381, -12.8550771], [-49.0720415, -12.8551578999999], [-49.0725992, -12.8562731], [-49.0701223999999, -12.8584531999999], [-49.0717652, -12.8587429999999], [-49.0698915, -12.8599265999999], [-49.0735703, -12.8626978999999], [-49.0732434999999, -12.8697069999999], [-49.0752689, -12.8697602], [-49.0771412, -12.8738832], [-49.0792160999999, -12.8729797999999], [-49.0793978, -12.8747253999999], [-49.0835021, -12.876052], [-49.0822631, -12.8774395], [-49.0850444, -12.8783781999999], [-49.0846653999999, -12.8820676999999], [-49.0804977999999, -12.883912], [-49.0874736, -12.887177], [-49.0874497999999, -12.8915961], [-49.0828213999999, -12.8924805], [-49.0845641, -12.8941002999999], [-49.0827816, -12.8951393999999], [-49.0821668, -12.8939296999999], [-49.0790598999999, -12.8973121999999], [-49.0802520999999, -12.8995209999999], [-49.078295, -12.9029884], [-49.0792038, -12.904009], [-49.0754894999999, -12.9052517], [-49.073088, -12.9030721999999], [-49.0698118999999, -12.9055923999999], [-49.0652906, -12.9051954999999], [-49.0582838, -12.9084723], [-49.0529693, -12.9072467], [-49.0501649999999, -12.9092535999999], [-49.0508293999999, -12.9115924999999], [-49.0487089, -12.9134323], [-49.0403843999999, -12.9080708999999], [-49.0409023999999, -12.9066591], [-49.038719, -12.9040601], [-49.0361751999999, -12.9051696999999], [-49.0330387, -12.9022575], [-49.0292683, -12.9056151], [-49.0262724, -12.9046743], [-49.0233294, -12.9069476999999], [-49.0217742, -12.9063237], [-49.0209718999999, -12.9116359], [-49.0131054, -12.9125708999999], [-49.0091156, -12.9164814], [-49.0077544, -12.9233578], [-49.005973, -12.9242050999999], [-49.0029909, -12.9337856], [-48.9954286, -12.9356404], [-48.9847822999999, -12.9450467], [-48.9793847999999, -12.9468413999999], [-48.9750993, -12.953427], [-48.9762335, -12.9578931], [-48.8703121999999, -12.8032618], [-48.8694958, -12.8049669], [-48.8688763, -12.8032941], [-48.8682257, -12.8053332], [-48.865351, -12.8063799], [-48.8625989999999, -12.8040710999999], [-48.8634951, -12.8078161999999], [-48.8621671, -12.8092735999999], [-48.8616494999999, -12.8076720999999], [-48.8589353, -12.8088217], [-48.8568728, -12.8043575], [-48.8504842, -12.8072607999999], [-48.8505762999999, -12.8090453], [-48.8463581999999, -12.8094029], [-48.8456803999999, -12.8134717], [-48.8474530999999, -12.8181774999999], [-48.8459448999999, -12.8173234999999], [-48.8447419999999, -12.8195181999999], [-48.8456365, -12.8243555], [-48.8419287999999, -12.8311252], [-48.8429525999999, -12.8373647], [-48.8452918999999, -12.8393613], [-48.8426383, -12.8410706], [-48.8428259, -12.8425068], [-48.8315583999999, -12.8436191], [-48.8310251, -12.8415871], [-48.8248181, -12.8453398], [-48.8200487999999, -12.8434232999999], [-48.8204631999999, -12.8448134999999], [-48.8188062999999, -12.8453711999999], [-48.8196313999999, -12.8488738], [-48.8168373, -12.8504596999999], [-48.8185483, -12.8512605], [-48.8113129, -12.8569434999999], [-48.8114272999999, -12.8611741], [-48.8152894999999, -12.8614956], [-48.8142824, -12.8635363], [-48.8081117, -12.8658232], [-48.8083265, -12.8669032999999], [-48.8050211999999, -12.8653095999999], [-48.805945, -12.8692098], [-48.7993011, -12.8718105], [-48.7993577, -12.8753943], [-48.7970946, -12.8749718], [-48.7969987, -12.8767093], [-48.7953194999999, -12.8750606999999], [-48.7937911, -12.8756574999999], [-48.789819, -12.8814652], [-48.790826, -12.8830852], [-48.7884481, -12.8824435], [-48.7866471, -12.8841115], [-48.7858257999999, -12.8818952999999], [-48.7873743, -12.8803973], [-48.7870591, -12.8793831999999], [-48.7865497999999, -12.8804835999999], [-48.7850859, -12.8792829], [-48.7844314, -12.8830455], [-48.7811081, -12.8829383999999], [-48.7803431, -12.8851291999999], [-48.7785974999999, -12.8849231999999], [-48.7779323, -12.8879492], [-48.7755824, -12.8869071], [-48.7736690999999, -12.8884401999999], [-48.7721112999999, -12.8924383], [-48.7700169, -12.8930867], [-48.7691095, -12.8979851999999], [-48.7670648, -12.8980251999999], [-48.7671606, -12.8967617], [-48.7643801, -12.898203], [-48.765496, -12.8996071], [-48.7609914999999, -12.9024611], [-48.7616444999999, -12.9051158999999], [-48.7541218, -12.9072184], [-48.755052, -12.909505], [-48.7523509, -12.9117459], [-48.7529514999999, -12.9129991999999], [-48.7496055999999, -12.9136597999999], [-48.7462212999999, -12.9181477999999], [-48.7414661999999, -12.9167725999999], [-48.7385452999999, -12.9185022], [-48.7390541, -12.9199267999999], [-48.7351341999999, -12.9210739], [-48.7364661999999, -12.9252647], [-48.733706, -12.9280762999999], [-48.7349113, -12.9301095], [-48.7333252, -12.9356951], [-48.7357145, -12.9369962], [-48.7346383, -12.9394255999999], [-48.7362649, -12.9388306], [-48.7387032999999, -12.9447924999999], [-48.7369945999999, -12.945734], [-48.7363076999999, -12.9508516], [-48.7348578, -12.9515491999999], [-48.7357875, -12.9542104], [-48.7331634999999, -12.9542562999999], [-48.732473, -12.9588378], [-48.7301803, -12.9603150999999], [-48.7317492999999, -12.9657351], [-48.7330757, -12.9656479999999], [-48.7314797999999, -12.9679025], [-48.7341266999999, -12.9697186999999], [-48.7322574999999, -12.9712918999999], [-48.7342057, -12.9737779], [-48.7323686999999, -12.9747212], [-48.7321451999999, -12.9778631999999], [-48.7338801999999, -12.9794383999999], [-48.7319141, -12.9815012999999], [-48.7325582999999, -12.9837304], [-48.7299834999999, -12.9867055], [-48.7297895999999, -12.9893834], [-48.7284498999999, -12.9881326], [-48.7246934999999, -12.9906698999999], [-48.7251143, -12.9933243999999], [-48.7183329, -12.9987161], [-48.7172164, -13.0016221], [-48.7157524, -13.0022834], [-48.7122914999999, -12.999156], [-48.7071635999999, -13.0044267], [-48.7054545, -13.0003766], [-48.7025864, -12.9996470999999], [-48.702401, -12.997532], [-48.6969015, -12.9974498], [-48.6950330999999, -12.9950279999999], [-48.6921601, -12.9965864], [-48.6929694, -12.99866], [-48.691591, -13.0015131], [-48.6878053, -13.0022236], [-48.6854736, -13.0006099], [-48.6863049999999, -12.9958123], [-48.6845822, -12.9933488], [-48.6803247, -12.9950034999999], [-48.6749136999999, -12.9927556], [-48.6735611, -12.9948745999999], [-48.6707092999999, -12.9949938999999], [-48.6672169, -13.0007459], [-48.6680327, -13.0022845], [-48.6628401, -13.0002762], [-48.6620176, -13.0035220999999], [-48.6561613, -13.0052042999999], [-48.6586043, -13.0074718], [-48.6561078999999, -13.0117733], [-48.6472795999999, -13.0101991999999], [-48.6455817, -13.0118525], [-48.6436376999999, -13.0114237], [-48.6420431, -13.0137473], [-48.6410413, -13.0124352999999], [-48.6385121, -13.0136178], [-48.6399173, -13.0155252], [-48.635711, -13.0207106], [-48.6385314999999, -13.0255089999999], [-48.6360458, -13.0265191], [-48.6371784999999, -13.0336065], [-48.6337477, -13.0379662], [-48.6346197999999, -13.0392143], [-48.6311259, -13.0392656], [-48.6301180999999, -13.0427539], [-48.6319444, -13.0435333], [-48.6294612, -13.0456657], [-48.6299417, -13.0478360999999], [-48.6284497999999, -13.047783], [-48.6270522, -13.0519085], [-48.6252843999999, -13.0513432999999], [-48.6229461, -13.0531220999999], [-48.6201196, -13.0515870999999], [-48.6155532999999, -13.0550718], [-48.6157648999999, -13.0574166], [-48.6122587999999, -13.0588855999999], [-48.6100726999999, -13.0579951999999], [-48.6093165, -13.0595468999999], [-48.6022053999999, -13.057559], [-48.6005347, -13.0588534999999], [-48.6013253, -13.0622786], [-48.5994823, -13.0637972], [-48.6008285, -13.0668123], [-48.5992042999999, -13.0693408999999], [-48.6022295999999, -13.0772676999999], [-48.6002635, -13.0786431], [-48.5972666, -13.0764756], [-48.5954462, -13.0776635999999], [-48.5948877, -13.0789301999999], [-48.5980168999999, -13.0811588], [-48.5944684999999, -13.0854077999999], [-48.5962948, -13.0882592999999], [-48.5937721, -13.0900872999999], [-48.5922227, -13.0891756], [-48.5907177, -13.0914564999999], [-48.5907579, -13.0963528999999], [-48.5880241, -13.0975895999999], [-48.5900705999999, -13.0998081], [-48.5938831999999, -13.1000063], [-48.5939499, -13.1041857], [-48.5956739, -13.1064777], [-48.5908714999999, -13.1054447999999], [-48.5893945999999, -13.1031103999999], [-48.5862134, -13.1051939], [-48.5839357999999, -13.1046562], [-48.5841771, -13.1079192999999], [-48.5823533, -13.108868], [-48.5832455999999, -13.1104063], [-48.5801168, -13.1140966999999], [-48.5819582, -13.1163516999999], [-48.5809298999999, -13.1177476999999], [-48.578367, -13.1174366999999], [-48.5789037, -13.1214102], [-48.5759193, -13.1241598], [-48.5775446, -13.1270428999999], [-48.581159, -13.1271077], [-48.5818401, -13.1410294], [-48.5888095999999, -13.1437721], [-48.5883625, -13.1475869999999], [-48.5904963, -13.1488191999999], [-48.5907996999999, -13.1514697], [-48.5965765999999, -13.1498038], [-48.5973528, -13.1521038999999], [-48.5911960999999, -13.1556722999999], [-48.5922871999999, -13.1578608], [-48.5875374, -13.1593677], [-48.5851489, -13.1581404], [-48.5844451, -13.1602566], [-48.5871422, -13.1658474], [-48.5856216999999, -13.1676499], [-48.5812523, -13.1682561], [-48.5775353, -13.1732752999999], [-48.5803423, -13.1743774999999], [-48.5796857, -13.1778854999999], [-48.5827734, -13.1786753], [-48.5826405999999, -13.1802805], [-48.579013, -13.1819866], [-48.5796015999999, -13.1864583999999], [-48.5770845, -13.1871775], [-48.5777803999999, -13.1898424], [-48.5803458, -13.1909568], [-48.5774782999999, -13.1952471], [-48.5801681, -13.2014571999999], [-48.579039, -13.2064624], [-48.5822304, -13.2074678999999], [-48.5833959, -13.2101863], [-48.5815322999999, -13.2169628999999], [-48.5844342, -13.2270548], [-48.586198, -13.2263541999999], [-48.5890403, -13.2301884], [-48.5906494, -13.2288409999999], [-48.5934159, -13.2348769999999], [-48.5999452, -13.2386605999999], [-48.5958975, -13.2482428], [-48.5922136999999, -13.2515736], [-48.5886408, -13.2515877], [-48.5872118999999, -13.2539408], [-48.5914645999999, -13.2559547], [-48.5889337, -13.2635268999999], [-48.5935140999999, -13.2689012], [-48.5922732999999, -13.275435], [-48.5942254999999, -13.2754773], [-48.5952751999999, -13.281154], [-48.5974591999999, -13.2819421999999], [-48.5998625, -13.2879857], [-48.5998848999999, -13.2931495999999], [-48.597953, -13.3009486], [-48.5876603, -13.3100071], [-48.5853802, -13.3183235], [-48.5860898, -13.3216004999999], [-48.5780875, -13.3087011], [-48.573709, -13.3071770999999], [-48.5702434, -13.3022195], [-48.5671141, -13.3027154], [-48.5631394, -13.3061567999999], [-48.5569346999999, -13.3052473999999], [-48.5535925, -13.3026333999999], [-48.5543537, -13.2799515999999], [-48.5575507, -13.2765595], [-48.5583281999999, -13.2723445], [-48.5541666999999, -13.2638421], [-48.5554078, -13.2424232999999], [-48.553462, -13.2356753], [-48.5501434999999, -13.2319979], [-48.5503174999999, -13.2298481], [-48.5543023, -13.2273496], [-48.5531482, -13.222167], [-48.5537520999999, -13.2035450999999], [-48.5441979999999, -13.1947137], [-48.5296886, -13.1914151999999], [-48.5294565, -13.1865468], [-48.5241938999999, -13.1759647], [-48.5251074999999, -13.1700769999999], [-48.5201334, -13.1668286], [-48.5213515, -13.1632756], [-48.5173925999999, -13.1463231], [-48.5194228, -13.1435822999999], [-48.5181032, -13.1395218], [-48.5093730999999, -13.1396232999999], [-48.5030793, -13.1422626], [-48.4995264, -13.1370855], [-48.4946538, -13.1368825], [-48.4903902999999, -13.1410445], [-48.4862282999999, -13.1412475], [-48.4830813999999, -13.1497745], [-48.4797927, -13.1526729], [-48.4760965, -13.1428738], [-48.4771984, -13.1396953], [-48.4743002, -13.1398363], [-48.4724194999999, -13.1376733999999], [-48.4699646999999, -13.1373098], [-48.4725192999999, -13.1401736], [-48.4701744, -13.1458577], [-48.4701782, -13.1545206], [-48.4684225, -13.1601638], [-48.4694019999999, -13.1635965999999], [-48.4715907999999, -13.163293], [-48.4727505, -13.1662876999999], [-48.4716263, -13.1731419], [-48.4772667999999, -13.1788007], [-48.4746433999999, -13.1868744], [-48.4760388, -13.1887765999999], [-48.4749201, -13.1908094], [-48.4782207, -13.193928], [-48.4766996, -13.1980819], [-48.4740657, -13.1989368], [-48.4743132999999, -13.2011909999999], [-48.4723678999999, -13.2010498999999], [-48.4740513, -13.2055066], [-48.4717792, -13.2058104], [-48.4731502, -13.2084313999999], [-48.4718587999999, -13.2123329], [-48.4757258, -13.2170874999999], [-48.4737617, -13.2237229999999], [-48.4722128, -13.2229665999999], [-48.476282, -13.2300903999999], [-48.4745715999999, -13.2312638999999], [-48.4755456999999, -13.2349601], [-48.4703772999999, -13.235563], [-48.4704467999999, -13.2396699999999], [-48.4684875, -13.2397731], [-48.4681027, -13.2437217], [-48.461067, -13.2446012], [-48.4568498, -13.2480692999999], [-48.4601824, -13.2493044], [-48.458876, -13.2523080999999], [-48.4615022, -13.2576649], [-48.4562066999999, -13.2604949], [-48.4620869, -13.2622292], [-48.4602879999999, -13.2671028], [-48.4613552, -13.2690507], [-48.4589968999999, -13.2701706999999], [-48.4619706, -13.2750035], [-48.4600161, -13.2769198999999], [-48.4600996999999, -13.2812731], [-48.4588902, -13.2804254], [-48.4577022999999, -13.2824783], [-48.4564700999999, -13.2815755999999], [-48.4480998999999, -13.2843667999999], [-48.4461322, -13.2834925], [-48.4469721999999, -13.285724], [-48.4432916, -13.2867388], [-48.4419088999999, -13.2923422], [-48.4382552, -13.2907905], [-48.4385149, -13.289592], [-48.4350709999999, -13.2901429], [-48.4373593999999, -13.2840148999999], [-48.4348911, -13.28363], [-48.4339801, -13.2805956], [-48.4310833, -13.2787402], [-48.4326201, -13.2755597999999], [-48.4300469999999, -13.2711775999999], [-48.4177695, -13.2720727], [-48.4169828, -13.2753882], [-48.4152837999999, -13.2713863], [-48.4131012, -13.2719306], [-48.4079826, -13.2672221999999], [-48.4030933, -13.2675874], [-48.4025779999999, -13.2714394], [-48.3944799, -13.2673768999999], [-48.3906277999999, -13.2681889999999], [-48.3914584999999, -13.2658132], [-48.3897446, -13.2609165], [-48.3874653, -13.2621301999999], [-48.3854807, -13.2662786999999], [-48.3806776, -13.2596745], [-48.3794248999999, -13.2553114], [-48.375128, -13.2568282], [-48.3724415, -13.250689], [-48.3695766, -13.2483637999999], [-48.3637613, -13.2477575999999], [-48.3640619, -13.2445364], [-48.3625170999999, -13.2447928999999], [-48.3621148999999, -13.2429504999999], [-48.3571883, -13.2422971999999], [-48.3566026, -13.2436678999999], [-48.3522672, -13.2411562999999], [-48.3484258999999, -13.2443862], [-48.3503919, -13.2439906999999], [-48.3486923999999, -13.2454645], [-48.3495153, -13.2465343], [-48.3475817999999, -13.2466289999999], [-48.3458985, -13.2493076], [-48.3421708, -13.2486187], [-48.3423157999999, -13.247578], [-48.3401125, -13.2482578], [-48.3386530999999, -13.2464929], [-48.3393078999999, -13.2441621999999], [-48.3420765, -13.2413084], [-48.3438760999999, -13.2413989], [-48.3401835, -13.2363266999999], [-48.3422626, -13.2282026], [-48.3376966, -13.2307794], [-48.336472, -13.2289739999999], [-48.3339708, -13.2287901999999], [-48.3331216, -13.2314918], [-48.3304856999999, -13.232927], [-48.3276066, -13.2311473], [-48.3239574999999, -13.2328587], [-48.3204201999999, -13.2310433], [-48.3185334999999, -13.2322280999999], [-48.3174427, -13.2289039], [-48.3154665, -13.2355947], [-48.3118034, -13.2345665999999], [-48.3079536, -13.2372220999999], [-48.3059380999999, -13.2326125], [-48.3099318, -13.2328482], [-48.3107067, -13.2315943999999], [-48.3055881999999, -13.2284859], [-48.3091585999999, -13.2272758999999], [-48.2996103999999, -13.2236616], [-48.2954427, -13.2193152999999], [-48.2920688, -13.2199679], [-48.2908973, -13.2173599], [-48.292051, -13.2149484999999], [-48.2895126999999, -13.2146157], [-48.2885770999999, -13.2162787999999], [-48.2884840999999, -13.2123293999999], [-48.2902501999999, -13.2123386], [-48.2880402, -13.2048101999999], [-48.2856247, -13.2044117], [-48.2844532, -13.2062349], [-48.279915, -13.2001445], [-48.2765702999999, -13.1999463999999], [-48.2759151, -13.2036011], [-48.2773687, -13.2027464999999], [-48.2794019999999, -13.2076916999999], [-48.2680741999999, -13.2032211], [-48.2669483, -13.2061917999999], [-48.2653377, -13.2062511], [-48.2649329, -13.2040479], [-48.2622456, -13.2026521], [-48.2625454, -13.1976362], [-48.2598062, -13.1982856], [-48.2590523, -13.196767], [-48.2553321999999, -13.1961249], [-48.2501420999999, -13.1969391], [-48.2502221999999, -13.1940304999999], [-48.247833, -13.1921791], [-48.2447493999999, -13.1926501999999], [-48.2432481, -13.1890513999999], [-48.2426612, -13.1863587], [-48.2453235, -13.1856033999999], [-48.245239, -13.1842187], [-48.2412406999999, -13.1810065], [-48.2384924, -13.1809577], [-48.2392455, -13.1789360999999], [-48.2373655, -13.1788382], [-48.2372298, -13.1768021999999], [-48.2350799, -13.1759802], [-48.2316223999999, -13.1691564], [-48.2300625999999, -13.1686268999999], [-48.2307605999999, -13.1712946], [-48.2284122999999, -13.1738576], [-48.2276626999999, -13.1728492], [-48.2232182, -13.1740953], [-48.2237944, -13.1713339], [-48.2172320999999, -13.1702804999999], [-48.2165922, -13.1689579], [-48.2130586, -13.1721496], [-48.2130514999999, -13.1747199], [-48.2067344, -13.1720412999999], [-48.2062127999999, -13.1735126], [-48.2041095, -13.1722027], [-48.1936039999999, -13.1730342999999], [-48.1948275, -13.1703267999999], [-48.1934671, -13.1686771999999], [-48.1963926999999, -13.16234], [-48.1868737, -13.1591576], [-48.1857962, -13.1574153999999], [-48.1903106, -13.1554669], [-48.1872888999999, -13.1535506], [-48.1828452, -13.1557101], [-48.1797662, -13.1515656999999], [-48.1776543999999, -13.1528281999999], [-48.1776924, -13.1507923999999], [-48.1729931, -13.1480162], [-48.1717035, -13.1486186], [-48.1719482, -13.1519481], [-48.1645252, -13.1582759], [-48.1622111999999, -13.1542209999999], [-48.1602189, -13.157387], [-48.1529748, -13.1561786999999], [-48.1525245999999, -13.1546107999999], [-48.1475189, -13.1522178999999], [-48.1436591999999, -13.1524724999999], [-48.1457723999999, -13.1560721999999], [-48.1534103, -13.1619883], [-48.1557715, -13.1687061], [-48.1549543, -13.1761056], [-48.1559808, -13.1780289], [-48.1628668, -13.1815467], [-48.1659237, -13.1892998], [-48.1623795, -13.2068500999999], [-48.1542658, -13.214503], [-48.1526888, -13.2179747], [-48.1667654999999, -13.2325898999999], [-48.1689011999999, -13.2398787999999], [-48.1674594, -13.2443079999999], [-48.1605805999999, -13.2463346], [-48.1571961, -13.2500059], [-48.1552121999999, -13.2575939999999], [-48.1564178, -13.2665241999999], [-48.1532144999999, -13.2783112999999], [-48.1550278999999, -13.2822462], [-48.1658882, -13.2925339], [-48.1698794, -13.3003456], [-48.1665211, -13.3015702], [-48.1648231, -13.3066603], [-48.1623311, -13.3059727999999], [-48.1606652, -13.3028677], [-48.1571549999999, -13.3078937], [-48.1580734, -13.3103962], [-48.1566513999999, -13.3109641999999], [-48.1554887, -13.3032827], [-48.1537848999999, -13.3037510999999], [-48.1518609, -13.3082368], [-48.1488524, -13.3059946999999], [-48.1430994999999, -13.3061551], [-48.1407892999999, -13.3029639], [-48.1322071, -13.2996276], [-48.1305449, -13.3003914], [-48.1199842, -13.2975648], [-48.1199344, -13.292492], [-48.1177198999999, -13.2912709999999], [-48.1156166, -13.2932058], [-48.1133353, -13.2928688], [-48.1117323, -13.2901492], [-48.1094962999999, -13.2910542999999], [-48.1063839999999, -13.2880125], [-48.0993804, -13.2930613], [-48.0941495, -13.2912216999999], [-48.0935671, -13.2901426], [-48.0960696999999, -13.288158], [-48.0945283, -13.2867906999999], [-48.0925796, -13.2868526], [-48.0909224, -13.2901275999999], [-48.0874729, -13.2865628], [-48.0824617, -13.289546], [-48.0829846999999, -13.2862332999999], [-48.0792374, -13.2853782], [-48.0783081, -13.2827053999999], [-48.0801253, -13.2821384], [-48.0805642, -13.2798713], [-48.0779992999999, -13.2797252], [-48.0790610999999, -13.2740135999999], [-48.0781069999999, -13.2752930999999], [-48.0762971, -13.2740373], [-48.077806, -13.2714182999999], [-48.0769546999999, -13.2675856], [-48.074085, -13.2675973999999], [-48.0732159999999, -13.2693677999999], [-48.072019, -13.2673619], [-48.0727517999999, -13.257716], [-48.0755363, -13.2555972], [-48.0757298, -13.2469568999999], [-48.0791538999999, -13.2426409], [-48.0760425999999, -13.2427307], [-48.0764465, -13.2390313], [-48.0755217, -13.2403887999999], [-48.0742286, -13.2388743999999], [-48.0694506999999, -13.2401338999999], [-48.0624559, -13.2357211999999], [-48.0582282999999, -13.2416421], [-48.0564994, -13.2389752], [-48.0541502999999, -13.2395872999999], [-48.054929, -13.2422728], [-48.0531768, -13.2454786], [-48.0565429, -13.2485404], [-48.0550049999999, -13.2515119], [-48.0523295, -13.2522066], [-48.0522263, -13.2567218], [-48.0340912, -13.2537265], [-48.0306768, -13.2572064999999], [-48.0305815, -13.2625432], [-48.028173, -13.2650062], [-48.0311857, -13.2667708999999], [-48.0340257999999, -13.2661826999999], [-48.0311737, -13.2705194], [-48.0332842, -13.2740178999999], [-48.0314059999999, -13.2749937], [-48.0279093999999, -13.2725129999999], [-48.0279505, -13.2754490999999], [-48.0245565, -13.2752876], [-48.0252513, -13.2798336], [-48.0187498999999, -13.2800627999999], [-48.0169949, -13.2780314], [-48.0084196999999, -13.2766991999999], [-48.0045838, -13.2775644999999], [-47.9980401, -13.2743354999999], [-47.997744, -13.2760451], [-47.9939171999999, -13.2751248], [-47.9923911, -13.2776039999999], [-47.9885408, -13.2763636], [-47.983485, -13.279085], [-47.9853343999999, -13.2802915], [-47.9810689, -13.2840687999999], [-47.977864, -13.2958333], [-47.9724722999999, -13.2953587], [-47.9705718, -13.3115824999999], [-47.9660550999999, -13.3133617999999], [-47.9667042999999, -13.3150807], [-47.9625823, -13.3107021], [-47.9599820999999, -13.3110788999999], [-47.9561581999999, -13.3081304], [-47.9528205999999, -13.3085576], [-47.9513659, -13.3106379999999], [-47.9511946, -13.3061665], [-47.9499451999999, -13.3069649], [-47.9486598, -13.3047812999999], [-47.9464267, -13.3049409999999], [-47.9463041, -13.3069115], [-47.9418201999999, -13.3057686999999], [-47.9439503, -13.3035859999999], [-47.9363044, -13.2898552], [-47.9297359, -13.2946959999999], [-47.9260267999999, -13.2914074999999], [-47.9233948, -13.2916671999999], [-47.9209762, -13.2967085999999], [-47.9194626999999, -13.297051], [-47.9207855, -13.297896], [-47.9199096999999, -13.2989289], [-47.9162469, -13.2966529], [-47.9135206, -13.2971908], [-47.9137618, -13.2990007], [-47.9109685999999, -13.2977243], [-47.9064981999999, -13.2991233], [-47.9038596, -13.30191], [-47.9043594999999, -13.3073062999999], [-47.9027606999999, -13.3076723], [-47.9022122, -13.3117147999999], [-47.8986464, -13.3125729], [-47.8930887, -13.3062914999999], [-47.8916955999999, -13.3110354999999], [-47.8895133, -13.3112717999999], [-47.8889561999999, -13.3179921999999], [-47.8871356, -13.3172600999999], [-47.8868634999999, -13.3196290999999], [-47.8844276999999, -13.3207214], [-47.8827699999999, -13.3195251], [-47.8837356999999, -13.318238], [-47.8815521, -13.319607], [-47.880734, -13.3182146999999], [-47.879946, -13.3199908999999], [-47.8784350999999, -13.3197499], [-47.8787293, -13.3183198999999], [-47.8740602999999, -13.3204878999999], [-47.8695317, -13.31904], [-47.8666699999999, -13.3170297], [-47.8672577, -13.3150155], [-47.8651879, -13.3142351], [-47.8547634, -13.3142521999999], [-47.8440886, -13.3183392], [-47.8349736, -13.3143305999999], [-47.8236019, -13.3117114], [-47.8202143999999, -13.3125234], [-47.8167488, -13.3173452], [-47.8097346, -13.3196268], [-47.8082343, -13.3247628], [-47.7982282, -13.3289841], [-47.6797483999999, -13.4681747999999], [-47.6771251, -13.4659465], [-47.6762970999999, -13.4512129999999], [-47.6709903, -13.4412690999999], [-47.6663462, -13.4364424], [-47.6607418, -13.4339519], [-47.6593826, -13.4296997], [-47.6556353999999, -13.4286756], [-47.6555195, -13.4248047999999], [-47.6534578, -13.4220587], [-47.6552890999999, -13.4187266], [-47.6545058, -13.4154435999999], [-47.6472717999999, -13.405696], [-47.6428074999999, -13.4053698999999], [-47.6377011, -13.3898225], [-47.6325907, -13.39131], [-47.632037, -13.3876172], [-47.6303875999999, -13.3885243999999], [-47.6293385, -13.3863423], [-47.6267549, -13.3855500999999], [-47.6240596, -13.3762877999999], [-47.6256782999999, -13.3734952999999], [-47.6222931999999, -13.3691919999999], [-47.6243041, -13.3672473], [-47.6261732999999, -13.3688281], [-47.6287513999999, -13.365694], [-47.63766, -13.3649738], [-47.6385322, -13.3617369999999], [-47.6430685, -13.3604515], [-47.6426797, -13.3561341], [-47.6500735, -13.3491825999999], [-47.648738, -13.3422267], [-47.6535129, -13.3324248], [-47.6528241999999, -13.3247833999999], [-47.6561073, -13.323248], [-47.6531866, -13.3195211999999], [-47.6536575, -13.3134643], [-47.6614696, -13.3027767], [-47.6576570999999, -13.3028007], [-47.6563322, -13.3005449], [-47.6584625, -13.2950165999999], [-47.6550162999999, -13.2860176999999], [-47.6559224, -13.2764473999999], [-47.6482013, -13.2746347999999], [-47.647454, -13.2709712999999], [-47.6434252999999, -13.2694021], [-47.6450538999999, -13.2670140999999], [-47.6396609999999, -13.2642926], [-47.6453637, -13.2518904], [-47.6476663999999, -13.2500046], [-47.6463198, -13.2413602], [-47.6483893, -13.2416668999999], [-47.650315, -13.2376599999999], [-47.6568028, -13.2342719], [-47.6529269, -13.2297230999999], [-47.6546931999999, -13.2251155], [-47.6542980999999, -13.2192684], [-47.6652142999999, -13.2183676], [-47.664091, -13.2132994999999], [-47.6675997, -13.2108827], [-47.6666481999999, -13.2080875999999], [-47.6601994, -13.2073134], [-47.6643569999999, -13.2019735], [-47.6600015999999, -13.1980606], [-47.6642214999999, -13.1966782], [-47.6645571999999, -13.1952406], [-47.6606193, -13.1920309], [-47.6569777999999, -13.1936072], [-47.6578585999999, -13.1895307999999], [-47.6543108, -13.1861304], [-47.6570437, -13.1844002999999], [-47.6542291, -13.1770941999999], [-47.6552095, -13.1753747999999], [-47.6591938, -13.1756968], [-47.6598367999999, -13.1719995999999], [-47.6620836, -13.1704465999999], [-47.6661664, -13.1726604999999], [-47.6689911999999, -13.1668372999999], [-47.6624451, -13.1623734999999], [-47.6593172999999, -13.1582182999999], [-47.6535582, -13.1579528999999], [-47.6546263, -13.1543242], [-47.6516951999999, -13.1498235], [-47.6437041999999, -13.1495527], [-47.6445459999999, -13.1472803], [-47.642883, -13.1446258999999], [-47.6455741, -13.144177], [-47.6484488, -13.1397949999999], [-47.6453344999999, -13.1380189], [-47.6473531999999, -13.1356028], [-47.6470691, -13.1332954], [-47.6497515, -13.1323499], [-47.6452019, -13.1280773999999], [-47.6467491999999, -13.1238174], [-47.6458713, -13.1198322999999], [-47.6425125, -13.1167978], [-47.6340562999999, -13.1132512], [-47.6336449999999, -13.1011799], [-47.6316537, -13.1064584], [-47.6282361999999, -13.1090030999999], [-47.6229678999999, -13.1086928999999], [-47.6185396, -13.1041104], [-47.6156147, -13.1036851], [-47.5999186999999, -13.1101791], [-47.5931214999999, -13.1154824], [-47.5746786, -13.1149265], [-47.5637955999999, -13.119051], [-47.5609942999999, -13.1255621], [-47.5685675999999, -13.1434513999999], [-47.5688759999999, -13.1487071], [-47.5656726999999, -13.1577842999999], [-47.5652595, -13.179662], [-47.5629974, -13.1835665999999], [-47.5578012, -13.1868502999999], [-47.5410292999999, -13.1917981], [-47.5344248, -13.1853616], [-47.5243015999999, -13.1824048], [-47.5177151, -13.1833875], [-47.5088443, -13.1900338999999], [-47.5022532, -13.1891393], [-47.4922738, -13.1837232], [-47.487209, -13.1826900999999], [-47.4783803999999, -13.1849576], [-47.4774513999999, -13.1871897], [-47.4878931, -13.2112802], [-47.4864138, -13.2197335999999], [-47.4834939, -13.2226061], [-47.4651906999999, -13.227158], [-47.4571988, -13.2258724], [-47.4505038, -13.2225182], [-47.4421239, -13.2223175999999], [-47.4345238, -13.2287800999999], [-47.4313104999999, -13.2347930999999], [-47.4321613, -13.2379692], [-47.4502535999999, -13.2419126999999], [-47.4530346999999, -13.2447546], [-47.4544222, -13.2505275999999], [-47.4511262999999, -13.2552567], [-47.4443884999999, -13.2586921], [-47.4364454999999, -13.2667829], [-47.4353717, -13.2723523], [-47.4377648999999, -13.2791025999999], [-47.4325891, -13.2886293], [-47.4261275, -13.2899798999999], [-47.4214549, -13.2864385], [-47.4199907, -13.2753840999999], [-47.4171999, -13.2708325999999], [-47.3994655, -13.2617845], [-47.3929405, -13.2624033], [-47.3914680999999, -13.2583855], [-47.3944989999999, -13.2462664999999], [-47.3890716999999, -13.2402749999999], [-47.3844533, -13.2415195], [-47.3819874, -13.240156], [-47.3797226999999, -13.2306025], [-47.3775666999999, -13.2290866], [-47.3705917, -13.2294272], [-47.3695117999999, -13.2358537], [-47.3555102999999, -13.2429007], [-47.3536688, -13.2490248], [-47.3440171999999, -13.2488268], [-47.3381869999999, -13.2463504999999], [-47.3279639, -13.2515505], [-47.3238054, -13.2582586], [-47.314899, -13.2513585999999], [-47.3063622999999, -13.249093], [-47.2986777, -13.2499584999999], [-47.2955944999999, -13.2485708999999], [-47.2937228, -13.251752], [-47.2936012, -13.2566646], [-47.2856006, -13.2561196], [-47.2905974, -13.2597013999999], [-47.2883603, -13.2639854], [-47.2821518, -13.2651268], [-47.2792171, -13.2575476], [-47.2762825999999, -13.2557520999999], [-47.2763143, -13.2512869999999], [-47.2675505999999, -13.2479413], [-47.2683979, -13.2374475999999], [-47.2535986, -13.2347814], [-47.2485928999999, -13.2295166], [-47.2517516, -13.2226499], [-47.2523793, -13.2126087999999], [-47.2502853999999, -13.2104694999999], [-47.243345, -13.2097901], [-47.2423383, -13.2061608], [-47.2337785999999, -13.2051549999999], [-47.2320218, -13.2030280999999], [-47.233556, -13.1999926999999], [-47.2300023999999, -13.1988378], [-47.2296138, -13.1947383999999], [-47.2242828999999, -13.1934745999999], [-47.2194861999999, -13.1962513999999], [-47.2159884, -13.1958609], [-47.212707, -13.1924081], [-47.1969245999999, -13.1936843999999], [-47.1937710999999, -13.1903162999999], [-47.1837409999999, -13.1874468], [-47.1829481999999, -13.1904949], [-47.1754505, -13.1947284999999], [-47.1771158, -13.1987121], [-47.1840602999999, -13.2025070999999], [-47.1837871, -13.2047186999999], [-47.1750919, -13.2082548999999], [-47.1732201, -13.2063196999999], [-47.1679425999999, -13.2111178], [-47.1654571999999, -13.2104502], [-47.1612797, -13.2049479999999], [-47.1570752, -13.2063606999999], [-47.1539663999999, -13.2102795], [-47.1464774, -13.2050391999999], [-47.1356895, -13.2037521999999], [-47.1335041, -13.1993901], [-47.1338047, -13.1890392], [-47.1349223, -13.1873466], [-47.1394845, -13.1889153], [-47.1407761999999, -13.1870491], [-47.1321164999999, -13.1778641], [-47.1233521, -13.1763096], [-47.1178858, -13.1773972999999], [-47.1121529, -13.1726348], [-47.1084875, -13.1718223], [-47.1068003, -13.1742558999999], [-47.1088554999999, -13.1783229], [-47.1054339999999, -13.1811246999999], [-47.1038687999999, -13.179569], [-47.1040273, -13.1752829], [-47.0974636, -13.1712909999999], [-47.0902068999999, -13.1741812999999], [-47.0900417, -13.1811741], [-47.0879194999999, -13.1818322999999], [-47.0853865, -13.1789453], [-47.0816806999999, -13.1793388999999], [-47.0799547, -13.17722], [-47.0854035, -13.1717336], [-47.0794248, -13.1653262], [-47.0802935999999, -13.1618759999999], [-47.0712409, -13.1589458999999], [-47.0692223, -13.1556624999999], [-47.0654577, -13.1583229999999], [-47.0644194, -13.1613728999999], [-47.0551321999999, -13.1595727], [-47.0524551999999, -13.1557205], [-47.0475056, -13.1567451999999], [-47.0479000999999, -13.1537101], [-47.0448026, -13.1532756], [-47.0425301999999, -13.1487600999999], [-47.0364686999999, -13.1510463], [-47.0365765, -13.1475543999999], [-47.0301332, -13.148514], [-47.0286417999999, -13.1451782], [-47.0231762, -13.1415866999999], [-47.0194516999999, -13.1459176999999], [-47.0166919, -13.1422975999999], [-47.0128053999999, -13.1420315], [-47.0078392999999, -13.1386365999999], [-47.0080895999999, -13.1346078999999], [-47.0049536, -13.1330063], [-47.0053109, -13.1265185999999], [-47.0020989, -13.1216848], [-46.9995205, -13.1216201], [-46.9979592999999, -13.1240617], [-46.9951776, -13.1228015999999], [-46.992068, -13.1244517], [-46.9907231, -13.1222622], [-46.9878294, -13.1216342], [-46.9862601, -13.123081], [-46.9885065999999, -13.1278000999999], [-46.9790156999999, -13.1317672], [-46.9776702, -13.1268272999999], [-46.9791473, -13.1218421999999], [-46.9701929, -13.1187257], [-46.9697998999999, -13.1153284], [-46.9661424, -13.1137494], [-46.9602108999999, -13.1115133], [-46.9534915999999, -13.1114638999999], [-46.9540416999999, -13.1088341], [-46.951086, -13.1071205], [-46.9512316, -13.1051681], [-46.9479289999999, -13.1040166], [-46.9463825999999, -13.0990925999999], [-46.9394953, -13.0981115], [-46.9349915999999, -13.0930804999999], [-46.9315515, -13.0949140999999], [-46.9287444, -13.0934573], [-46.9275006999999, -13.0897505], [-46.9292616, -13.0853086], [-46.9286238999999, -13.0823482], [-46.9251710999999, -13.0812834999999], [-46.9199032999999, -13.0764156999999], [-46.9165634, -13.0760579], [-46.9109118, -13.0694614], [-46.9022509, -13.0673826999999], [-46.9014786, -13.0633708999999], [-46.8916768, -13.0523851], [-46.8840939999999, -13.0508525999999], [-46.8816846999999, -13.0522285], [-46.8791421, -13.0488799], [-46.8782265, -13.0516605], [-46.8806223, -13.0588172999999], [-46.8777972, -13.0619943999999], [-46.8712383, -13.0599], [-46.8712578999999, -13.0660308], [-46.8679145999999, -13.0686286], [-46.8614231, -13.0667377], [-46.8544977999999, -13.0675267], [-46.8566223999999, -13.0616810999999], [-46.8561961999999, -13.0578714], [-46.8537780999999, -13.0587118999999], [-46.8543228, -13.0547218999999], [-46.8519911, -13.0544477], [-46.8490583, -13.0505939999999], [-46.8469385999999, -13.0533573], [-46.8445573, -13.0498090999999], [-46.8477169999999, -13.0451133], [-46.8420891, -13.0413282], [-46.8423855999999, -13.0361763], [-46.8365537, -13.032931], [-46.8344173999999, -13.0343078999999], [-46.8318717999999, -13.0280991], [-46.8325872999999, -13.0241078], [-46.8306886, -13.0199848], [-46.8289235, -13.0196604], [-46.8284949, -13.0166852999999], [-46.8186123, -13.0138653], [-46.8228852, -13.0085349], [-46.8228182, -13.0067893], [-46.8184426999999, -13.0042318], [-46.8198975, -13.0016866], [-46.8176434, -13.0024647], [-46.814738, -13.0011248], [-46.7506109999999, -12.9691549999999], [-46.4546498999999, -12.9711526], [-46.4459259, -12.9357678], [-46.4377267, -12.93544], [-46.4325688, -12.9306407999999], [-46.4179847999999, -12.8224367], [-46.4156459, -12.8237432999999], [-46.4140323999999, -12.828134], [-46.4106007999999, -12.8282098], [-46.4127402, -12.830686], [-46.4111212999999, -12.8411235], [-46.4096577, -12.8409399999999], [-46.4082546999999, -12.8376370999999], [-46.4060426999999, -12.839639], [-46.4063829, -12.8411871], [-46.4084298999999, -12.8410805], [-46.4091180999999, -12.8455928], [-46.4027093999999, -12.8451416], [-46.3977623, -12.8513108], [-46.3923018999999, -12.8480934999999], [-46.3874986, -12.8506065999999], [-46.3829617, -12.8485595999999], [-46.3805384999999, -12.8521244], [-46.3763984, -12.8533444999999], [-46.3751884, -12.8498102999999], [-46.3738117, -12.8517312999999], [-46.3752590999999, -12.8564592], [-46.3741944999999, -12.8595210999999], [-46.3657643, -12.863354], [-46.3659883, -12.8701740999999], [-46.3692677999999, -12.8754893], [-46.3637975999999, -12.8820292999999], [-46.3655092, -12.8837373], [-46.3644727999999, -12.8851615999999], [-46.3678551, -12.888409], [-46.3607645, -12.8900384999999], [-46.3640369, -12.8932654999999], [-46.3637401, -12.8960991], [-46.3657120999999, -12.8981944999999], [-46.3648994, -12.9007903999999], [-46.3684008, -12.9025899], [-46.3601234, -12.9085651999999], [-46.3642806, -12.9126659999999], [-46.3657473, -12.9171815999999], [-46.3657123999999, -12.9200269999999], [-46.3634575, -12.9226699999999], [-46.3669573, -12.9241059999999], [-46.3637586, -12.9278158999999], [-46.3652006, -12.9346972], [-46.3679253, -12.9370747999999], [-46.3661825999999, -12.9394950999999], [-46.3705586999999, -12.9405819999999], [-46.3724271999999, -12.9445488], [-46.3694437999999, -12.9507871], [-46.3721327, -12.9546897999999], [-46.3712963, -12.9577426999999], [-46.3730763999999, -12.9621536], [-46.3763574, -12.9620341999999], [-46.3769813, -12.9635019999999], [-46.3711332999999, -12.9671774], [-46.3728204999999, -12.9688523999999], [-46.3680080999999, -12.9721127], [-46.3722607999999, -12.9806427999999], [-46.3710005, -12.9834008], [-46.3734603, -12.9836101999999], [-46.3728558999999, -12.985472], [-46.3644039, -12.9907428999999], [-46.3624966, -12.9880929999999], [-46.3545862999999, -12.9885619999999], [-46.3516994999999, -12.9878145], [-46.3514896, -12.9860330999999], [-46.3476024999999, -12.9870655999999], [-46.3396003, -12.9821699], [-46.3361030999999, -12.9831781999999], [-46.3344463, -12.980766], [-46.3327699, -12.9829129999999], [-46.3306554, -12.9806563], [-46.3222129, -12.9810168999999], [-46.3219708999999, -12.9795447], [-46.3195214, -12.9812602], [-46.3167976999999, -12.9790925999999], [-46.3110493999999, -12.9806141999999], [-46.3112945999999, -12.9790055], [-46.304931, -12.97854], [-46.3002068, -12.9743728999999], [-46.2981432999999, -12.9753016999999], [-46.2902253, -12.9723175999999], [-46.2873473, -12.9742262999999], [-46.2867692999999, -12.9718753999999], [-46.2810157, -12.968555], [-46.2766192999999, -12.9711791], [-46.274149, -12.9688758], [-46.2700885, -12.9684937], [-46.2650983999999, -12.9656285], [-46.2552810999999, -12.9650827999999], [-46.245605, -12.9622553999999], [-46.243488, -12.9603135999999], [-46.2380934999999, -12.9623869], [-46.2293481, -12.9575867999999], [-46.1960974, -12.9570335], [-46.1869091, -12.949172], [-46.1808773, -12.9485678999999], [-46.1777317999999, -12.9393772999999], [-46.1593855, -12.9337758], [-46.1546797, -12.9372031], [-46.1509947, -12.9377360999999], [-46.134803, -12.9295779999999], [-46.1201159999999, -12.9256799], [-46.112966, -12.9180112], [-46.1090483999999, -12.9204223999999], [-46.104644, -12.9249255], [-46.1055355999999, -12.9327332999999], [-46.1088147, -12.9384696999999], [-46.1214227, -12.9524929], [-46.1246636, -12.9598204], [-46.1508436999999, -12.9697869], [-46.1549661, -12.9761245], [-46.1583103, -12.9776194999999], [-46.1663753, -12.977276], [-46.1684018999999, -12.9808743], [-46.1737638, -12.9820707], [-46.1758368, -12.9857049], [-46.1938117999999, -12.9967523999999], [-46.2111844, -13.0011382], [-46.2147846, -13.0039601999999], [-46.2574291999999, -13.013702], [-46.2755337999999, -13.0202133], [-46.2746897, -13.0228392999999], [-46.277527, -13.0313234999999], [-46.2836406, -13.0331737999999], [-46.2836634, -13.0376036], [-46.2809078999999, -13.0396966], [-46.2815629, -13.0451358], [-46.2933298999999, -13.0559259999999], [-46.2938098, -13.0595398999999], [-46.3014120999999, -13.0672766], [-46.3010985, -13.0743117], [-46.3099912, -13.0817704999999], [-46.316385, -13.0909773], [-46.3237832999999, -13.0947365], [-46.3357887999999, -13.0976578999999], [-46.3197943, -13.1042313999999], [-46.3165873999999, -13.1082256], [-46.3157947, -13.1187346999999], [-46.3079923999999, -13.1259163999999], [-46.2996100999999, -13.1281286], [-46.2971448, -13.1329325999999], [-46.2997455999999, -13.1363547999999], [-46.2993862, -13.1381648], [-46.2951808, -13.1418745], [-46.2975830999999, -13.1461295], [-46.3032506, -13.1502776], [-46.3043830999999, -13.1568351999999], [-46.3083965, -13.1638664], [-46.3069295, -13.1655916], [-46.3070303, -13.1706718], [-46.3167108, -13.1832608999999], [-46.306655, -13.1834026999999], [-46.3029804, -13.1864047999999], [-46.3043483, -13.2059795], [-46.3102769, -13.2086252], [-46.3121547, -13.2112192], [-46.3137262, -13.215207], [-46.3133953, -13.2223506999999], [-46.3203834, -13.2314274], [-46.3197549999999, -13.2346851999999], [-46.3238466999999, -13.2439032999999], [-46.3285658, -13.2462293], [-46.3291318, -13.2484863999999], [-46.3276792999999, -13.2529236999999], [-46.3137556999999, -13.2517121], [-46.3110925, -13.2541666999999], [-46.3055418, -13.2516638999999], [-46.3009443, -13.2548515], [-46.2999257, -13.2576773], [-46.3009011, -13.2640729999999], [-46.3035775, -13.2675126999999], [-46.2997632999999, -13.2757409], [-46.2999859, -13.2828817999999], [-46.3061728, -13.286846], [-46.3105432999999, -13.2928805], [-46.3113944, -13.2966731], [-46.3160187999999, -13.2983669], [-46.3179019999999, -13.3052278], [-46.3064706, -13.3079989999999], [-46.3030669, -13.3101861], [-46.2997708, -13.3152656999999], [-46.2924869, -13.3169301], [-46.2202554, -13.2956892999999], [-46.1748511, -13.2769534999999], [-46.1032193999999, -13.2575102], [-46.0802173, -13.2738373999999], [-46.0768917, -13.2816088], [-46.0712849, -13.287048], [-46.0716070999999, -13.2910519], [-46.0682755, -13.2954417999999], [-46.0733395999999, -13.3113688999999], [-46.0879869, -13.3291808], [-46.0993391, -13.3344931999999], [-46.1053638, -13.3396835999999], [-46.106883, -13.3448303], [-46.1182118999999, -13.3568864], [-46.1254193999999, -13.3600549999999], [-46.1318462, -13.3680545999999], [-46.1320342, -13.3707479999999], [-46.1354731, -13.3755242], [-46.1509657, -13.3809148999999], [-46.1622857999999, -13.3826351], [-46.1654389, -13.3854231999999], [-46.1658282, -13.3895802], [-46.1694318, -13.3900156], [-46.1800856, -13.3970178], [-46.1917296999999, -13.4099816999999], [-46.2056166, -13.4168318], [-46.2123324999999, -13.4190146], [-46.2219284, -13.4172505999999], [-46.2251383, -13.4128051], [-46.2319648, -13.4185848999999], [-46.2432031, -13.4237462], [-46.2439573, -13.4267257999999], [-46.2495225, -13.4313089], [-46.2485308999999, -13.4360149], [-46.2373491, -13.4348044], [-46.2246274999999, -13.4395676999999], [-46.2233404, -13.4407492], [-46.225881, -13.4499582], [-46.220898, -13.4508865], [-46.2204503, -13.4536912999999], [-46.2101648, -13.4618864999999], [-46.2089639, -13.4655627999999], [-46.2093472, -13.4683001999999], [-46.2128959999999, -13.4722970999999], [-46.233156, -13.4817452999999], [-46.2370637, -13.4871504], [-46.2358720999999, -13.4889643], [-46.2284772, -13.4880965999999], [-46.2268222, -13.4896416], [-46.2257334999999, -13.4935343], [-46.2275926999999, -13.4957853999999], [-46.2276107, -13.4993110999999], [-46.2252276, -13.5030293], [-46.2302612999999, -13.5117739999999], [-46.2336801, -13.5118476], [-46.2359132999999, -13.5149102999999], [-46.2414932999999, -13.5166275999999], [-46.2472571, -13.5216887], [-46.2434838999999, -13.5263361999999], [-46.2446768, -13.5301001], [-46.2374522, -13.5445554999999], [-46.2385098, -13.5525057999999], [-46.2370437, -13.5549088], [-46.2390157999999, -13.5610012999999], [-46.2424536999999, -13.5646004], [-46.2413799999999, -13.5713860999999], [-46.2474525, -13.5786603999999], [-46.2368931, -13.5793639], [-46.2317191999999, -13.5832136], [-46.2219823999999, -13.5767705], [-46.1996427999999, -13.5725393999999], [-46.1872551, -13.5754193], [-46.1675389, -13.5897333], [-46.1627453999999, -13.6036420999999], [-46.1781038999999, -13.614274], [-46.1836519, -13.6146997], [-46.183939, -13.6166871999999], [-46.1884707999999, -13.6172081], [-46.1884036, -13.6222711], [-46.2025803999999, -13.6290736999999], [-46.206555, -13.6290544999999], [-46.2163978999999, -13.6359856999999], [-46.2242034999999, -13.6456929999999], [-46.2376411, -13.6521263999999], [-46.2358647, -13.6553987999999], [-46.2369447999999, -13.658648], [-46.2416085999999, -13.6612916], [-46.2424356, -13.6673896999999], [-46.2450555, -13.6715803], [-46.2511852, -13.6768741999999], [-46.2508609, -13.6802387999999], [-46.2534219999999, -13.6837515999999], [-46.2561977999999, -13.6841623999999], [-46.2604484, -13.6906498], [-46.2636328999999, -13.6913929999999], [-46.2631031, -13.6943428], [-46.26122, -13.6949129], [-46.2516424999999, -13.6916709], [-46.2406728, -13.6944291999999], [-46.2391906999999, -13.6991917999999], [-46.2357699999999, -13.7010531], [-46.2377367, -13.7058256], [-46.2356033, -13.7098501999999], [-46.2392532, -13.7181762], [-46.2551556, -13.7246863], [-46.2565365999999, -13.7287564], [-46.2633625999999, -13.7307556], [-46.2628572, -13.7348173], [-46.2543135999999, -13.7350417], [-46.2510311999999, -13.7368663999999], [-46.2360717, -13.7498423], [-46.2304659, -13.7566505999999], [-46.2297902999999, -13.7601164], [-46.2229368, -13.7654029], [-46.229975, -13.7742092999999], [-46.2382135999999, -13.775506], [-46.2500588999999, -13.7801742], [-46.2542185999999, -13.7797009999999], [-46.2774951, -13.7908815], [-46.2814954999999, -13.7951095], [-46.2748491, -13.7975848999999], [-46.2714468, -13.8013089999999], [-46.2666579999999, -13.8035394999999], [-46.2639037, -13.8073957999999], [-46.2647782, -13.8117487], [-46.2692178999999, -13.8167791999999], [-46.273631, -13.8287796999999], [-46.266333, -13.8307159999999], [-46.2497673, -13.8296257], [-46.2461777, -13.8330793], [-46.2467495999999, -13.8362404], [-46.2403732999999, -13.8376287999999], [-46.2351186, -13.8411811], [-46.2324747, -13.8486073999999], [-46.245539, -13.8677516999999], [-46.2475387, -13.8766280999999], [-46.2568302, -13.8871755], [-46.2604405, -13.8874281], [-46.2621164, -13.8893179], [-46.2574035, -13.8905174], [-46.2571551, -13.8959427999999], [-46.2610496999999, -13.9008224999999], [-46.2603743, -13.909396], [-46.2628875999999, -13.912095], [-46.2628068, -13.9142651], [-46.266989, -13.9174978], [-46.2627247, -13.9247068], [-46.2626681, -13.9398492999999], [-46.2641902999999, -13.9474351], [-46.2619152, -13.9545886], [-46.2582260999999, -13.9570484999999], [-46.2544872999999, -13.9674638999999], [-46.2507979, -13.9699237999999], [-46.2419206, -13.9664797999999], [-46.2351141999999, -13.9677349], [-46.220066, -13.9754227999999], [-46.2193581999999, -13.9939497], [-46.2206901, -13.9989783999999], [-46.2233267, -14.0003482999999], [-46.2242605, -14.0036071], [-46.2222227999999, -14.0069440999999], [-46.2180357999999, -14.0065221999999], [-46.2159918, -14.0087020999999], [-46.2131403, -14.0087164], [-46.2081517, -14.0161361999999], [-46.2101757, -14.0172019], [-46.2132594, -14.0243462999999], [-46.2130883999999, -14.0305577999999], [-46.2276800999999, -14.0442614], [-46.2270584, -14.0492366], [-46.224755, -14.0514178999999], [-46.2254176, -14.0541266], [-46.2307248, -14.0595236999999], [-46.2251285, -14.0694058999999], [-46.2287851, -14.0777945999999], [-46.2256566, -14.0816073999999], [-46.2226165, -14.1020533999999], [-46.2243922, -14.1050276], [-46.1968285, -14.1301170999999], [-46.1951587, -14.1367607999999], [-46.1880325, -14.1452307], [-46.1869245, -14.153092], [-46.1841003, -14.1569481], [-46.1750086, -14.1563508999999], [-46.1679791999999, -14.1604442], [-46.1634433, -14.1593905], [-46.1581406999999, -14.1605913999999], [-46.1391417, -14.1538116999999], [-46.1321884, -14.1528501], [-46.1280328, -14.1555817999999], [-46.1279509, -14.1577518], [-46.1181409, -14.1599492999999], [-46.1110226, -14.1727112999999], [-46.1129410999999, -14.1804137999999], [-46.1181589999999, -14.1863561], [-46.1207853999999, -14.1871755999999], [-46.1226647, -14.1906021], [-46.1087312999999, -14.1874033999999], [-46.1006896, -14.1915086999999], [-46.0982283, -14.1999274999999], [-46.1018829, -14.2083183], [-46.0794955, -14.1969389999999], [-46.0696596, -14.1940901999999], [-46.0610483, -14.1954845999999], [-46.0525646, -14.2044721], [-46.0524844, -14.2071845999999], [-46.0573585, -14.2150826], [-46.0554448, -14.2220702999999], [-46.0604058, -14.2327005999999], [-46.0548476, -14.2371886], [-46.0529364999999, -14.244791], [-46.0498724999999, -14.2436293], [-46.0433879999999, -14.2443809], [-46.0333003, -14.2476794], [-46.0300764, -14.2521232], [-46.0311093, -14.2570909999999], [-46.0264084999999, -14.2609082999999], [-46.023629, -14.2611914999999], [-46.0151106, -14.2549898999999], [-46.0045218, -14.254203], [-45.9954281, -14.2561577], [-45.9906286999999, -14.2608787999999], [-45.9911036999999, -14.2634985999999], [-45.9957506, -14.2662819], [-45.9975623, -14.2777558], [-45.9818404, -14.2735087999999], [-45.9722609, -14.2791262], [-45.9701507999999, -14.2842879], [-45.9644033, -14.2843113], [-45.9625564999999, -14.2860365], [-45.9598953999999, -14.2924661], [-45.9618614, -14.2969785], [-45.9577148, -14.3029620999999], [-45.9570512, -14.3213986], [-45.9546554999999, -14.3249432], [-45.9482669999999, -14.3293535], [-45.9424275, -14.3387248], [-45.9422145999999, -14.3432549999999], [-45.9328082, -14.3423609999999], [-45.9303980999999, -14.3448294999999], [-45.9318512, -14.34863], [-45.9282322, -14.3502895999999], [-45.9151433, -14.3446448], [-45.9071552999999, -14.3551897999999], [-45.9082764, -14.3664413], [-45.9111593, -14.3684191999999], [-45.9112628, -14.3756423], [-45.9224399999999, -14.3828406], [-45.9242487999999, -14.3964306999999], [-45.9326429, -14.4098592999999], [-45.9417748, -14.4154010999999], [-45.9489167, -14.4152821], [-45.9591382999999, -14.4260351999999], [-45.9667613999999, -14.4277218], [-45.9758064, -14.434248], [-45.9810102, -14.4341812], [-45.987745, -14.4278699999999], [-45.9938602999999, -14.4283685999999], [-46.0036893, -14.4254521999999], [-46.0101837, -14.4256956999999], [-46.0011352, -14.4330388999999], [-46.0000734, -14.4466222], [-46.003682, -14.4507202999999], [-46.0067726, -14.4510235], [-46.0107796999999, -14.4549840999999], [-46.0104994, -14.4586557], [-46.0190031, -14.4720712], [-46.0181032, -14.4741182], [-46.0146761, -14.4753987], [-46.013206, -14.4785691], [-45.9960849999999, -14.4884059999999], [-45.9959191999999, -14.4928365], [-45.9932509, -14.4979104], [-45.9998649, -14.5036681999999], [-46.0000596, -14.5118942], [-46.0039970999999, -14.5145894999999], [-46.0001362, -14.5227422999999], [-45.9814491, -14.5318978999999], [-45.9753082999999, -14.5389297999999], [-45.9791587, -14.5470773], [-45.9888395, -14.5492786], [-45.9912772, -14.5547829999999], [-45.9913237, -14.5651791999999], [-45.9860595, -14.5711681], [-45.9852551, -14.5781325999999], [-45.988466, -14.5894830999999], [-45.9934809, -14.5947100999999], [-45.9929478999999, -14.5975986], [-45.9978884, -14.6035777], [-45.9884969999999, -14.6138864], [-45.9843987, -14.6218787], [-45.9851504, -14.6296722], [-45.9904418, -14.6377770999999], [-45.9948143, -14.6396569], [-45.9920312, -14.6402112], [-45.9893556, -14.6440195], [-45.989515, -14.6588449999999], [-45.991665, -14.6619999], [-46.0009717999999, -14.6665705999999], [-46.0105164, -14.66219], [-46.0116424, -14.6647163], [-46.0209525999999, -14.6699189999999], [-46.0237681999999, -14.6763252], [-46.0279691, -14.6810075], [-46.020865, -14.6910735], [-46.0055037, -14.688998], [-46.003937, -14.705883], [-45.9995840999999, -14.7086138999999], [-45.9990602, -14.7159387], [-46.0046968, -14.7298362999999], [-45.9970579, -14.7413414], [-46.007302, -14.7509790999999], [-46.0051306, -14.7636448], [-45.9989272999999, -14.7682823], [-46.0018469999999, -14.7769481999999], [-45.999455, -14.7821114999999], [-46.0025841, -14.7958389999999], [-46.0051961, -14.7980876999999], [-46.0141197999999, -14.7988622], [-46.0151571, -14.8021120999999], [-46.0191571, -14.8030889], [-46.0185332999999, -14.8087869], [-46.0197939999999, -14.8120991], [-46.0174115999999, -14.8153369], [-46.0186719, -14.8185496999999], [-46.0321582, -14.8211112], [-46.0411979, -14.8264945999999], [-46.0385595, -14.8383489999999], [-46.0340174, -14.8408102999999], [-46.0282845999999, -14.8469832], [-46.0252869, -14.8557564999999], [-46.0266493, -14.8588692], [-46.0313272, -14.8614337], [-46.0349720999999, -14.8680570999999], [-46.0394858, -14.8719768999999], [-46.0393784999999, -14.8752514999999], [-46.0485611, -14.8782826999999], [-46.0611625999999, -14.9015330999999], [-46.0623408, -14.9079897999999], [-46.0673034, -14.9097753999999], [-46.0757788, -14.9046392999999], [-46.0793361, -14.9048430999999], [-46.0848362, -14.9320198999999], [-46.0881416, -14.9363926], [-46.0961927, -14.9387679], [-46.1072919, -14.9384069999999], [-46.1103929999999, -14.9370152], [-46.1203001, -14.9200585999999], [-46.1253348, -14.9219522999999], [-46.132334, -14.9213753999999], [-46.1387485, -14.9284954], [-46.1457480999999, -14.9265151999999], [-46.1499238, -14.9241266999999], [-46.1547227, -14.9173506], [-46.1594703, -14.9138078999999], [-46.1592267999999, -14.9079844], [-46.1614206, -14.9061727], [-46.1664135, -14.9084496999999], [-46.1615537, -14.9310482], [-46.1720576, -14.9472886], [-46.1755505, -14.9494252], [-46.1913898999999, -14.944676], [-46.1999766, -14.9384383999999], [-46.2058071, -14.9371634999999], [-46.2113037999999, -14.9369656], [-46.2157258, -14.9435252], [-46.2244688, -14.9417314], [-46.2322235, -14.9222960999999], [-46.2337021, -14.9215282], [-46.2388869, -14.9234385], [-46.2473876999999, -14.9223461999999], [-46.2498346, -14.9259072999999], [-46.2600565, -14.9300408], [-46.2690269999999, -14.9278720999999], [-46.2736753999999, -14.9300956], [-46.2868647999999, -14.9281457], [-46.2921684, -14.9217753999999], [-46.2946699999999, -14.9086131], [-46.3061122, -14.911553], [-46.3154805, -14.9005923999999], [-46.3193358, -14.9004389999999], [-46.3181673999999, -14.8832583], [-46.3153899, -14.8799207], [-46.3088887, -14.8775659], [-46.3004725, -14.8580787], [-46.3040923999999, -14.8553762], [-46.314473, -14.8544843], [-46.3188120999999, -14.8475225], [-46.3249172, -14.8477875999999], [-46.3202608999999, -14.8363075999999], [-46.3219731, -14.8273242999999], [-46.3200074, -14.8209436], [-46.3221998999999, -14.8145802999999], [-46.3343065999999, -14.8128909], [-46.3345868, -14.8066219], [-46.3363947, -14.8032810999999], [-46.3550071999999, -14.7942007999999], [-46.3657836, -14.795406], [-46.3679491999999, -14.78962], [-46.3769828, -14.7865631], [-46.3831446, -14.7782736999999], [-46.3940911999999, -14.7715977], [-46.4045318999999, -14.7603311999999], [-46.4238048999999, -14.7559729], [-46.4296348, -14.7527003], [-46.4411689, -14.7422028999999], [-46.4473616999999, -14.7316769], [-46.4631396999999, -14.7311743999999], [-46.4659775, -14.7136007999999], [-46.4690295, -14.7082177], [-46.4765621, -14.7050973999999], [-46.4837833999999, -14.7090435], [-46.4900153, -14.7099982999999], [-46.5011137, -14.7030258999999], [-46.5034458, -14.7040757999999], [-46.5097241999999, -14.7160762], [-46.5075100999999, -14.7321496], [-46.5102818, -14.7382605999999], [-46.5223951, -14.7451002999999], [-46.5371168, -14.7474561], [-46.5441921999999, -14.7530123999999], [-46.5432281, -14.7686732], [-46.5489221, -14.7741765], [-46.5638389, -14.7833848999999], [-46.5662818, -14.7883957], [-46.5634193999999, -14.7989732], [-46.5577115, -14.8069985], [-46.5572868, -14.8102441999999], [-46.5604796, -14.8150145], [-46.5602562, -14.8206557999999], [-46.5585055, -14.8221536], [-46.54598, -14.8236094], [-46.5338949, -14.8282705999999], [-46.5319268, -14.8302983999999], [-46.5282574999999, -14.8431227], [-46.521556, -14.8511794999999], [-46.5228102, -14.8600716999999], [-46.530424, -14.8837106], [-46.5332339999999, -14.888141], [-46.5398657, -14.8919003999999], [-46.5423441999999, -14.8960274], [-46.543844, -14.9052991999999], [-46.5427541, -14.9140811], [-46.5465359, -14.9254445], [-46.5460351, -14.928893], [-46.5398771, -14.9385255], [-46.5408375, -14.9516035999999], [-46.5385922999999, -14.9547613], [-46.5324249, -14.9579605], [-46.5337297999999, -14.9610082], [-46.5287797, -14.9648503999999], [-46.5210077, -14.967394], [-46.5172886, -14.9728646], [-46.5167579, -14.9820174], [-46.5232526999999, -14.9840742], [-46.5273058999999, -14.9881525], [-46.5308107, -15.0052785], [-46.5206716, -15.0137397999999], [-46.5200641, -15.0201709999999], [-46.5118626999999, -15.0298779999999], [-46.5090033, -15.0403269999999], [-46.5027219999999, -15.0508978999999], [-46.5036081, -15.0534332999999], [-46.5154788999999, -15.0617918], [-46.5219473, -15.0570236], [-46.5319982, -15.0563938999999], [-46.5427544, -15.0617492], [-46.5454205, -15.0656327999999], [-46.5513197, -15.0638756], [-46.5652287999999, -15.07325], [-46.569927, -15.0799595999999], [-46.5753084, -15.0836318999999], [-46.5880056999999, -15.0811231], [-46.5955807999999, -15.0837069999999], [-46.6003092999999, -15.0878109], [-46.6106157999999, -15.0840094], [-46.6280594999999, -15.0894905], [-46.6515350999999, -15.0846033999999], [-46.6816691999999, -15.0586203999999], [-46.7002262, -15.0534398], [-46.7264771, -15.0384154999999], [-46.7397655999999, -15.0343778], [-46.7532595, -15.0327455999999], [-46.7682849, -15.0240398999999], [-46.7818569, -15.0193214], [-46.8033394, -15.0169141], [-46.8205546999999, -15.0107669], [-46.844342, -15.0090817], [-46.8568989999999, -15.0102659999999], [-46.8641704999999, -15.0203850999999], [-46.8944744999999, -15.0351274], [-46.9083441, -15.0458631], [-46.9205918, -15.0508589999999], [-46.9265961999999, -15.0616927999999], [-46.9276211, -15.0675405], [-46.9260374, -15.0735624], [-46.9138386, -15.0826665], [-46.9100341, -15.0879466], [-46.8977634, -15.0942171999999], [-46.8970100999999, -15.1030868999999], [-46.8890014, -15.1111187999999], [-46.8884431, -15.1156448999999], [-46.8994154, -15.137169], [-46.9052371999999, -15.1433989], [-46.9097057, -15.1529353], [-46.9128411999999, -15.1557731999999], [-46.9205966, -15.1782157], [-46.9373469, -15.2050197999999], [-46.9373171, -15.215202], [-46.9334803, -15.2234867], [-46.9360123, -15.2279912], [-46.9408665999999, -15.2307016], [-46.9354486, -15.2371376999999], [-46.9312009999999, -15.2528566999999], [-46.9276553, -15.2550952999999], [-46.9222321, -15.2507955], [-46.9128302, -15.2468547999999], [-46.9085894999999, -15.2380429999999], [-46.9063464, -15.2366187], [-46.8914846, -15.2352595999999], [-46.8892714, -15.2425228], [-46.889784, -15.2558516], [-46.8880131999999, -15.2682475999999], [-46.8913206999999, -15.2781337], [-46.8893183, -15.2822469], [-46.8753369, -15.2839233], [-46.8578489, -15.3036562], [-46.8372327, -15.3213165], [-46.8356757999999, -15.3251276999999], [-46.847957, -15.3467603999999], [-46.8609577999999, -15.3509612999999], [-46.8678404, -15.3572925], [-46.8694803, -15.3614742], [-46.8664233, -15.3651654], [-46.8507223, -15.3685212999999], [-46.8494784, -15.373164], [-46.8663443999999, -15.3860033], [-46.8838732, -15.3923419999999], [-46.8906772, -15.4000076], [-46.8970206, -15.4022828], [-46.9119295, -15.4115454999999], [-46.9151246, -15.4148347999999], [-46.9208389, -15.4273929], [-46.9293132999999, -15.4399397], [-46.9332772, -15.4602267], [-46.9324305, -15.4831717], [-46.9343782, -15.4921345999999], [-46.9387209, -15.4995071], [-46.9442146, -15.5181868999999], [-46.9486879999999, -15.5578444], [-46.9429802999999, -15.5669952], [-46.9177476, -15.5900078], [-46.8970606, -15.5931795999999], [-46.8910413, -15.6003239], [-46.888818, -15.6056067], [-46.8825768999999, -15.6100842], [-46.8743138999999, -15.6139891], [-46.8548835, -15.6183005], [-46.854452, -15.6281407], [-46.8590129, -15.6396351999999], [-46.854928, -15.6449709999999], [-46.8525928999999, -15.6530258999999], [-46.8524912999999, -15.6710538999999], [-46.8557026999999, -15.6831245], [-46.8496685, -15.6925879999999], [-46.8424532999999, -15.714671], [-46.8271475, -15.7299712], [-46.8274701999999, -15.7512492], [-46.813149, -15.7872042999999], [-46.8147289999999, -15.7955984999999], [-46.8239565, -15.8089383], [-46.8245079, -15.8123262], [-46.8210033, -15.8168952], [-46.8232217, -15.8246331], [-46.8168699, -15.8397158999999], [-46.8129647, -15.8443333], [-46.8055017999999, -15.8593948], [-46.8068987, -15.879249], [-46.809563, -15.884283], [-46.8143580999999, -15.8871836], [-46.824868, -15.8857186], [-46.9843092, -15.9240313], [-47.0220964, -15.9287803], [-47.0260271999999, -15.9311092], [-47.0312893999999, -15.9313104], [-47.0344975, -15.9346512999999], [-47.0529342999999, -15.9364679999999], [-47.0603838, -15.9400587], [-47.0768869, -15.9581332999999], [-47.081046, -15.9578101999999], [-47.0886444999999, -15.9611293], [-47.0906226, -15.9609159999999], [-47.0930109, -15.9570555999999], [-47.0959736, -15.9563381], [-47.1026686, -15.9588982999999], [-47.1066882, -15.9582644], [-47.1078674999999, -15.955887], [-47.1103464, -15.9564478], [-47.1104986, -15.9543874999999], [-47.1125400999999, -15.9552164999999], [-47.1149111999999, -15.9536681], [-47.1163028999999, -15.9508716999999], [-47.1196725999999, -15.9509965999999], [-47.1201925, -15.9487685999999], [-47.1260157999999, -15.9444434], [-47.1290653, -15.9455346], [-47.1291763, -15.9477992999999], [-47.1349838, -15.9493843], [-47.1357508999999, -15.9461716], [-47.1341146999999, -15.9438776], [-47.1355214, -15.9416750999999], [-47.1325492, -15.9398803999999], [-47.1333289999999, -15.9376614], [-47.1308880999999, -15.9370395], [-47.1315792, -15.9339790999999], [-47.1363976, -15.9313880999999], [-47.1353515, -15.9280777], [-47.1369574, -15.9280752], [-47.13694, -15.9266967999999], [-47.1391404, -15.9265583], [-47.1376349, -15.9283472], [-47.1386267999999, -15.9290202], [-47.1427805, -15.9263425], [-47.1427183, -15.9285242999999], [-47.1396364, -15.9301892], [-47.1427537, -15.9328282999999], [-47.14286, -15.9357153999999], [-47.1465143, -15.9321707], [-47.1488466, -15.9352903], [-47.1517514, -15.9345994999999], [-47.152389, -15.9365655999999], [-47.1510428999999, -15.9383013999999], [-47.149626, -15.9377345999999], [-47.1494097999999, -15.9406943], [-47.1519461, -15.9388542], [-47.1530974999999, -15.9428356], [-47.1586768, -15.9405507999999], [-47.1606783, -15.9443588999999], [-47.1629454, -15.9429064999999], [-47.1606282, -15.9455530999999], [-47.1611162, -15.9473196], [-47.1644922, -15.9454808999999], [-47.1655555999999, -15.9486211999999], [-47.1671360999999, -15.9486444], [-47.166648, -15.9509687], [-47.1717381, -15.9541297], [-47.1715288999999, -15.9565004], [-47.1684144, -15.9556171999999], [-47.1691814, -15.9583830999999], [-47.1729932, -15.9592895], [-47.1706225, -15.9602424999999], [-47.1720996, -15.9621013], [-47.1675195, -15.9643164], [-47.1693440999999, -15.9637496], [-47.172203, -15.9658439], [-47.1667447999999, -15.9659220999999], [-47.1694371, -15.9669595999999], [-47.1696928, -15.9681682], [-47.1677170999999, -15.967192], [-47.1672988, -15.9683774], [-47.1720867, -15.9717011], [-47.1706457, -15.9736766999999], [-47.1725516, -15.9725377999999], [-47.173868, -15.9742429], [-47.1765460999999, -15.9738995], [-47.1764066, -15.9758750999999], [-47.1787674999999, -15.9776985], [-47.180854, -15.9713707], [-47.1819373, -15.970878], [-47.1830269, -15.973107], [-47.1845296, -15.9701929], [-47.1848749, -15.971716], [-47.1869867999999, -15.9711067], [-47.1860344999999, -15.9727597999999], [-47.187921, -15.9712489], [-47.1881241, -15.9737061], [-47.1856038999999, -15.9739243999999], [-47.1866009999999, -15.9750058], [-47.1837406999999, -15.9743976], [-47.1846717999999, -15.9765288999999], [-47.1832532999999, -15.9775675999999], [-47.1848982, -15.9776082], [-47.1834360999999, -15.9789281999999], [-47.1864791, -15.9789048], [-47.184355, -15.9807873], [-47.1846495, -15.9835512], [-47.1869665, -15.9815651], [-47.1876468999999, -15.9832190999999], [-47.1900899, -15.9830302999999], [-47.1892166, -15.9807355], [-47.1922059, -15.9802045], [-47.1926789999999, -15.9779157999999], [-47.1949941, -15.9794795], [-47.1936802, -15.9827409], [-47.1948738999999, -15.9839736], [-47.1936454, -15.9846656999999], [-47.1967476, -15.9842507], [-47.1960065, -15.9857585999999], [-47.1981347, -15.9847238999999], [-47.1978137999999, -15.9873476999999], [-47.2016214, -15.9858302], [-47.2035721999999, -15.9882355999999], [-47.2086583, -15.9873365], [-47.2093920999999, -15.990291], [-47.2073457, -15.9900352], [-47.2082416, -15.9915318999999], [-47.2068864999999, -15.9921189999999], [-47.2083049999999, -15.9926771], [-47.2090026, -15.9913051], [-47.2095606999999, -15.9926771], [-47.2071217, -15.9967068], [-47.2087926999999, -15.9986742999999], [-47.2094238, -15.9972415999999], [-47.2120236, -15.9990202], [-47.2107252, -16.0036287999999], [-47.2165196, -16.0046508], [-47.2153511999999, -16.0086631], [-47.2166152999999, -16.0092465], [-47.2172765999999, -16.0144202999999], [-47.2200855999999, -16.0150285], [-47.2217175, -16.0121546], [-47.2273116, -16.0159791], [-47.2296168999999, -16.0146604999999], [-47.2280597, -16.0131835999999], [-47.2298509999999, -16.0129219999999], [-47.2339272999999, -16.0162298], [-47.235606, -16.0148775], [-47.2362123, -16.0160898999999], [-47.2385743, -16.0134796], [-47.2447731999999, -16.0177219999999], [-47.247989, -16.0169162], [-47.2470551, -16.0157432999999], [-47.2523722, -16.0169685999999], [-47.2540802, -16.0196235], [-47.2566773999999, -16.0172158], [-47.2593163, -16.0186083999999], [-47.2621009, -16.0169655], [-47.2617875999999, -16.0140479], [-47.2653225, -16.0132441], [-47.2657655, -16.0148062], [-47.2678405999999, -16.0150161], [-47.2666333, -16.0122526], [-47.2700912, -16.0122284], [-47.271404, -16.014494], [-47.2795308, -16.0123601], [-47.2765090999999, -16.0093563], [-47.2773961999999, -16.0068697], [-47.2783845, -16.0089396999999], [-47.2821332999999, -16.0092653], [-47.2821767999999, -16.0123561], [-47.2843736, -16.0123785], [-47.2869454999999, -16.0092875], [-47.2899634999999, -16.0117193999999], [-47.2887519, -16.0140814], [-47.2896095, -16.0161980999999], [-47.2903702999999, -16.0145861999999], [-47.2925377999999, -16.0147072], [-47.2967715999999, -16.0153306999999], [-47.2962219, -16.0185015], [-47.3003674, -16.0172456999999], [-47.3007929, -16.0192599], [-47.2991908, -16.0203213999999], [-47.3008406, -16.0249284999999], [-47.2994044, -16.0261912], [-47.3045607999999, -16.0269845999999], [-47.3066770999999, -16.0306484999999], [-47.3087624, -16.0295191], [-47.3107095999999, -16.0308363999999], [-47.3099513999999, -16.0366665999999], [-47.3126323, -16.0416746999999], [-47.3115362, -16.0428320999999], [-47.3085002999999, -16.042092], [-47.3101781, -16.0440924], [-47.3084054999999, -16.0461116999999], [-47.3099749, -16.048486], [-47.3083581, -16.0502989], [-47.3076864999999, -16.0565002], [-47.3047149, -16.0598467999999], [-47.3075989, -16.0636407], [-47.3157603999999, -16.0673285], [-47.3115561, -16.0684171999999], [-47.3082236, -16.0748166999999], [-47.3082062999999, -16.0788367], [-47.3160966999999, -16.0800442], [-47.3107019, -16.0822712], [-47.3131586, -16.0856077999999], [-47.3113446, -16.0881327], [-47.3222327, -16.0908717], [-47.3212507, -16.0864979999999], [-47.3235523, -16.0846242], [-47.3293054, -16.0904298], [-47.3314865, -16.0866268], [-47.3329110999999, -16.0867316], [-47.3371466, -16.0935947999999], [-47.3358813999999, -16.0952654], [-47.3315732999999, -16.0943043999999], [-47.3339207999999, -16.0978165999999], [-47.3319822999999, -16.100655], [-47.332995, -16.1058743], [-47.3318740999999, -16.1074765999999], [-47.3353696999999, -16.1082426999999], [-47.3362784, -16.1128586], [-47.3388204999999, -16.1143966], [-47.336561, -16.1194874999999], [-47.3414868, -16.1217652], [-47.3399110999999, -16.1235116], [-47.341375, -16.1259075], [-47.3380614, -16.1283834999999], [-47.3465346999999, -16.1309221], [-47.3500071999999, -16.1292344999999], [-47.3502339, -16.1319334999999], [-47.3527321999999, -16.1328303], [-47.3489248, -16.1351581], [-47.3505850999999, -16.1385341], [-47.3475247, -16.1405606], [-47.3501320999999, -16.1435069], [-47.3503747, -16.1481282999999], [-47.3424474999999, -16.1485719], [-47.3427665, -16.1513816], [-47.3474307, -16.1530632999999], [-47.348626, -16.1551039999999], [-47.3418541, -16.1564643999999], [-47.3403243, -16.1581753], [-47.3445149999999, -16.1610772999999], [-47.3450123, -16.1640667999999], [-47.3406826999999, -16.1637885], [-47.3385519999999, -16.1680952999999], [-47.3319567, -16.1717391999999], [-47.3334884999999, -16.1760088999999], [-47.331404, -16.1795865], [-47.3328721, -16.1812207999999], [-47.339127, -16.1822978], [-47.3405112, -16.1852565999999], [-47.3369468, -16.1862192999999], [-47.3353741999999, -16.1847139], [-47.3299592, -16.1849485999999], [-47.3324593999999, -16.190714], [-47.3299628, -16.1959067], [-47.3345376999999, -16.1983935], [-47.3363229, -16.2015876], [-47.3335112, -16.203385], [-47.3282619, -16.20363], [-47.3221197999999, -16.2087751999999], [-47.325821, -16.2113687999999], [-47.3290378, -16.2109634], [-47.3289637, -16.2141822], [-47.3301913999999, -16.2143472], [-47.3284576999999, -16.2219779], [-47.3233590999999, -16.2255544], [-47.3238340999999, -16.2283368], [-47.3219811, -16.2314256], [-47.3249132999999, -16.2342025999999], [-47.3250533, -16.2391498], [-47.3268267999999, -16.2410634], [-47.3260101, -16.2426035], [-47.3286876999999, -16.243711], [-47.3271443, -16.2486413], [-47.3291053, -16.2502522], [-47.3338211, -16.2484779], [-47.3353852, -16.2534739], [-47.334288, -16.2585865], [-47.3396155, -16.2642628999999], [-47.3439344, -16.2650098999999], [-47.3516084, -16.2754133999999], [-47.3476378999999, -16.2868573], [-47.3554890999999, -16.2942184999999], [-47.3524214999999, -16.3066762], [-47.3568471999999, -16.3139821999999], [-47.3592591999999, -16.3152466999999], [-47.3609928, -16.3229029], [-47.3664254999999, -16.3275629], [-47.3654888, -16.3298811], [-47.3754643999999, -16.3369296], [-47.3746212999999, -16.3387092999999], [-47.3793281, -16.3433691999999], [-47.3802648, -16.3475374], [-47.3844798, -16.35201], [-47.3857442999999, -16.3514479999999], [-47.3954856999999, -16.36229], [-47.4030493, -16.3759185], [-47.4168481, -16.3823404999999], [-47.4184107, -16.3811873], [-47.4201416, -16.3831948], [-47.4189024999999, -16.3845358999999], [-47.4201834, -16.3916596], [-47.4214413999999, -16.3903607], [-47.4227056, -16.3922603], [-47.4266095, -16.3932498999999], [-47.4253654999999, -16.3969468], [-47.4271686, -16.3989137999999], [-47.4235624, -16.4027541999999], [-47.4248158, -16.4052662999999], [-47.4234375, -16.4060780999999], [-47.4243891, -16.4075447], [-47.4225087, -16.412519], [-47.4248547, -16.4138788999999], [-47.4231935999999, -16.4158492999999], [-47.4250448999999, -16.4179596], [-47.4243665, -16.420228], [-47.4257296, -16.4193036], [-47.4263065, -16.4208422], [-47.4253682, -16.4280911], [-47.4272639, -16.4296722999999], [-47.4269214999999, -16.4340202], [-47.4288743, -16.4370120999999], [-47.4297872, -16.4356864], [-47.4319809, -16.4377114], [-47.4310743, -16.4384166999999], [-47.4336165999999, -16.4395235], [-47.4291215, -16.4426612], [-47.4311883999999, -16.4439381], [-47.4340794, -16.4429590999999], [-47.4361906999999, -16.4451845999999], [-47.4369578, -16.4442665], [-47.4394114, -16.450341], [-47.4461699, -16.4501463999999], [-47.4480402, -16.4523962], [-47.4470765, -16.4550351], [-47.445669, -16.4550776], [-47.4458782, -16.4580874], [-47.4485473999999, -16.4608173999999], [-47.4508425, -16.4606654], [-47.4482748, -16.4642527], [-47.4543674999999, -16.4646114], [-47.4557053, -16.4676392], [-47.4560096, -16.4709101999999], [-47.4543674999999, -16.4705089999999], [-47.4534672, -16.4753241999999], [-47.4561047, -16.4756707], [-47.4567259999999, -16.4776588], [-47.4545133, -16.4816165999999], [-47.4575882999999, -16.4866077999999], [-47.4560729999999, -16.4862917], [-47.4558764, -16.4886504999999], [-47.4536510999999, -16.4900061], [-47.4566753, -16.490991], [-47.4568465, -16.4927782999999], [-47.4601243, -16.4932464], [-47.4578038, -16.4976354999999], [-47.4595246, -16.5041259], [-47.4536932, -16.5082242999999], [-47.4528713, -16.5125952999999], [-47.446005, -16.5173669], [-47.4476154, -16.5216703999999], [-47.4446735999999, -16.5238828999999], [-47.4451680999999, -16.5273109999999], [-47.4413514, -16.5284293], [-47.443729, -16.5326717999999], [-47.4430062, -16.5344342999999], [-47.4445658, -16.5342702], [-47.4454724999999, -16.5367378], [-47.4442235, -16.5385671999999], [-47.4437986999999, -16.5367196], [-47.4417318, -16.5372543999999], [-47.4442298, -16.5393025999999], [-47.4382257999999, -16.5419889999999], [-47.4304529, -16.5399894], [-47.4311185999999, -16.5422928999999], [-47.4336355999999, -16.5431194], [-47.4330110999999, -16.5462843], [-47.4303356, -16.5450749], [-47.4315149, -16.5480954], [-47.4290549999999, -16.5509516999999], [-47.4270514999999, -16.5468981], [-47.4214976, -16.5498820999999], [-47.4144729, -16.5463450999999], [-47.4125137999999, -16.5494385], [-47.411398, -16.5483141999999], [-47.4099778, -16.5492805], [-47.4054637, -16.5552484], [-47.4060722999999, -16.5578250999999], [-47.4103835999999, -16.5565124], [-47.4127928, -16.5593868999999], [-47.4100792, -16.5580378], [-47.4091281999999, -16.5603106], [-47.4122285, -16.5638291999999], [-47.4093311, -16.5662417], [-47.4131604999999, -16.5707871999999], [-47.4132238999999, -16.5741719], [-47.4047662999999, -16.572914], [-47.4021921999999, -16.5705988], [-47.3969109999999, -16.5710971], [-47.3933795999999, -16.5745972], [-47.3963530999999, -16.5783524999999], [-47.3957952, -16.5802605], [-47.3902856999999, -16.5829340999999], [-47.3910275, -16.5856563], [-47.3860948999999, -16.587546], [-47.3852896999999, -16.5835114], [-47.3866401999999, -16.5777145], [-47.3821895, -16.5766207], [-47.3772696, -16.5785652], [-47.3744293, -16.584915], [-47.3738016, -16.5931967999999], [-47.3764327, -16.5996797999999], [-47.3742137, -16.5980514999999], [-47.3681907, -16.5995339999999], [-47.3654074, -16.5932515], [-47.35934, -16.5906934999999], [-47.3575774999999, -16.5868897999999], [-47.3534945, -16.5912039], [-47.3502167, -16.5923887], [-47.3473129, -16.5908332], [-47.3431538999999, -16.5914104], [-47.3421648, -16.5934338], [-47.3446691999999, -16.5926863999999], [-47.3453982999999, -16.5941202999999], [-47.3420063, -16.59745], [-47.3381199, -16.5961983], [-47.339147, -16.6026507999999], [-47.3348104, -16.6042366], [-47.3341700999999, -16.608933], [-47.3384748999999, -16.6095041], [-47.3384432, -16.6128395], [-47.336351, -16.6155065999999], [-47.3340623, -16.6148626], [-47.3289586, -16.6088905], [-47.3227199999999, -16.6079184], [-47.3192964, -16.6020189999999], [-47.3164877, -16.6047834], [-47.3165638, -16.6087446999999], [-47.3212554, -16.6168734999999], [-47.3174134, -16.6151178], [-47.3115551999999, -16.6178881], [-47.3106739, -16.6213691999999], [-47.3057603999999, -16.6230034], [-47.3080808, -16.6309373], [-47.2987039, -16.6243703], [-47.2955656, -16.6253058], [-47.2974295999999, -16.6295097], [-47.2956670999999, -16.6352077999999], [-47.2938791999999, -16.6356938], [-47.2912798, -16.6330331], [-47.2879703, -16.6326321], [-47.2875328, -16.6366475], [-47.2844135, -16.6376984], [-47.2838174999999, -16.6394660999999], [-47.2880463, -16.6430501], [-47.2828158, -16.6479156], [-47.2789294, -16.6475937], [-47.2794683, -16.6530847], [-47.2775915999999, -16.6592074], [-47.2742314, -16.6585757], [-47.2737875999999, -16.6619406], [-47.2672067, -16.6592438], [-47.2642521999999, -16.6604707], [-47.2625024, -16.6543359999999], [-47.2608286, -16.653765], [-47.2542349999999, -16.6626087], [-47.2553255, -16.6641758], [-47.2576586, -16.6627179999999], [-47.260575, -16.6662651], [-47.2565046999999, -16.6668602999999], [-47.2508620999999, -16.6648074], [-47.2493277999999, -16.6751204], [-47.2592816, -16.6776346999999], [-47.2570752999999, -16.6855298999999], [-47.2507226, -16.6846917999999], [-47.2472736, -16.6812787], [-47.2458788, -16.6835379], [-47.2461895, -16.700457], [-47.2473687, -16.7024488], [-47.2524281, -16.7039425999999], [-47.249499, -16.7069303], [-47.2421699, -16.7028496], [-47.2387462999999, -16.7072216999999], [-47.2289825999999, -16.7121524999999], [-47.2252293, -16.7217585], [-47.2228835, -16.724078], [-47.2241261999999, -16.7298097], [-47.2323809, -16.7334890999999], [-47.2276259, -16.7413577], [-47.2353734, -16.7448426], [-47.2339913, -16.7473317], [-47.2364891999999, -16.7553454], [-47.2331417, -16.7647064999999], [-47.2243417, -16.7610519999999], [-47.2267889999999, -16.765435], [-47.2297053999999, -16.7657748999999], [-47.2311256, -16.7676081999999], [-47.2306818, -16.775791], [-47.2197007999999, -16.7780734], [-47.2180016999999, -16.7813877], [-47.2205124, -16.7880039], [-47.2174438, -16.7922647999999], [-47.2199037, -16.7964406999999], [-47.2164420999999, -16.8005679999999], [-47.221083, -16.8024616], [-47.2211844, -16.8077661999999], [-47.2191175, -16.8100603], [-47.2138426, -16.8114682999999], [-47.2117757999999, -16.8175737], [-47.2079211, -16.8190301999999], [-47.2106853, -16.8221617], [-47.2135383, -16.8222951999999], [-47.2138173, -16.827575], [-47.1999453, -16.8261548999999], [-47.1962554, -16.8222466999999], [-47.1945689, -16.8245891999999], [-47.1996536999999, -16.8286916], [-47.2033562, -16.8367261], [-47.2064374999999, -16.8383888], [-47.2059049, -16.8529882999999], [-47.2003257, -16.8561556999999], [-47.2020628999999, -16.8628178], [-47.2096329, -16.863558], [-47.2103303, -16.8652812], [-47.2088974, -16.8746368], [-47.2024761, -16.8737676], [-47.2028870999999, -16.8805581], [-47.1942139, -16.8824387999999], [-47.1953678, -16.8858969], [-47.203724, -16.8893184999999], [-47.2031153, -16.8928855999999], [-47.1950634999999, -16.8953485], [-47.1943534, -16.896853], [-47.1962174, -16.9048481999999], [-47.1988421, -16.9080632], [-47.1972191, -16.9097252999999], [-47.1912720999999, -16.9061220999999], [-47.1893448, -16.9029798999999], [-47.1818762, -16.9013299], [-47.1767154, -16.9089124999999], [-47.1747247, -16.9174166999999], [-47.170984, -16.9166888], [-47.1675731, -16.9136316999999], [-47.1654429, -16.9169193], [-47.1614486, -16.9188725], [-47.1605737, -16.9208862999999], [-47.1650498, -16.9221115], [-47.1681563999999, -16.9282254], [-47.1745852, -16.9302754999999], [-47.1713263999999, -16.9336114], [-47.1692341999999, -16.9396278999999], [-47.1645551999999, -16.9366681999999], [-47.1579553, -16.9398522999999], [-47.1595022, -16.9433213999999], [-47.1665776999999, -16.9489495], [-47.1672751, -16.9526488999999], [-47.1534918999999, -16.953413], [-47.1535173, -16.9574641], [-47.1601742999999, -16.9600353], [-47.1590457999999, -16.9630068], [-47.1520209999999, -16.9653476], [-47.1443876, -16.9630553], [-47.1461500999999, -16.9675184999999], [-47.1429927999999, -16.9717391], [-47.1294758999999, -16.9751590999999], [-47.1274089999999, -16.9786518], [-47.1297168, -16.9858310999999], [-47.1325318, -16.9890083], [-47.1441212999999, -16.9909364], [-47.1515391999999, -16.9977393], [-47.1500682999999, -17.0005768], [-47.1471137999999, -16.9983819999999], [-47.1436141, -17.0002615], [-47.1399241999999, -16.9987821999999], [-47.1402158999999, -17.0065183999999], [-47.1443369, -17.0036689], [-47.1438297, -17.0106289999999], [-47.1380222, -17.0065183999999], [-47.1317963, -17.0070034999999], [-47.1319738, -17.0112473999999], [-47.1403427, -17.018583], [-47.1374263, -17.0203167999999], [-47.1424221999999, -17.0223902], [-47.1441847, -17.0267792], [-47.1483691999999, -17.0248877999999], [-47.1464925, -17.0283310999999], [-47.146632, -17.032326], [-47.1520527, -17.0335444], [-47.15521, -17.0271672], [-47.1568584999999, -17.0295313999999], [-47.1555524, -17.0332291999999], [-47.1577586999999, -17.0339202], [-47.1588492, -17.0296647], [-47.1620826, -17.0312165999999], [-47.163059, -17.0336293], [-47.1616134999999, -17.0381998999999], [-47.1632112, -17.0419582], [-47.1655188999999, -17.0421521], [-47.1659754, -17.0396062], [-47.1686763, -17.0401274999999], [-47.1680803, -17.0438009], [-47.1646312999999, -17.0455102], [-47.1662671, -17.047947], [-47.1780595, -17.0407701], [-47.1804433999999, -17.0353145], [-47.1836134, -17.0369148], [-47.1844756, -17.0401153999999], [-47.1814831, -17.0458738999999], [-47.1820537, -17.0532688], [-47.1749402, -17.0546871999999], [-47.180371, -17.062808], [-47.1832883, -17.0634631999999], [-47.187383, -17.0583329], [-47.1902896, -17.0617007999999], [-47.1958779, -17.0603816999999], [-47.1962581999999, -17.0666373999999], [-47.1944814999999, -17.0679327999999], [-47.1924877, -17.0667205999999], [-47.1918438, -17.0695684], [-47.1980943, -17.07226], [-47.2007015999999, -17.0703328], [-47.2055402999999, -17.0706815999999], [-47.2058733, -17.0681936], [-47.2078092, -17.067336], [-47.2103772999999, -17.0739255999999], [-47.2072324, -17.0783827], [-47.2076805999999, -17.0803551], [-47.2122950999999, -17.0803873999999], [-47.2174694999999, -17.0759517999999], [-47.2204805, -17.0775305], [-47.2244206, -17.0763044999999], [-47.2237861999999, -17.0825444999999], [-47.2287001, -17.0799726999999], [-47.2337317, -17.0823814999999], [-47.2307481999999, -17.08636], [-47.2271542, -17.0840019999999], [-47.2223175999999, -17.0855266999999], [-47.2243917, -17.0879806999999], [-47.2269049999999, -17.0873482], [-47.2297339, -17.0896511999999], [-47.2395491999999, -17.0836899], [-47.2435991999999, -17.0872702999999], [-47.2466778, -17.0820363999999], [-47.2481761999999, -17.0985565999999], [-47.2540655999999, -17.0989114999999], [-47.2543919, -17.0945596], [-47.2563971, -17.0939981], [-47.2593416999999, -17.1007587999999], [-47.2624466999999, -17.0978765999999], [-47.2646521999999, -17.0993391], [-47.2640132, -17.1059435], [-47.2669511, -17.1083692999999], [-47.2659335, -17.1136084999999], [-47.2732664, -17.1054005], [-47.2819575, -17.1148931999999], [-47.2807903999999, -17.1173254999999], [-47.2760431999999, -17.1160727], [-47.2751486, -17.117831], [-47.2759293999999, -17.123083], [-47.2797408, -17.1209843], [-47.2821721999999, -17.1227608], [-47.2809738999999, -17.1262378], [-47.2763489, -17.1274031], [-47.278182, -17.1301769], [-47.282093, -17.1279008999999], [-47.2834238, -17.1305781999999], [-47.2823794, -17.1353657], [-47.2838492, -17.1383592999999], [-47.2815720999999, -17.1421491999999], [-47.2827101, -17.1440995999999], [-47.2881201, -17.1434983999999], [-47.2958187999999, -17.1386229999999], [-47.2971259, -17.1420424999999], [-47.3041757999999, -17.1469288], [-47.3029794999999, -17.1544501], [-47.3073754, -17.1590128], [-47.3093957, -17.1587981], [-47.3088451, -17.1491139999999], [-47.3110417999999, -17.1463183], [-47.3187667, -17.1526641], [-47.3218755999999, -17.1519594], [-47.323682, -17.1556299], [-47.3265203, -17.1541597], [-47.3257078999999, -17.1489953], [-47.3276799999999, -17.1483358999999], [-47.3322914999999, -17.1540328], [-47.3294274, -17.1584763999999], [-47.3339048999999, -17.1652930999999], [-47.3393766999999, -17.1637923], [-47.341877, -17.165905], [-47.3519875, -17.1664994], [-47.3530441999999, -17.1698469999999], [-47.3484877, -17.1762229999999], [-47.351759, -17.1780563], [-47.3516595, -17.1819634999999], [-47.3401772999999, -17.1873871], [-47.3427877999999, -17.1895501999999], [-47.3517029, -17.1862394], [-47.3566761, -17.1886226], [-47.3618481, -17.1850817], [-47.3621752, -17.1876364999999], [-47.357296, -17.1945554], [-47.3502328, -17.1964985], [-47.3498948, -17.2023288999999], [-47.3514241, -17.2060083], [-47.3560742, -17.2026384], [-47.3608457999999, -17.2046197], [-47.3607934999999, -17.2097299], [-47.3641812, -17.2120064], [-47.3619085, -17.2201691999999], [-47.3626462999999, -17.2227085], [-47.3661276, -17.2217757], [-47.369481, -17.2177412], [-47.3759808, -17.2171551], [-47.3735637999999, -17.2200799999999], [-47.3743205, -17.222069], [-47.3786044, -17.2199742999999], [-47.3800156, -17.2238915999999], [-47.3853187999999, -17.2270492], [-47.3814601, -17.2345359999999], [-47.3790145999999, -17.2362775], [-47.3872585, -17.2391367999999], [-47.3869386, -17.2410593], [-47.3819329, -17.2433568], [-47.3842273, -17.2477828999999], [-47.387572, -17.2498143999999], [-47.3896233, -17.2451250999999], [-47.396066, -17.2427673], [-47.4078155999999, -17.2459560999999], [-47.4101451999999, -17.2475929], [-47.4110688, -17.2511385], [-47.4067246, -17.2554388999999], [-47.4076759, -17.2564379], [-47.4175696, -17.2576875], [-47.4229066999999, -17.2605644], [-47.4231265, -17.2621073999999], [-47.4181574, -17.2623968], [-47.4169348, -17.2647024], [-47.4178482, -17.2704628999999], [-47.4279554, -17.2715216999999], [-47.4344591999999, -17.2762185], [-47.4344867, -17.2807865], [-47.4327701, -17.2834877999999], [-47.4255497999999, -17.2836301999999], [-47.4218046999999, -17.2872106999999], [-47.4192040999999, -17.2954475], [-47.4212103999999, -17.3039145], [-47.4293711, -17.3080376], [-47.4217116, -17.3159684], [-47.4228661999999, -17.3230892999999], [-47.4241852, -17.3240291999999], [-47.4300383999999, -17.3218575999999], [-47.4332702999999, -17.3173050999999], [-47.4353771, -17.3170052999999], [-47.4378685, -17.3178781999999], [-47.4419313999999, -17.3230143], [-47.4457125, -17.3217731999999], [-47.450347, -17.3240529], [-47.4501536, -17.3282166], [-47.4548775, -17.3297388999999], [-47.4542931999999, -17.3319011], [-47.4499297999999, -17.3349514], [-47.4490661999999, -17.3381585999999], [-47.4444804999999, -17.3407592999999], [-47.4407901, -17.3477028], [-47.4470623, -17.3492696], [-47.4504138999999, -17.3451944], [-47.4600437, -17.3441505], [-47.4608244, -17.3484538], [-47.4565413999999, -17.3508237], [-47.4574638999999, -17.3531786999999], [-47.4640115999999, -17.3558477999999], [-47.4661811999999, -17.3552245], [-47.4732231999999, -17.3446997], [-47.4758864999999, -17.3450933999999], [-47.4789405999999, -17.3481975999999], [-47.4879548, -17.3495063], [-47.4908224, -17.3448258], [-47.4957482, -17.3456480999999], [-47.4984105999999, -17.3360036], [-47.5067779, -17.3318968999999], [-47.510368, -17.332489], [-47.5111221999999, -17.3308155], [-47.5090590999999, -17.3270788999999], [-47.5111347, -17.3262592], [-47.5137462, -17.3292868999999], [-47.5126493, -17.3353218999999], [-47.5087349999999, -17.339353], [-47.5048768, -17.3372462999999], [-47.5046897999999, -17.3396802], [-47.5091214, -17.3437379], [-47.5166009, -17.3461032], [-47.522329, -17.3537042999999], [-47.5206398, -17.357497], [-47.5146189, -17.3570668999999], [-47.5173425999999, -17.3673388], [-47.5145067, -17.3749523], [-47.5163828, -17.3770637], [-47.5205152, -17.3763094999999], [-47.5201661, -17.380646], [-47.5256697999999, -17.383348], [-47.5283810999999, -17.3825658], [-47.5290479999999, -17.3778303], [-47.5324947999999, -17.378731], [-47.5332677, -17.3801895], [-47.5287302, -17.3876799], [-47.5298645999999, -17.3896869], [-47.5398122999999, -17.3883966999999], [-47.5375185999999, -17.394078], [-47.5337289999999, -17.3946576], [-47.5340530999999, -17.4005258999999], [-47.5244918, -17.410162], [-47.5260125999999, -17.4148663], [-47.5290666999999, -17.4105390999999], [-47.5328625999999, -17.410377], [-47.536085, -17.4080832999999], [-47.5379735999999, -17.4084012], [-47.5378426999999, -17.4109131], [-47.5314602, -17.4139734], [-47.5283636, -17.4250026], [-47.5263305, -17.4257239999999], [-47.5242549, -17.4225359], [-47.5216245999999, -17.4258627], [-47.5283749, -17.4289588999999], [-47.5282938999999, -17.4388645], [-47.5298271999999, -17.4427694999999], [-47.5352435999999, -17.4425825], [-47.536166, -17.4464826999999], [-47.5409529, -17.4457207], [-47.5397935999999, -17.4499934], [-47.5413642999999, -17.4546104], [-47.5274965999999, -17.4605625999999], [-47.5219427, -17.4583853999999], [-47.5146389999999, -17.4609980999999], [-47.5130412999999, -17.4645057999999], [-47.5144361, -17.4706019], [-47.5123566, -17.4769396], [-47.5058644, -17.4793101999999], [-47.5030240999999, -17.4839061], [-47.5029479999999, -17.4902433], [-47.5083893, -17.4964486], [-47.5088517999999, -17.5012182999999], [-47.5047165999999, -17.5091932], [-47.4911741, -17.5187779], [-47.4852231, -17.5164052], [-47.4828548999999, -17.5109451], [-47.4772836, -17.5127848], [-47.4746967999999, -17.5206689], [-47.4700812999999, -17.5263760999999], [-47.4668859, -17.5340176999999], [-47.4605142, -17.5368106999999], [-47.4547257, -17.5417859999999], [-47.4501102, -17.5356621], [-47.449286, -17.5316177], [-47.4472001, -17.5319138999999], [-47.4359782999999, -17.5258924999999], [-47.4329794, -17.5262612999999], [-47.4314768, -17.5237402], [-47.414885, -17.5210013999999], [-47.4004487, -17.5118174999999], [-47.3924603, -17.5122648999999], [-47.3884533999999, -17.5141391999999], [-47.3851059, -17.5125188], [-47.3838125, -17.5159287999999], [-47.3744483, -17.5235951], [-47.3555043, -17.5236676], [-47.3494686, -17.5260737999999], [-47.3450179, -17.5260013], [-47.3338087, -17.5218901], [-47.3254145, -17.5238006], [-47.3146864, -17.5397816], [-47.3119826, -17.5495501], [-47.3066249, -17.5584603], [-47.2985707999999, -17.5626950999999], [-47.288674, -17.5707341999999], [-47.2870827, -17.5750436], [-47.2837034, -17.5772375999999], [-47.2791766, -17.584031], [-47.2757594, -17.5977437999999], [-47.2719744, -17.5997561999999], [-47.2648038, -17.6113892], [-47.2656534, -17.6149], [-47.2642395, -17.6191117999999], [-47.2688931, -17.6362841], [-47.2710676999999, -17.6353597], [-47.2712198999999, -17.6370876999999], [-47.2749605, -17.6385195999999], [-47.2795444, -17.6434255999999], [-47.2807996999999, -17.6476307], [-47.2808504, -17.6537931], [-47.2785236, -17.6549712], [-47.2804763999999, -17.6562337999999], [-47.2803241999999, -17.6586804999999], [-47.2766976999999, -17.6584448999999], [-47.2750176, -17.6612117999999], [-47.2762412, -17.6621481999999], [-47.2737812999999, -17.6622025999999], [-47.2713656999999, -17.6658634999999], [-47.2701041, -17.6744717999999], [-47.2742378, -17.6744778], [-47.27316, -17.6758369999999], [-47.2757023, -17.6756558], [-47.2786758, -17.6795399], [-47.2801593999999, -17.6782894999999], [-47.2807807, -17.6811044], [-47.2826509999999, -17.6796667999999], [-47.2826573, -17.6816661999999], [-47.2846608, -17.6814669], [-47.2860302, -17.6838528], [-47.2889896, -17.6829739], [-47.2897531, -17.6843802], [-47.2900412, -17.6823285999999], [-47.2915707999999, -17.6820657], [-47.2940803, -17.6844078999999], [-47.2955479, -17.6821929999999], [-47.2971156, -17.6840255], [-47.2983823, -17.6832846], [-47.2988602999999, -17.6866067], [-47.3021585, -17.6890683999999], [-47.299888, -17.6911618999999], [-47.3012303, -17.6903551999999], [-47.3024589, -17.6922949], [-47.3033535, -17.6893552], [-47.3137022, -17.6989629999999], [-47.314228, -17.7073758999999], [-47.3122681999999, -17.7074714999999], [-47.3129857, -17.7091852999999], [-47.3114078, -17.7103633999999], [-47.3129135, -17.7111520999999], [-47.3153513, -17.7209033], [-47.3178571999999, -17.7221390999999], [-47.3169505, -17.7252432], [-47.3226501999999, -17.7273448], [-47.3232867999999, -17.7306783999999], [-47.3252937, -17.7291488], [-47.3253893, -17.7323036], [-47.3269667, -17.7309412999999], [-47.3311492, -17.7327816], [-47.3307429, -17.7344307], [-47.3323682, -17.7336898], [-47.3326746, -17.7373847], [-47.3345909, -17.7371075], [-47.3347821, -17.7385176], [-47.3372014, -17.7368853999999], [-47.3364434, -17.7395691999999], [-47.3394903999999, -17.7399993999999], [-47.3416981999999, -17.7438453999999], [-47.3406854, -17.7489618999999], [-47.342215, -17.7515192], [-47.33863, -17.7504915], [-47.3395444, -17.7543211999999], [-47.3347582, -17.754674], [-47.334328, -17.7562991999999], [-47.3369092, -17.7576137], [-47.3357142, -17.7625609999999], [-47.3317946, -17.7655485], [-47.3329179, -17.7683926999999], [-47.3358802, -17.7678688], [-47.3358815, -17.7696354999999], [-47.3367509, -17.7678533], [-47.3372916, -17.7704719999999], [-47.3434377, -17.7741642], [-47.339347, -17.7756105], [-47.3404702999999, -17.7779765999999], [-47.3442704, -17.7781199999999], [-47.3471145, -17.7807012], [-47.3473296, -17.7831389999999], [-47.3505322, -17.7827088], [-47.3483520999999, -17.7857369999999], [-47.3543323, -17.7860547999999], [-47.3540932999999, -17.7935833], [-47.3506997, -17.793629], [-47.3504207999999, -17.7953982], [-47.3488353, -17.7943003], [-47.3467082, -17.7964512999999], [-47.3489547999999, -17.7985067], [-47.351058, -17.7973355999999], [-47.3522773, -17.8041706], [-47.3550493, -17.8031432999999], [-47.3578216999999, -17.8054855], [-47.3542606, -17.8056288999999], [-47.3546191, -17.8084969], [-47.3507951, -17.8083535], [-47.3507473, -17.8139461], [-47.3568418, -17.8148303999999], [-47.3568657, -17.8161688], [-47.3590406, -17.8146153], [-47.3600683, -17.8148303999999], [-47.3591122999999, -17.8162644], [-47.3621476, -17.8154757], [-47.3631275, -17.8237450999999], [-47.3679314, -17.8254898], [-47.3669753999999, -17.8266609999999], [-47.3687679, -17.8275452999999], [-47.3709666999999, -17.8269716999999], [-47.3726157999999, -17.8297919], [-47.365876, -17.8345479999999], [-47.3645854, -17.8384197999999], [-47.3662823, -17.8385870999999], [-47.3667603, -17.8404035], [-47.3648057, -17.8407665], [-47.3644897999999, -17.8453269], [-47.359901, -17.8499156999999], [-47.3604984999999, -17.8538831], [-47.3570091, -17.8546001], [-47.3575827, -17.8575159], [-47.3549781999999, -17.8598509999999], [-47.3565072, -17.8600731999999], [-47.3581938, -17.865764], [-47.3566744999999, -17.8663349999999], [-47.3563637999999, -17.8647098], [-47.3542313, -17.8658876], [-47.3541554999999, -17.8691693], [-47.352606, -17.8698663], [-47.3545341, -17.8713678], [-47.3529938999999, -17.87231], [-47.3554278999999, -17.8725580999999], [-47.3559097, -17.8766598], [-47.3546908, -17.8768987999999], [-47.3585386999999, -17.8793605], [-47.3576345, -17.8832533], [-47.3590884, -17.8845946], [-47.3579173049999, -17.8851203949999], [-47.357845595, -17.8897570899999], [-47.35660279, -17.8892552049999], [-47.355598995, -17.89097599], [-47.356970995, -17.8912218999999], [-47.356698405, -17.8965446999999], [-47.3554316999999, -17.8954452899999], [-47.352539795, -17.8981937999999], [-47.349839085, -17.895015115], [-47.34804659, -17.8976679849999], [-47.3466842999999, -17.89661641], [-47.3428603049999, -17.8986240049999], [-47.341689185, -17.900034105], [-47.34329051, -17.900870605], [-47.3434339, -17.90414491], [-47.341354595, -17.9044555949999], [-47.3435772949999, -17.905674495], [-47.3421193899999, -17.9061764049999], [-47.344485505, -17.908590305], [-47.3378651949999, -17.9124381999999], [-47.3414024049999, -17.914780385], [-47.3399684, -17.91645339], [-47.343386095, -17.9173137999999], [-47.3410439099999, -17.91846099], [-47.3411634, -17.9205641949999], [-47.3427885949999, -17.9214006999999], [-47.34355339, -17.9195364949999], [-47.3446289, -17.9230259], [-47.3426930099999, -17.9236233999999], [-47.3428125, -17.9258460949999], [-47.340470285, -17.924005795], [-47.33839101, -17.9259656099999], [-47.33901241, -17.928833615], [-47.3415697, -17.9292637899999], [-47.3394426149999, -17.93002861], [-47.3412828849999, -17.9348563999999], [-47.3391797049999, -17.9349281099999], [-47.3409243949999, -17.9366967], [-47.33841491, -17.9354778049999], [-47.33721989, -17.937748305], [-47.3365268049999, -17.9348325], [-47.3357142049999, -17.937748305], [-47.3336827049999, -17.9387282], [-47.335044995, -17.941405005], [-47.332846205, -17.94353209], [-47.3343041049999, -17.94372329], [-47.3350928049999, -17.94738009], [-47.33289401, -17.948216595], [-47.333539285, -17.950654395], [-47.329515505, -17.95109931], [-47.3293806, -17.95402431], [-47.325150305, -17.95349849], [-47.3240747949999, -17.9561992], [-47.3226886049999, -17.9555778], [-47.3225690849999, -17.9593301099999], [-47.317574, -17.958278505], [-47.3181236899999, -17.95980809], [-47.3129613099999, -17.961887395], [-47.314753805, -17.967575595], [-47.311278495, -17.969483295], [-47.31343929, -17.971256195], [-47.31298521, -17.9758450099999], [-47.31606829, -17.9772073], [-47.316737495, -17.9798362999999], [-47.321350185, -17.9792148999999], [-47.322342695, -17.9809737049999], [-47.321264905, -17.9819627099999], [-47.3230083999999, -17.9831566949999], [-47.3224251999999, -17.9852914099999], [-47.319965215, -17.9848330999999], [-47.3207513899999, -17.9884211], [-47.3183105049999, -17.9884995049999], [-47.3202568999999, -17.99068841], [-47.3182915049999, -17.990610005], [-47.3197749999999, -17.9920511949999], [-47.3187288999999, -17.992774805], [-47.3197115949999, -17.9958379999999], [-47.315628585, -17.994686295], [-47.3134222899999, -17.996428905], [-47.3141958049999, -17.9984247949999], [-47.315907615, -17.99676661], [-47.317219995, -17.9976468949999], [-47.314829795, -18.000318095], [-47.313282795, -17.9996427899999], [-47.31418309, -18.00093921], [-47.3126551899999, -18.001204505], [-47.311824605, -18.006287395], [-47.3069428049999, -18.00801189], [-47.3072471049999, -18.005768895], [-47.30550361, -18.0078731949999], [-47.3037474, -18.006974795], [-47.3002921, -18.0084641], [-47.2998482949999, -18.0099653999999], [-47.2969889899999, -18.0091092], [-47.297939995, -18.010887915], [-47.2954927, -18.0126123049999], [-47.296881205, -18.014023105], [-47.2954927, -18.0149998049999], [-47.296240805, -18.016676005], [-47.29442119, -18.016893], [-47.297927305, -18.021553495], [-47.296139405, -18.02207799], [-47.296171095, -18.0249598], [-47.2977815, -18.025647095], [-47.29592381, -18.027039805], [-47.300729595, -18.027178395], [-47.2994996149999, -18.02919811], [-47.293279995, -18.029945595], [-47.2913177899999, -18.038042005], [-47.28760249, -18.0405196949999], [-47.2868544099999, -18.043467505], [-47.283399113, -18.0407728929999], [-47.28306939, -18.0442692], [-47.28557368, -18.04912791], [-47.2834118, -18.0527929199999], [-47.2838682949999, -18.0583928149999], [-47.290122895, -18.0605608], [-47.2934252049999, -18.0639629999999], [-47.3012661, -18.06207261], [-47.3058766149999, -18.06308819], [-47.30278671, -18.06985501], [-47.3042877999999, -18.0745977], [-47.311751595, -18.0683139], [-47.3214485, -18.0688667049999], [-47.3331231, -18.07499689], [-47.3396741949999, -18.0809973099999], [-47.3430898899999, -18.08080289], [-47.34651659, -18.088198405], [-47.34971311, -18.0880448149999], [-47.352092305, -18.08507149], [-47.35763179, -18.08523331], [-47.361603095, -18.0966749], [-47.358073595, -18.0973489899999], [-47.35600571, -18.09519481], [-47.354130605, -18.09550451], [-47.35398049, -18.1007256], [-47.3558386999999, -18.1051383949999], [-47.36055261, -18.105121605], [-47.36699701, -18.108973705], [-47.37003981, -18.116014595], [-47.381934805, -18.117034095], [-47.38561351, -18.1184989], [-47.3872285099999, -18.121117205], [-47.391889395, -18.11687251], [-47.3947687899999, -18.1168939949999], [-47.3945359149999, -18.12034769], [-47.396563, -18.12238731], [-47.3957258999999, -18.1269860149999], [-47.3992454099999, -18.1270186099999], [-47.4074692, -18.1318482949999], [-47.40506719, -18.1360460949999], [-47.39778151, -18.1369782149999], [-47.39587539, -18.140901995], [-47.408067, -18.1419159], [-47.4119378999999, -18.1482336999999], [-47.41469129, -18.1434197049999], [-47.41846421, -18.1407723099999], [-47.42864029, -18.1399176099999], [-47.4297179, -18.14120399], [-47.42888241, -18.1458600999999], [-47.4352050099999, -18.15046389], [-47.4333794, -18.1572546149999], [-47.427365305, -18.16052331], [-47.43021641, -18.165687195], [-47.4332232899999, -18.1676374099999], [-47.437550105, -18.1674295999999], [-47.4428943949999, -18.1605750099999], [-47.4467351, -18.158499805], [-47.4500802049999, -18.1588968099999], [-47.4593321099999, -18.1683945999999], [-47.462987305, -18.17669111], [-47.4666238849999, -18.1766545949999], [-47.47272041, -18.1808031099999], [-47.480605795, -18.178320695], [-47.4873143, -18.1858012], [-47.4875261, -18.1893904], [-47.4845132, -18.193505], [-47.4925046, -18.1930131], [-47.4969651, -18.1990170999999], [-47.4996014, -18.1975189], [-47.5011079, -18.1930019], [-47.5032499, -18.192577], [-47.513089, -18.1959312999999], [-47.5176554999999, -18.199442], [-47.5163373, -18.2086768999999], [-47.5174671999999, -18.2111588], [-47.5295189, -18.2175535], [-47.5303663, -18.2214438999999], [-47.5275887999999, -18.2269439], [-47.5324376999999, -18.2313258999999], [-47.5367687999999, -18.2308341], [-47.5389814, -18.2250658999999], [-47.5393581, -18.2150381], [-47.5358626, -18.2102308999999], [-47.5380517, -18.2042943], [-47.5351211, -18.1972170999999], [-47.536863, -18.1949696999999], [-47.5401466, -18.1935162], [-47.5446659999999, -18.195417], [-47.5504682, -18.1993525], [-47.552928, -18.2050098], [-47.5565647, -18.2063401999999], [-47.5586360999999, -18.2091351999999], [-47.5618608999999, -18.2093364999999], [-47.5654623, -18.203657], [-47.5682752, -18.2037129], [-47.5691932, -18.2057700999999], [-47.5674513, -18.2111363999999], [-47.5706446999999, -18.2208957], [-47.5749349, -18.2216303], [-47.5772669, -18.2265861999999], [-47.5811955, -18.2240576999999], [-47.5882303, -18.2264317999999], [-47.5845113999999, -18.2312772999999], [-47.5809002999999, -18.2331000999999], [-47.5807614, -18.2355305999999], [-47.5911778999999, -18.2359473], [-47.5957784999999, -18.2405479], [-47.6066984999999, -18.244402], [-47.6070005, -18.2462040999999], [-47.6022245999999, -18.251454], [-47.6011308999999, -18.2557194999999], [-47.6073287, -18.2639589999999], [-47.6140258999999, -18.2620559], [-47.6147915, -18.2592850999999], [-47.6116196999999, -18.2510455999999], [-47.6147551, -18.2479102999999], [-47.6171613, -18.2484206999999], [-47.6249632, -18.2605245999999], [-47.6199321, -18.2654828999999], [-47.6181821, -18.2702952999999], [-47.6299063, -18.2772510999999], [-47.6342101, -18.2840191999999], [-47.63877, -18.2876780999999], [-47.6327674999999, -18.2916200999999], [-47.6273194, -18.3031387999999], [-47.6106129, -18.3133359999999], [-47.610582, -18.3164806999999], [-47.6242640999999, -18.3226359], [-47.625637, -18.3305733999999], [-47.6461849, -18.3402287], [-47.6481547, -18.3406985], [-47.6493247, -18.3382721999999], [-47.6489334, -18.3349517999999], [-47.6464326, -18.3322375], [-47.6469367999999, -18.3303106], [-47.6531854999999, -18.3262463], [-47.6575736, -18.3278038], [-47.6624567, -18.3350847], [-47.6707087, -18.3574747], [-47.6828219999999, -18.3550182999999], [-47.6864603, -18.357457], [-47.6871775, -18.3650157], [-47.6940403999999, -18.3749680999999], [-47.7000925999999, -18.3789922], [-47.7103749999999, -18.3796541999999], [-47.7125778, -18.3768846], [-47.7168546, -18.3620882], [-47.724995, -18.3639107], [-47.7369631, -18.3626022999999], [-47.7405709, -18.3638397999999], [-47.7394118, -18.3685025999999], [-47.7332924999999, -18.3758989999999], [-47.7362098, -18.3789267], [-47.7399943999999, -18.3762075], [-47.742603, -18.3765193999999], [-47.7484810999999, -18.3865886999999], [-47.7546594999999, -18.3916712999999], [-47.7571249, -18.3965514999999], [-47.7564308999999, -18.3992713], [-47.7475977, -18.4057783], [-47.7478761, -18.4116066999999], [-47.7494887, -18.4125514999999], [-47.7591257, -18.4102761], [-47.761917, -18.4136672999999], [-47.7752935, -18.4204978999999], [-47.7790168, -18.4241350999999], [-47.7835698, -18.4226288999999], [-47.7892135, -18.4176583999999], [-47.7984968, -18.4163091999999], [-47.8007377, -18.411955], [-47.7975468, -18.4069092999999], [-47.8019887999999, -18.4034376999999], [-47.810572, -18.4001153999999], [-47.8153243, -18.4062574], [-47.829735, -18.4113034], [-47.8311821, -18.4140542], [-47.8307722, -18.4251945], [-47.8370414, -18.4358278], [-47.8308501, -18.4434889999999], [-47.8319384, -18.4497830999999], [-47.8387926999999, -18.4517602], [-47.8494612, -18.4413195], [-47.8579639, -18.4390126], [-47.8604536, -18.4401908], [-47.8648808, -18.4471788], [-47.8645761, -18.4522969], [-47.8660692999999, -18.4542289999999], [-47.8713263, -18.4550303999999], [-47.8736529, -18.4591503], [-47.8718552999999, -18.4612157999999], [-47.8662669, -18.4619713], [-47.8633227999999, -18.4648352], [-47.8632433, -18.4697437], [-47.8681824, -18.4743984999999], [-47.8754876, -18.4756705999999], [-47.8808773, -18.4701312999999], [-47.8855776999999, -18.4685115], [-47.8879120999999, -18.4772192], [-47.8901867, -18.4768983], [-47.914274, -18.4665778], [-47.9254372, -18.471236], [-47.9266438, -18.4729348], [-47.9263286999999, -18.480941], [-47.9295493, -18.4878431999999], [-47.9405500999999, -18.488104], [-47.9526549999999, -18.4938397999999], [-47.9528251999999, -18.4973727999999], [-47.954937, -18.5002802999999], [-47.9588466, -18.4994116], [-47.9621978, -18.4960713999999], [-47.9626077, -18.4827151], [-47.9649597, -18.4773569999999], [-47.9690851, -18.4747454], [-47.9763821, -18.4777827], [-47.9792121, -18.4759635999999], [-47.9773531, -18.4701329], [-47.979906, -18.4626914], [-47.9760510999999, -18.4526134999999], [-47.9809102999999, -18.4428612], [-47.9966664, -18.4535261999999], [-48.0088297999999, -18.4529289], [-48.0122094, -18.4504360999999], [-48.014151, -18.4434130999999], [-48.0228278, -18.4374927], [-48.0308575999999, -18.4345445], [-48.0380723, -18.4347122999999], [-48.0416557, -18.4260593999999], [-48.0474563, -18.4176461], [-48.0574753999999, -18.4129242], [-48.0629643999999, -18.4142184999999], [-48.0681178, -18.4267065], [-48.0760756, -18.4296548], [-48.0941245, -18.4309731], [-48.1041451999999, -18.4263407], [-48.1107876, -18.428594], [-48.1166186999999, -18.4257296], [-48.1264471, -18.4165915], [-48.1465332999999, -18.4095445], [-48.1507984, -18.3944832999999], [-48.155402, -18.3908964], [-48.1588536, -18.3854314], [-48.1593809, -18.3755080999999], [-48.1618262, -18.3718853], [-48.1649418, -18.3715291999999], [-48.1718218, -18.3748484], [-48.1856170999999, -18.3702719999999], [-48.1972066, -18.3631718999999], [-48.2044089, -18.3639901999999], [-48.2098359999999, -18.3616555999999], [-48.2214762999999, -18.3619684999999], [-48.2279938, -18.3570824], [-48.2260917999999, -18.3475023999999], [-48.2279685, -18.344975], [-48.2567774999999, -18.342977], [-48.2598968, -18.3407624], [-48.2595163999999, -18.3358999], [-48.2620525, -18.3316629999999], [-48.2704974, -18.3294483], [-48.2750114999999, -18.3291113], [-48.2806414, -18.3331074], [-48.2823405, -18.3397032999999], [-48.287235, -18.3472136], [-48.2962125, -18.354868], [-48.3162723999999, -18.3643752999999], [-48.318073, -18.3670951], [-48.3153086999999, -18.3765536], [-48.3065594999999, -18.3799711], [-48.3046067, -18.3824739999999], [-48.3075992, -18.3863726], [-48.3105409999999, -18.3867094999999], [-48.3273801, -18.3807892999999], [-48.3418354, -18.3707775], [-48.3526388, -18.3676968], [-48.4000129, -18.3728088999999], [-48.4041889, -18.370978], [-48.4042739, -18.3625733], [-48.4084976, -18.3580042999999], [-48.4111715999999, -18.3576201], [-48.4204860999999, -18.3632248], [-48.4365739, -18.3653059], [-48.4395284, -18.3635396], [-48.4420499, -18.3566185999999], [-48.4456609, -18.3553014], [-48.4494174, -18.3571474999999], [-48.4546966, -18.3631195999999], [-48.4695313, -18.3707355], [-48.4748395, -18.3783804999999], [-48.4812352, -18.3801387], [-48.484114, -18.3785746], [-48.4869133999999, -18.3719505], [-48.4865756999999, -18.3688804], [-48.4814221999999, -18.3606497], [-48.4823891999999, -18.3562679999999], [-48.4848064999999, -18.3536319999999], [-48.4877028999999, -18.3520611], [-48.4927767999999, -18.352975], [-48.5092468, -18.3640637], [-48.5156492, -18.3664158999999], [-48.5203107999999, -18.3643711999999], [-48.525708, -18.3580726], [-48.5262169, -18.3539807], [-48.5311115, -18.3510745], [-48.5384701999999, -18.349659], [-48.5472447, -18.3517672999999], [-48.5545425999999, -18.3469494], [-48.5537467999999, -18.3313957999999], [-48.5572007, -18.3265304], [-48.5614146999999, -18.3238865], [-48.5735478999999, -18.3278718999999], [-48.5823659, -18.3272294999999], [-48.5911834, -18.3341927], [-48.5972725, -18.3348111], [-48.6023527999999, -18.3348220999999], [-48.6236691999999, -18.3281261], [-48.6338249, -18.3276483999999], [-48.6415519, -18.3334259], [-48.6410906999999, -18.3402624999999], [-48.6471696999999, -18.3438906], [-48.6561108, -18.3424019999999], [-48.6705798, -18.3459440999999], [-48.6776219, -18.3437749999999], [-48.6977469999999, -18.3501663], [-48.7084611999999, -18.3476411], [-48.7151699, -18.3478023], [-48.7369461, -18.3540819], [-48.7422953, -18.3524983999999], [-48.7557454, -18.3443809], [-48.7577234, -18.3447611], [-48.7714137999999, -18.3582423], [-48.7871685, -18.3532013999999], [-48.79828, -18.3585558999999], [-48.8061094, -18.3648550999999], [-48.8110035999999, -18.3761820999999], [-48.8163615999999, -18.3796611999999], [-48.8280248999999, -18.3752488], [-48.8320838, -18.3461351999999], [-48.8371347, -18.3414807999999], [-48.8516976999999, -18.3393518], [-48.8727514999999, -18.3328468], [-48.878001, -18.3271157], [-48.8791754, -18.321986], [-48.8828932, -18.3188514], [-48.8882793999999, -18.3170959], [-48.9071142, -18.3163458999999], [-48.9093935, -18.3151005999999], [-48.9140798, -18.3075608999999], [-48.9177447, -18.3058794], [-48.9331716, -18.3054539999999], [-48.9367738, -18.3062075999999], [-48.9432272999999, -18.3117647], [-48.9546142999999, -18.3178103], [-48.9595022, -18.3234788999999], [-48.9683383999999, -18.3278453999999], [-48.9711389, -18.3304868], [-48.9724184, -18.3366260999999], [-48.9766438999999, -18.3417322999999], [-48.9841954, -18.3414124999999], [-48.9815012, -18.3563741999999], [-48.9906212999999, -18.3585563], [-48.9959967, -18.3709403], [-49.0059641999999, -18.374359], [-49.0174143, -18.3719649], [-49.0237486999999, -18.3679218999999], [-49.0296362, -18.36882], [-49.0362737, -18.37222], [-49.0420008999999, -18.3765076999999], [-49.0448087, -18.3892946999999], [-49.0487004999999, -18.3974989], [-49.0574409, -18.4062656999999], [-49.0717354, -18.4125754], [-49.0770398999999, -18.4167803999999], [-49.0790512, -18.4166711], [-49.0819585, -18.4132637], [-49.0912602999999, -18.4135539], [-49.0955597, -18.4098253], [-49.0950346, -18.4072418], [-49.096896, -18.4037054], [-49.1080128999999, -18.4037071], [-49.1128545999999, -18.3996931999999], [-49.1142940999999, -18.3966735999999], [-49.1084657, -18.3901781], [-49.108255, -18.3868775999999], [-49.1187331, -18.3867562], [-49.1263129, -18.3843143], [-49.1325519, -18.3879661], [-49.1407679, -18.3964278], [-49.1548475, -18.4048895999999], [-49.1587873, -18.4158555999999], [-49.1614615999999, -18.4182147999999], [-49.1735791999999, -18.4161222999999], [-49.1867276999999, -18.4193943999999], [-49.2033886, -18.4144373999999], [-49.2100988, -18.4147814999999], [-49.2120389999999, -18.4169001999999], [-49.2123362, -18.4218319], [-49.2025283, -18.4292341999999], [-49.1940976, -18.4412781], [-49.1921523999999, -18.4465385999999], [-49.1925855, -18.4497216], [-49.1977532999999, -18.4578372], [-49.2013507, -18.4611518999999], [-49.2161164, -18.4665798999999], [-49.2293182, -18.4803785999999], [-49.238728, -18.4989173], [-49.2450069, -18.5067854], [-49.246482, -18.5188497], [-49.24997, -18.5235054999999], [-49.2540865, -18.5259333], [-49.2725535, -18.5276365999999], [-49.2856353, -18.536312], [-49.2890778999999, -18.5429217999999], [-49.2907304, -18.5588953999999], [-49.2934845, -18.564679], [-49.3015199, -18.5664732999999], [-49.3208738, -18.560779], [-49.3274972999999, -18.5622003], [-49.3438841, -18.5978656], [-49.3752805, -18.6380751], [-49.3803756, -18.6435832], [-49.3850575, -18.6460618999999], [-49.4011687999999, -18.6467504], [-49.414113, -18.6387635999999], [-49.4196211999999, -18.6316029999999], [-49.4256801, -18.6152162999999], [-49.4435816, -18.5967638999999], [-49.455975, -18.5778984999999], [-49.4817255999999, -18.5605477999999], [-49.4854477, -18.5518043], [-49.4863460999999, -18.5418673999999], [-49.4862851, -18.5064576], [-49.490598, -18.501297], [-49.4917442999999, -18.4957347], [-49.499833, -18.4910227999999], [-49.5044672999999, -18.4928598999999], [-49.5100191999999, -18.4912386999999], [-49.5191986, -18.4927422], [-49.5353064, -18.4918071], [-49.5429078, -18.4964222999999], [-49.5464671999999, -18.5011279], [-49.5470402999999, -18.5058336], [-49.5426060999999, -18.5205839999999], [-49.5422743, -18.5310208], [-49.5444763, -18.5359979999999], [-49.5510750999999, -18.5433035999999], [-49.5570987, -18.546576], [-49.5752534, -18.5423261999999], [-49.5918728999999, -18.5463821], [-49.6082092999999, -18.5470141], [-49.6420083, -18.5552430999999], [-49.6517059999999, -18.561116], [-49.6539258999999, -18.5673648], [-49.6526051, -18.5735898999999], [-49.6355382, -18.5900195999999], [-49.6360672, -18.5959915], [-49.6397145, -18.600139], [-49.6478625999999, -18.6018142], [-49.6568549, -18.5980597999999], [-49.6669644999999, -18.5906591], [-49.6820544, -18.5888474999999], [-49.6937323999999, -18.5906409999999], [-49.7055844, -18.5954043999999], [-49.7328262999999, -18.6160229999999], [-49.7430577, -18.6160854999999], [-49.7577031, -18.6097093999999], [-49.7685296999999, -18.6109863999999], [-49.7721991999999, -18.6132646], [-49.7745413, -18.6191262], [-49.7748956, -18.6264533], [-49.7784824, -18.6340817], [-49.7848195999999, -18.6422476999999], [-49.7984256999999, -18.6439217999999], [-49.8197929, -18.6325772], [-49.8361535, -18.6366896], [-49.8527918, -18.6231644], [-49.8647529, -18.6239166], [-49.8680967, -18.6224779], [-49.870211, -18.6143407], [-49.8740936, -18.6112684], [-49.8800955999999, -18.6095602999999], [-49.8893049, -18.6099351], [-49.896407, -18.6170301], [-49.9043715999999, -18.6213046], [-49.9134036999999, -18.6201589], [-49.9316514999999, -18.6239931], [-49.9738163, -18.6143197], [-49.9814547, -18.6046454], [-49.9981595, -18.6036946999999], [-50.0139023, -18.5994805], [-50.028763, -18.6014663999999], [-50.0400976999999, -18.6138344999999], [-50.0502051, -18.6435418], [-50.0534347999999, -18.6470667], [-50.0683789, -18.6562352999999], [-50.0800431, -18.6722437999999], [-50.1038733999999, -18.6694626999999], [-50.1248775999999, -18.6692643], [-50.1492522, -18.664913], [-50.1642879999999, -18.6643524999999], [-50.1800476999999, -18.6684607], [-50.1988769, -18.6790799], [-50.2076302999999, -18.6785631], [-50.225159, -18.6816312999999], [-50.2502633999999, -18.6778911], [-50.2574316, -18.6795157], [-50.2763082, -18.6868451], [-50.2960988999999, -18.6912397999999], [-50.31449, -18.7007498], [-50.3320133, -18.7248106], [-50.3452976, -18.7509183999999], [-50.3523236, -18.7602977999999], [-50.3613166, -18.7797136999999], [-50.3656855999999, -18.7944115], [-50.3702646, -18.8043934], [-50.3755955999999, -18.8114980999999], [-50.3862367, -18.8197309999999], [-50.3942678999999, -18.8227284], [-50.4113187999999, -18.824941], [-50.4187214, -18.8276294999999], [-50.4234926999999, -18.8326532], [-50.4355985, -18.8767983], [-50.4434358, -18.8941156], [-50.4610231, -18.9136472], [-50.468216, -18.9191610999999], [-50.4933766999999, -18.9287219], [-50.5015716, -18.9301103999999], [-50.5056842, -18.9322003], [-50.510553, -18.9386605], [-50.5118782, -18.9519649], [-50.5006273, -18.9762626999999], [-50.500051, -18.9811609], [-50.5015741999999, -18.9853112], [-50.5011837, -18.995942], [-50.5040182, -19.0044821999999], [-50.5027681, -19.0078422999999], [-50.4950762, -19.0128685], [-50.4992622999999, -19.0344231], [-50.5049145999999, -19.0507550999999], [-50.5351625, -19.0988871], [-50.5488948999999, -19.1117070999999], [-50.5730293, -19.1223828], [-50.5784583999999, -19.1333322999999], [-50.5877654999999, -19.1399476], [-50.5943808, -19.1393545], [-50.6036422, -19.135659], [-50.6369468, -19.1341990999999], [-50.6567471, -19.1336972999999], [-50.6759542999999, -19.1370734], [-50.6776879, -19.1398106999999], [-50.671757, -19.1627133], [-50.6758629999999, -19.1711991999999], [-50.6838926, -19.1760808], [-50.6983094, -19.1763089], [-50.7341529, -19.187695], [-50.7399174, -19.1937368], [-50.7408298, -19.1969303999999], [-50.7400542, -19.2114384], [-50.7439322, -19.2344778999999], [-50.7465326999999, -19.239907], [-50.7640062, -19.2505371], [-50.770439, -19.2609848], [-50.7826659, -19.2608478999999], [-50.7859506999999, -19.2626271999999], [-50.7989532, -19.2770439999999], [-50.8134613, -19.2860315999999], [-50.8188904, -19.2917345], [-50.8359988999999, -19.3272746], [-50.8415856999999, -19.3508004], [-50.8530373, -19.3777216999999], [-50.8606325, -19.3920856999999], [-50.8714818999999, -19.4038517999999], [-50.8759721, -19.4150347], [-50.8753571, -19.4228408], [-50.8685839999999, -19.4339229], [-50.8598451999999, -19.4421644], [-50.8387999, -19.4575993999999], [-50.8263583999999, -19.4713144999999], [-50.8249666999999, -19.4835682999999], [-50.8304512999999, -19.4922756], [-50.8355094, -19.4961041999999], [-50.8439668, -19.4983637], [-50.8493869, -19.4981367], [-50.889467, -19.4808962999999], [-50.9057258, -19.4780569], [-50.9188348, -19.4715836999999], [-50.9343325999999, -19.4680997], [-50.9378311999999, -19.4574694999999], [-50.9408855, -19.4537338], [-50.9467218, -19.4529026], [-50.9521315, -19.4426334999999], [-50.9682928, -19.4351854], [-50.9809102, -19.4334757], [-50.9853022, -19.4313827999999], [-50.9869467, -19.4121607], [-50.9886228, -19.407934], [-50.9955459, -19.4089177999999], [-51.0014487, -19.4153307], [-51.0047643999999, -19.4129622999999], [-51.0045094, -19.4014117], [-51.0189384, -19.4010838], [-51.0263351, -19.3979502], [-51.0257521, -19.3941972], [-51.0204687999999, -19.3866183], [-51.0205051999999, -19.3822822999999], [-51.0263351, -19.3762338], [-51.029906, -19.3669788], [-51.0412378999999, -19.3582339], [-51.0448451, -19.3444241999999], [-51.0507843999999, -19.3368818], [-51.0581447, -19.330396], [-51.0652499, -19.3305781999999], [-51.0712255, -19.324311], [-51.086857, -19.3139993], [-51.0880594, -19.3080237], [-51.0977880999999, -19.3057646]]]}}