longitude,latitude,rough_climate_r4750,rough_terrain_soil_r4750
-48.60896291781246,-13.379283262855123,0.019620814251375598,1.1438114730478783
-46.92686754829865,-14.935614492592196,0.03610319191919286,1.385697274040594
-48.260865745216144,-14.749214071137395,0.027234131721569407,1.539375541234653
-48.13510160543941,-15.663249872729008,0.017342037368030094,0.9155190701222214
-48.144084758280606,-16.307791089084763,0.015802372927137837,1.0491966291285555
-49.316386204056585,-16.332494759398053,0.023257070463767526,0.964225156816659
-47.683698175169354,-16.395376829286416,0.01676186074379974,0.8860328943721546
-48.283323627319135,-13.790262505339806,0.013390742009714112,1.321577257820261
-47.6050955878089,-16.152831702574147,0.017560230990156786,0.818367007199805
-50.36292351005583,-13.100805524778073,0.011323106324029691,0.5784964984149482
-47.9734048542979,-17.900054930186617,0.01557770075675184,1.0248759957801474
-49.13447735902238,-18.24815210278293,0.01815201850379346,1.0622257644830413
-52.06298518525202,-16.440292593492394,0.013747802736092772,1.1649179998158654
-48.66510762306993,-13.269239640550483,0.019217723961389925,1.0225102359793607
-48.77290545716427,-15.946219187226657,0.019910886953688124,0.9125273517696048
-51.638531213505544,-15.2994321826606,0.014895362880002901,0.6561080220160868
-48.61794607065365,-17.98539488217797,0.01895645891244855,0.9269153742138029
-50.34046562795284,-16.979281763964106,0.016633849441035096,0.6704178979205988
-52.51438861552208,-16.491945722329266,0.024462264180508165,0.807511241569319
-49.14346051186357,-16.375164735393728,0.023092294375683185,0.905168954349944
-49.16367260575626,-14.201241747824486,0.016648607022597236,0.9568002548352208
-50.63690967171228,-15.418458957806438,0.01935328294159851,0.6562415254183779
-48.727989692958296,-14.973792892167275,0.030282095469467623,1.0658527575135517
-48.02281219492447,-14.32476009939092,0.017426703527310246,1.1925467466756257
-46.97852067713553,-14.446032662747056,0.03970629205176541,0.49826837707026667
-47.17165846322123,-14.041790784893271,0.038451467539627825,1.500906171297881
-50.92437056263053,-16.31003687729506,0.01596542492531133,0.8799617034320318
-48.63366658812575,-15.247779053823729,0.0317456370072393,0.8253065644829215
-47.528738788658735,-15.773293495033649,0.01843299486791877,0.7278191639102086
-50.45275503846778,-16.718770331569445,0.017517831272434885,0.8893652489438723
-50.30228722837776,-13.208603358872415,0.01126420282849791,0.6815340417891629
-49.58363500108214,-17.83492707208795,0.011742240389728962,0.8805006949201627
-52.22917351281413,-17.617085615688968,0.013066366655085744,0.7674146995005887
-51.29267982911953,-16.752457154723928,0.02475669578001887,0.8268005865329674
-52.2943013709128,-18.04603116385604,0.013053947591465677,0.778076093259167
-49.536473448665866,-18.10217586911351,0.011323716244116976,0.9289180057478733
-50.477458708781064,-15.856387658814704,0.012401619364695967,0.8809736852583342
-51.5352249558318,-16.961315458281717,0.028292252018997568,1.0330477778735536
-46.30478421404589,-13.89356876301355,0.023213108695400147,0.9131141036453473
-46.10715485153959,-14.657136754515143,0.02596555214087454,0.9984912762342119
-46.93135912471925,-13.866619304489964,0.036882719572322906,1.0055109397929127
-52.50315967447059,-16.849026047766777,0.024136851870801914,0.903819258855837
-48.341714120786904,-17.619331403899267,0.01600078501848284,0.9695334022787573
-49.192867852490146,-17.32962472477072,0.022272146441376966,0.9115590502657115
-49.67346652949409,-16.08994963268578,0.012732062477157904,0.8570263899738532
-50.75369065864782,-14.405608474961678,0.009769805775819934,0.47570065398810923
-47.23903210953019,-13.767804623236817,0.03760152862748075,1.3025069083370708
-51.20060251249728,-15.532994156531677,0.0153935259165706,0.5851381635352363
-49.11201947691939,-15.966431281119347,0.019275031795330886,1.17852629597211
-48.209212616379276,-13.298434887284367,0.014121520321572654,1.207462492825291
-51.57340335540688,-16.25838374845819,0.013590569901279862,0.8431618900841955
-48.84252489168354,-14.648153601673949,0.029549565546160415,0.9786436842565639
-48.3484514854178,-15.330873217604784,0.030000034257973096,0.9678924583711629
-52.08095149093441,-18.71976762694568,0.023654177494321672,0.7288191447080535
-51.092804678402935,-18.19649897394606,0.02300268815468162,0.869200490896287
-48.04302428881716,-14.055265514155064,0.015725217943448392,0.8014324135955025
-49.893553774103374,-14.857011905231737,0.018761759293622553,1.3229374025837919
-50.05749631345519,-17.430685194234165,0.015845884623373035,0.7544872898267263
-47.4119578017232,-13.282714369812275,0.03876565907969609,1.0868534390647102
-47.9689132778773,-17.192631643942494,0.018870588470869733,1.0361266682622636
-48.642649740966945,-14.760443012188889,0.03116641452304517,0.7322078833830462
-52.783883200757934,-17.601365098216874,0.016024277811272646,0.7569011192117974
-50.38987296857941,-16.07198332700339,0.012162623424895597,1.139354374528797
-46.987503829976724,-14.648153601673949,0.040581298711031895,0.43192505607118087
-52.72773849550047,-18.59175769895865,0.03244386207418879,0.6172033064805816
-52.89392682306258,-18.295313655199205,0.018884561807028546,0.5703619883409821
-50.73123277654483,-16.530124121904347,0.0191244496423592,1.054589824420083
-48.876211714838014,-16.622201438526595,0.027066695374749348,1.0169831485765892
-49.091807383026705,-14.053019725944765,0.016834074439519845,0.676343370007965
-49.44664192025392,-17.81920655461586,0.02077721851534098,0.8142032045359343
-47.892556478727144,-17.83268128387765,0.0153510033590825,0.959716967423525
-49.59710973034393,-17.965182788285283,0.011537797982228846,0.7494445188027691
-49.77228121074724,-15.625071473153927,0.014111030289944535,1.127357699256241
-52.298792947333396,-16.173043796466835,0.014616077037413305,0.7898977011982752
-50.284320922695365,-13.579158413571717,0.007505098193607175,0.7601670356689986
-47.93073487830222,-18.023573281753052,0.015736716805030367,0.8394907624242647
-49.947452691150545,-15.054641267738031,0.019157325948568952,1.0401050904380489
-46.57877037570234,-14.7379851300859,0.04033965783903516,1.2362944131331224
-48.75044757506129,-15.025446021004147,0.03009490994302943,1.2095741783965466
-49.80147645748112,-17.203860584993986,0.014871103096012795,0.8361095118465253
-48.22717892206166,-13.96992556216371,0.014264011813931955,1.3471792053404759
-51.25450142954445,-17.23754740814847,0.026409624374582295,0.7392791863283623
-52.1056551612477,-16.736736637251834,0.024980156278062028,0.8887530194482957
-47.11775954617406,-13.327630134018252,0.035109328092294376,1.2343448324707504
-47.14470900469764,-15.872108176286796,0.0273271641803606,0.8195460406210452
-49.094053171237,-13.114280254039866,0.019693572680529525,0.5896172323185931
-52.078705702724115,-17.50030462875343,0.01588862218242252,0.8208230093217358
-49.04240004240013,-14.94684343364369,0.027355435205433012,1.1270438717748184
-49.165918393966564,-12.943600350057157,0.019734667086493768,0.5272144615437265
-48.02730377134507,-16.736736637251834,0.018794243541681552,1.3486212670206337
-50.56279866077242,-16.03380492742831,0.015950619334480148,0.8147126641728563
-50.63017230708138,-17.006231222487692,0.01928954724139777,0.8705534750301512
-49.165918393966564,-14.971547103956976,0.026318343653239113,0.8081913625315554
-53.10278512662037,-17.27348001951325,0.017350126621706756,0.8723252444221435
-47.95768433682581,-15.011971291742354,0.024160589253250347,1.1296197814994164
-49.36130196826256,-17.718146085152412,0.02091871496142001,0.912283674277166
-50.50216237909435,-13.900306127644447,0.008535774466382345,0.6603105449606086
-50.52012868477674,-15.1152775494161,0.018878852194655404,0.6896164557369223
-52.03828151493873,-17.56992406327269,0.013493078292597197,0.8453236133806787
-49.691432835176485,-13.6128452367262,0.007659827857676949,0.5691425030019214
-49.18613048785925,-15.937236034385462,0.019348267030692385,1.1506924879504619
-50.895175315896644,-17.639543497791955,0.027128680712865706,0.7552464433956715
-46.62144035169802,-13.509538979052454,0.03495583176243273,0.6672193467700992
-48.16878842859389,-16.07198332700339,0.016277282069131822,1.0145576854236955
-49.900291138734275,-16.226942713514006,0.012064223289062582,1.003220073543116
-52.14383356082278,-17.408227312131178,0.024302454080831905,1.1013000373388175
-50.2326677938585,-12.918896679743868,0.011766800225819163,0.6580383135091137
-50.996235785360085,-18.596249275379247,0.02616811348365473,1.0751704568077256
-51.44988500384045,-16.36842737076283,0.015942534296917076,1.1870439847450687
-50.89966689231724,-15.519519427269884,0.015686157150563845,0.6077075605098071
-49.79024751642963,-16.19999325499042,0.012266176122722069,0.8969368473397932
-49.985631090725626,-16.280841630561177,0.011825283764130457,0.908544300540347
-48.70328602264501,-18.032556434594245,0.0187384720844039,1.0357981001418823
-50.12262417155385,-18.349212572246376,0.011876831400449843,0.6675211473434124
-49.62855076528812,-17.185894279311597,0.01451235855316482,1.029610930945294
-47.84539492631087,-15.786768224295441,0.017717636225418325,1.0629125980294714
-50.070971042716984,-14.551584708631099,0.018492424589434286,0.8051587133896126
-46.24190214415752,-14.407854263171975,0.01888352885263762,1.1192602326081602
-46.36542049572395,-14.576288378944387,0.027626169245034693,1.2784156812776717
-50.67957964770795,-14.994004986059965,0.01745268395092384,0.6498891658917554
-49.745331752223656,-13.177162323928231,0.012067261677338478,0.5723359883509581
-50.42580557994419,-15.97990601038114,0.012454189084067707,0.7899315702276261
-46.12961273364258,-13.293943310863769,0.026305408481174037,0.936561825078079
-47.95543854861551,-14.313531158339426,0.017769626535393653,1.4489820475448745
-51.05911785524845,-16.613218285685402,0.021619104851048492,0.91063472322683
-48.052007441658354,-13.601616295674706,0.014166080475864333,1.2721617705041366
-49.26024149879911,-18.391882548242055,0.017920858207856185,0.6760853179670239
-52.44027760458222,-17.06911329237606,0.022582558140065663,0.7271269408851212
-49.17939312322836,-15.404984228544645,0.027141157073347556,0.8691579051823837
-48.260865745216144,-13.637548907039486,0.013066686659824267,1.2600595483130477
-49.20634258175194,-15.894566058389785,0.019203523360989856,1.134372371715406
-48.3506972736281,-14.320268522970323,0.01576770313893978,1.0823215596887585
-50.37864402752792,-15.101802820154306,0.018779637433696372,0.7035869648464915
-48.23840786311316,-17.82369813103646,0.015950346079579007,0.784762169367557
-50.342711416163134,-16.18202694930803,0.011838109685173726,0.8270318499753504
-48.020566406714174,-17.758570272937792,0.015502030979203421,0.8338314272577548
-47.9756506425082,-14.937860280802493,0.02415919370812758,1.379576670851949
-47.73535130400622,-16.283087418771476,0.016837664751329483,0.9729628865465064
-49.92050323262696,-16.150585914363848,0.012262689041949862,1.0464864671648402
-48.41582513172676,-14.086706549099247,0.013998522037465043,1.0805579468048243
-51.28818825269893,-17.210597949624884,0.02634263226531522,1.1945189893021444
-46.531608823286064,-13.55670053146873,0.0346314404736293,0.7732169149306017
-49.219817311013735,-14.07996918446835,0.017006281483062193,0.6959155045461385
-51.79349060001616,-17.34983681866341,0.026526610285053136,0.7485970565553585
-50.95356580936441,-17.729375026203908,0.0264532902445835,0.8123646688267222
-49.40397194425824,-16.7996187071402,0.02481247710877721,0.8140573493138802
-52.6603648491915,-18.257135255624124,0.021513554181470294,0.9152203195301034
-48.97727218430146,-17.203860584993986,0.023001177336881784,0.7898621079268336
-51.811456905698556,-18.185270032894564,0.014200857474189808,0.7247407212015391
-47.49505196550425,-13.242290182026897,0.02845885404716548,0.7504503970527537
-51.01195630283218,-18.748962873679563,0.025872693415858745,1.1863190129436838
-49.2759620162712,-16.63118459136779,0.02588395054028698,0.9223273619559103
-48.28107783910883,-14.56955101431349,0.028664858761812278,1.222886826543215
-48.69430286980381,-15.562189403265561,0.01990030243829898,1.0310404058693183
-52.64689011992971,-17.545220392959404,0.015564567219737304,0.9490444248667492
-49.79024751642963,-17.49581305233283,0.013923368854402743,0.7319278634618952
-49.49604926088049,-13.96767977395341,0.013869413533349417,0.6622181009069279
-46.569787222861144,-12.99300769068373,0.027541592839035966,0.745291749918561
-47.07059799375778,-15.18938856035596,0.0329486787094684,1.3351652607094
-47.827428620628474,-14.724510400824107,0.02424607115416255,1.0278103979110254
-49.54321081329676,-18.261626832044723,0.01105722801690383,0.8642443258220327
-49.73410281117216,-18.369424666139064,0.011202362195347235,0.7788781928626219
-47.939718031143414,-15.840667141342612,0.01732990508264502,0.8001386799386675
-49.273716228060906,-18.335737842984585,0.018172095911172165,0.735489517703995
-52.33247977048788,-18.427815159606833,0.013484329178554614,0.8432544053935559
-50.87271743379365,-18.38289939540086,0.021231018003314752,0.7980044836115018
-50.49093343804286,-15.95969391648845,0.012205283168533743,0.7734315021352578
-48.164296852173294,-15.166930678252971,0.026620477533898856,0.8331805695926406
-47.795987585684294,-16.545844639376437,0.017215903948210303,0.9596885351904499
-50.19224360607311,-13.408478509589008,0.01152875616360054,0.6325846554960737
-48.48319877803573,-15.820455047449924,0.01737956991482521,0.9295733269445767
-52.036035726728436,-17.72039187336271,0.013469032627796128,0.7710679799910798
-51.31064613480192,-16.669362990942872,0.025967477313263976,0.8101873846826098
-48.759430727902476,-15.739606671879166,0.019441478689816747,1.071788082647368
-52.020315209256346,-17.147715879736516,0.02499123461320299,0.955642369486911
-46.86173969019999,-13.866619304489964,0.03672156008798171,0.659920414110708
-49.32536935689778,-15.97766022217084,0.020424520342402754,0.9050888439887771
-50.987252632518896,-16.507666239801356,0.019674429968977548,0.9427331891888947
-48.55506400076529,-13.700430976927853,0.017866948955274863,1.1416161907234625
-49.60384709497483,-16.678346143784065,0.014707561574173798,0.8309550219132542
-47.74433445684742,-14.693069365879925,0.024431687403734127,1.0165106892596665
-52.23366508923473,-16.736736637251834,0.024294977052947118,0.881473571829027
-47.48382302445276,-15.436425263488829,0.03027383467838152,0.8329256348023213
-46.453006235925606,-14.151834407197912,0.020917176595135114,1.0334405831755489
-47.83641177346967,-15.436425263488829,0.025671706495849468,1.1907994025660864
-50.88619216305545,-16.875975506290363,0.017420283301173536,0.979173698652971
-50.74246171759632,-13.639794695249785,0.01017467829015089,0.6477399654718062
-49.81270539853262,-16.03829650384891,0.012716430443329357,0.7673047688164142
-50.73572435296543,-16.161814855415344,0.015938692653463874,0.7880381245201691
-48.02954955955537,-16.91639969407574,0.018848045592506215,0.8983130150155247
-47.01220750029001,-15.054641267738031,0.03448596139300722,1.1030075072816596
-49.359056180052264,-17.396998371079682,0.022850874044001022,0.7745951309640519
-48.047515865237756,-13.693693612296956,0.014415058609623766,1.3221489594429443
-50.35169456900433,-15.746344036510063,0.013285476266265884,0.9911761952805129
-48.76616809253338,-13.16144180645614,0.018980028468652814,0.6614426584307921
-47.12898848722555,-14.839045599549346,0.037844580513139846,0.6480212917379191
-49.04689161882072,-16.59300619179271,0.026491297909680387,0.8745142650153103
-50.63017230708138,-16.29880793624357,0.016086689048493027,1.2097702481679602
-49.11426526512969,-15.333119005815083,0.027303603687527583,0.7807969489001306
-50.322499322270446,-14.859257693442036,0.018254269689271765,0.6630063715422345
-48.03853271239657,-18.23018579710054,0.01634451928385371,0.8172606071874325
-46.44626887129471,-13.350088016121239,0.025585714802510495,0.9111470633115291
-50.74695329401692,-17.260005290251456,0.024226515054690204,1.0055982160526915
-50.2281762174379,-15.84515871776321,0.01299171179485189,1.0093340972895224
-48.63366658812575,-17.475600958440143,0.02587845178420919,0.7519088066955152
-48.13061002901881,-13.938484527219526,0.014684304822062367,1.4493290058293844
-49.990122667146224,-15.750835612930661,0.013474958716529735,0.8011464534659102
-47.459119354139474,-15.427442110647632,0.03306924242894809,1.0408252570241228
-47.67471502232816,-14.259632241292255,0.01936201787248087,0.935425664168959
-49.498295049090785,-17.129749574054127,0.01896914322805642,1.0546278855509659
-49.58812657750274,-15.438671051699128,0.02196542601592761,0.7963960336115697
-50.044021584193395,-17.414964676762075,0.015781735018082676,0.6830821128875417
-52.72100113086957,-17.23305583172787,0.019445437693604302,1.031517140957689
-50.322499322270446,-13.96992556216371,0.007894686563390676,0.6135127079369354
-50.73123277654483,-15.238795900982533,0.017597381307701408,0.9341800300408484
-46.93809648935015,-15.106294396574905,0.03257307821898549,1.575963548998159
-46.50241357655218,-13.624074177777693,0.028734005001967093,0.6526701524615798
-50.67957964770795,-16.516649392642552,0.018144653977647203,1.1556458866393797
-47.822937044207876,-16.563810945058826,0.01737367492180875,0.9539390767401801
-50.84352218705977,-14.53137261473841,0.01625786960495173,0.6782227630349627
-50.85025955169067,-17.01072279890829,0.01878068143903077,0.807123704026219
-48.37764673215168,-14.1765380775112,0.014518193961416445,1.2662620580539197
-47.16267531038003,-13.334367498649147,0.035586864918334744,1.3524246995358797
-49.94520690294025,-18.025819069963347,0.011881808434513877,0.7002614176515984
-48.79087176284666,-18.337983631194884,0.017782982691079526,1.1902089188666694
-50.76042802327871,-16.626693014947193,0.017805823534381062,0.9275568385171278
-52.81981581212272,-16.85576341239767,0.023120763569160405,0.7784659997757181
-51.44763921563015,-18.632181886744025,0.025511787003725746,0.9540444501435461
-50.94682844473351,-17.471109382019545,0.0296153096643889,0.7980821599101201
-48.99074691356326,-17.365557336135502,0.023134434426389426,0.706215472192723
-50.4123308506824,-15.032183385635044,0.018556421197293803,0.9817101945104391
-51.99336575073276,-17.34983681866341,0.025213949989010758,1.045160493009777
-51.86760161095602,-18.023573281753052,0.013947550681589383,0.8509425112609558
-47.694927116220846,-15.110785972995501,0.023190901411672963,0.8872876772304651
-50.569536025403316,-18.234677373521137,0.022437975038223378,0.8917894130875931
-52.918630493375865,-17.581153004324186,0.016708867421312074,0.8625656740338474
-49.311894627635986,-13.177162323928231,0.020246613188523804,0.5622827456293937
-50.156310994708335,-17.304921054457434,0.015971217531844526,0.8793552244323549
-53.0443946331526,-17.098308539109944,0.018046824015093,1.2153093433779754
-49.74757754043395,-18.295313655199205,0.01127296542785219,0.6779168489074774
-51.26123879417535,-15.930498669754565,0.015637820753567355,0.7684613178651163
-48.770659668953975,-14.210224900665681,0.015912014569962347,0.7506972386737699
-51.216323029969374,-16.756948731144526,0.02308467610171075,0.8186927814410837
-50.472967132360466,-16.990510705015602,0.016903938895572578,1.0253161908856512
-49.87109589200039,-13.150212865404646,0.011872801523888778,0.6821949500880287
-48.24289943953376,-14.639170448832752,0.02748317081161961,1.47165123954633
-50.67508807128736,-16.125882244050562,0.015945319157130593,0.8375397683701861
-47.88357332588595,-13.960942409322515,0.016399915229607105,0.6743321353872181
-48.25861995700585,-17.320641571929524,0.02189771723215265,0.9240829066692404
-50.12262417155385,-14.383150592858689,0.00836464252796173,0.8918526848664463
-52.68506851950479,-16.725507696200342,0.02662414103017682,0.9112414779517798
-50.91987898620993,-14.556076285051697,0.015568682978199267,0.6036752209005488
-51.94620419831648,-17.264496866672054,0.0254741490172903,0.8820548776041219
-51.02767682030427,-19.195874727529027,0.025417913645460827,0.7973879709736348
-49.251258345957915,-13.289451734443173,0.020703633322642447,0.6203564509826222
-50.51339132014584,-17.284708960564743,0.02348287633063294,0.7238170213340543
-49.45113349667451,-18.00111539965006,0.020072878622032792,0.8153542442605839
-48.24289943953376,-16.78389818966811,0.02070878916587106,0.8455109841208804
-51.436410274578655,-18.052768528486936,0.025103305757085435,0.8735210490716746
-49.82618012779441,-14.753705647557991,0.01876393616705316,0.6604028867787399
-52.50315967447059,-17.679967685577335,0.014070436152370011,0.9845969512301874
-50.06198788987579,-14.960318162905482,0.018727476054318203,0.9759567483644308
-52.95456310474064,-16.97479018754351,0.020369402393443706,0.7883516358628261
-49.77003542253694,-16.249400595616994,0.01215248526901242,1.0847115203522877
-47.30640575583915,-15.510536274428688,0.02728366981086629,1.1039224809214692
-50.87271743379365,-16.460504687385082,0.01609874111493791,1.0638567541830455
-51.06360943166905,-16.774915036826915,0.02003010388142318,0.9956259732857865
-51.03216839672487,-19.07684795238319,0.025460786488953727,0.7039747743966475
-50.53584920224883,-17.83492707208795,0.025436756504433194,0.7789123042102468
-50.0417757959831,-15.806980318188131,0.013242796419321731,0.8855055859778944
-49.93846953830935,-14.973792892167275,0.01893881974296061,1.0666936223083383
-47.34458415541423,-15.591384649999446,0.02710645670165312,0.8608590372083355
-47.88357332588595,-16.610972497475103,0.01774730681614696,0.9270933716838545
-48.28107783910883,-17.44640571170626,0.022633732638063373,0.9637608589598661
-50.387627180369115,-16.11016172657847,0.012041175476458091,1.120936977342056
-46.12512115722198,-14.331497464021817,0.01974648645096465,0.9187358234842397
-47.90153963156833,-15.054641267738031,0.02395391332758026,1.0205931309949414
-47.28619366194646,-14.017087114579985,0.038818398322934745,1.5790390345507925
-48.701040234434714,-15.1130317612058,0.03071361644476705,1.0524362124403335
-46.286817908363496,-13.812720387442793,0.020914324517486923,1.2011305457719252
-50.15406520649804,-14.767180376819784,0.018328064506709593,0.83449581609375
-50.210209911755506,-17.280217384144144,0.016133188713459715,0.9186286408240433
-49.23329204027553,-15.036674962055642,0.02572004158391706,0.722585500508707
-47.80497073852549,-16.321265818346557,0.01654361485032141,1.0237544205250437
-50.933353715471725,-16.345969488659843,0.015988906608296685,0.9946920139727373
-51.104033619454434,-16.29880793624357,0.015909067597084527,0.9928804318095219
-50.74695329401692,-18.802861790726734,0.026599622722624457,1.097316268577494
-49.327615145108076,-13.372545898224228,0.02128328430225866,0.8417748840831009
-46.88419757230298,-14.661628330935741,0.040431498116332905,0.4520212105702279
-49.1007905358679,-14.488702638742733,0.019018304697782724,0.8177753304707694
-50.798606422853794,-15.483586815905102,0.017626996716593173,0.8052486740938073
-48.69205708159352,-16.020330198166516,0.02080636175554822,1.0017748730684444
-51.908025798741406,-17.868613895242433,0.013779925192250663,0.7735737406315889
-48.30578150942212,-14.630187295991558,0.02856255043484589,1.4326802901257996
-48.02505798313477,-17.583398792534485,0.015451412911202668,0.9717953485725177
-46.39686153066814,-13.895814551223848,0.023146452597876625,0.9383875246294527
-48.81108385673935,-15.481341027694805,0.028313085165594717,1.1505562785076615
-48.38213830857228,-17.08258802163785,0.022352713656081474,0.7717716111306293
-51.398231875003574,-16.471733628436578,0.016741956478037008,1.1168287135902606
-51.73959168296899,-18.90616804840048,0.020290770615507485,0.9589418214809636
-48.79311755105696,-17.23754740814847,0.02467132054091428,0.9261776599750644
-52.68282273129449,-16.925382846916936,0.023300862669913165,0.797865439989652
-50.531357625828235,-13.942976103640124,0.010246741526888273,0.653686295126911
-47.551196670761726,-15.885582905548588,0.01838422056190886,0.7771502444635296
-50.04851316061399,-14.731247765455004,0.018441834445107597,0.8680319693622035
-49.37253090931405,-14.973792892167275,0.025041392518795592,0.7289665822101088
-50.24838831133059,-16.217959560672814,0.011785784893085108,1.1241518943977982
-51.86535582274573,-17.693442414839126,0.013851304587575759,0.8785779937369956
-49.79473909285023,-14.926631339751,0.01906605264858748,1.2043324891593035
-49.482574531618695,-13.785770928919208,0.016431568317408413,0.7006853151844633
-49.40397194425824,-14.1765380775112,0.017175050111776544,0.9314944778339184
-48.77515124537457,-14.279844335184944,0.015839642611452074,0.9870064364701094
-46.48220148265949,-14.059757090575662,0.022440578511747567,1.0923256636440735
-49.95194426757114,-15.4880783923257,0.019147068733345585,0.877087943687144
-47.88581911409624,-15.047903903107136,0.023859105499424778,0.9590641412115318
-51.3465787461667,-15.025446021004147,0.011084896666382626,0.6439681128046614
-51.71039643623511,-18.90616804840048,0.020042048827259757,1.00980587038295
-52.23141930102443,-17.72039187336271,0.013044154867177601,1.10438157096155
-47.69043553980025,-18.090946928062014,0.015694463480049797,1.0346599165727837
-51.22081460638997,-16.123636455840263,0.0157676049507596,0.8054419278472281
-49.969910573253536,-13.821703540283988,0.007760280488229673,0.7290511911070703
-51.99561153894306,-18.580528757907153,0.022757440144485542,0.9681967834751332
-52.61544908498553,-17.30941263087803,0.02091096662292905,1.2753211403157496
-49.22430888743433,-15.35782267612837,0.026500451961183828,1.0904309929292715
-49.594863942133635,-17.9292501769205,0.01159468724107054,0.7665856773741558
-49.63079655349841,-16.837797106715282,0.014473845362457523,1.0273788690260859
-50.18775202965252,-14.857011905231737,0.018386791764486606,0.8746375294067693
-50.51339132014584,-14.704298306931419,0.01867892047939539,0.7147877486801778
-50.163048359339236,-15.813717682819027,0.013136289960421115,1.0324936432127003
-49.92274902083726,-13.228815452765105,0.011791678879625676,0.6270243062054692
-49.39498879141704,-16.2426632309861,0.022877727639216573,1.0931102678313622
-48.44277459025035,-17.033180681011277,0.022841867837827604,0.8644453573475328
-48.97053481967057,-13.59038735462321,0.018264818459727623,0.9671816189932015
-48.829050162421744,-17.59238194537568,0.020492705165715615,0.869482841210078
-49.24901255774762,-16.640167744208988,0.025756540228752064,0.8768051166620311
-50.627926518871085,-16.269612689509685,0.01606725411146636,1.2448064432114965
-48.41807091993706,-15.975414433960541,0.016134007051514663,0.984528613441949
-51.55319126151419,-17.758570272937792,0.014581503977218793,0.8049315887499109
-47.292931026577364,-13.57466683715112,0.037242484572306486,1.4873125554062432
-50.890683739476046,-17.882088624504224,0.025178154813092084,0.8108155729871279
-52.2853182180716,-18.13586269226799,0.013160729486795761,0.8755208666025006
-50.05525052524489,-17.037672257431876,0.015495832913136656,0.9093993193617899
-52.523371768363276,-16.866992353449167,0.025537061492532258,0.8414329532764068
-47.009961712079715,-13.350088016121239,0.03476378982815111,1.0019330743608539
-47.355813096465724,-13.401741144958113,0.03856007226164583,1.5137941907855235
-50.7806401171714,-14.650399389884248,0.01665291541972875,0.6008070936477851
-46.522625670444874,-14.23268278276867,0.03529201703436643,1.0793252585013442
-48.59099661213007,-15.58240149715825,0.020727713519045954,1.002263454796393
-49.93397796188876,-13.576912625361418,0.0075348653848772,0.5579029027985027
-51.05911785524845,-16.166306431835938,0.015825143667849963,0.83592799366642
-51.901288434110505,-16.325757394767155,0.013705960657758075,0.6147958348965158
-51.3578076872182,-18.465993559181914,0.021942987701552737,0.7085020940457781
-50.05525052524489,-15.088328090892514,0.01908879889490486,1.2046244913579103
-46.52037988223457,-14.64590781346365,0.03928733192970928,1.4633216958788384
-48.09467741765403,-15.708165636934984,0.017310517608447092,0.8074702051243303
-49.48032874340839,-17.295937901616238,0.021997416880791997,1.0196442178393206
-52.527863344783874,-16.233680078144904,0.025596589662913328,0.9390854887517982
-52.543583862255964,-17.145470091526217,0.022642421606393483,1.1638225393429216
-50.237159370279095,-17.266742654882353,0.01621951096564068,0.8099131059759216
-50.89292952768634,-16.09219542089608,0.015826374247124363,1.0389307439177469
-50.54483235509003,-16.18427273751833,0.016056581102257276,1.080912353060136
-46.73822133863356,-14.803112988184566,0.03852377390169086,1.4120238757215107
-49.27147043985061,-13.242290182026897,0.02067573824984533,0.8366128674719086
-50.0372842195625,-16.95457809365082,0.015455040980431952,1.0328576362178703
-50.71551225907274,-16.46948784022628,0.01611571829887187,1.0484277797190116
-48.11039793512612,-14.001366597107893,0.015056398918206778,1.1823715133608739
-47.60734137601919,-17.61034825105807,0.014987380037880998,1.0286728508977514
-47.7847586446328,-14.412345839592573,0.019524531481401475,1.4713615960625201
-50.2191930645967,-14.627941507781259,0.018224392481379185,0.6370127957258883
-49.406217732468534,-18.337983631194884,0.01868736822418369,0.8753043827169155
-50.96030317399531,-18.728750779786875,0.02603047668160088,1.1151708731044172
-51.452130792050745,-18.34022941940518,0.023164571262759105,0.7586491754998748
-49.188376276069555,-15.611596743892134,0.018455676347258785,1.012495431561955
-46.35643734288276,-12.988516114263133,0.022195869916289072,0.9375150485799297
-47.78925022105339,-15.943973399016357,0.017475592041440186,0.946655051758922
-48.04077850060686,-16.889450235552154,0.01892563841467147,0.9249475949615942
-51.11750834871622,-16.07198332700339,0.01574916033696567,0.7190172920695322
-47.153692157538835,-14.72226461261381,0.03965754172978569,0.5441178559875258
-52.18874932502875,-18.70404710947359,0.024896686081127502,0.6382410238767501
-50.237159370279095,-16.453767322754185,0.011149946913400528,0.910092137485414
-47.9599301250361,-13.338859075069745,0.01663064050059076,1.2117027406762333
-48.18900052248658,-17.915775447658707,0.015968897942991066,0.815723954426118
-47.984633795349396,-15.272482724137015,0.025550988139709845,1.0258700117077764
-47.49954354192485,-16.4268178642306,0.022333294687629547,0.8361818358018653
-52.92536785800676,-18.26836419667562,0.0215569319354705,0.5879914136315231
-49.4735913787775,-18.47273092381281,0.018108933871775125,0.9203139700258117
-48.58650503570947,-13.493818461580362,0.019317804349291246,1.1959360497619693
-52.04951045599023,-18.8657438606151,0.02345602599324608,0.6394785588454822
-49.857621162738596,-18.198744762156355,0.011540696421500135,0.7017878501131788
-51.99336575073276,-17.006231222487692,0.025209615318221197,1.1233890827951805
-49.45787086130541,-13.91153506869594,0.017886245448767758,0.7022087495042487
-52.07421412630352,-18.441289888868628,0.013965122873294647,0.7715697391123707
-50.66385913023586,-16.777160825037214,0.016477140869350322,0.8871797837714296
-47.28394787373617,-15.407230016754944,0.031996356653178494,1.0722497422038206
-50.62568073066078,-15.631808837784824,0.01569884060768787,0.712124709307644
-49.33659829794927,-17.870859683452732,0.020201812931511458,1.1108886046004345
-50.42805136815449,-15.649775143467215,0.013617377678161386,0.660784602651289
-51.28369667627833,-17.63056034495076,0.02779601314021139,0.7639546806369787
-50.457246614888376,-14.697560942300521,0.01796458163049074,0.7342414312148522
-48.882949079468915,-14.091198125519846,0.016380838936106455,0.986015561152518
-46.886443360513276,-14.607729413888569,0.04130221323281132,0.4465717119588776
-47.308651544049454,-14.803112988184566,0.03905593131671862,0.8122426661757106
-47.849886502731465,-17.66649295631554,0.015178673788234563,0.9504869010842228
-50.531357625828235,-15.908040787651577,0.01564512878807796,0.8216936242254711
-50.906404256948136,-15.782276647874845,0.015636266652728253,0.5912818330635282
-50.29330407553656,-13.17940811213853,0.011291605130276267,0.6700961569882574
-48.696548658014116,-14.796375623553669,0.030622155198015304,0.8249717278473053
-49.6712207412838,-14.376413228227793,0.00847007891510441,0.7327285248049343
-48.37764673215168,-18.355949936877273,0.016412339837378383,1.0865672996407107
-47.602849799598594,-15.939481822595761,0.01807314297091811,0.9587670382481118
-49.81719697495322,-13.59263314283351,0.007586532267341973,0.5249100049302861
-51.24551827670326,-19.103797410906775,0.02523945868205753,0.6876663037026122
-51.94844998652678,-18.744471297258965,0.02217309941496338,0.7119782279929113
-47.10428481691226,-13.601616295674706,0.036337621477971684,1.5815599172148314
-51.285942464488635,-17.23754740814847,0.02685450194302166,0.9342886273715676
-47.42767831919529,-13.886831398382654,0.03899261795176906,1.4034102854528678
-50.90865004515843,-18.748962873679563,0.026139611303773017,1.0494521589378143
-48.10141478228493,-14.113656007622833,0.0156387291981231,1.1030718289045607
-52.27184348880981,-16.40660577033791,0.01411292702147971,1.119391507402866
-51.054626278827854,-19.276723103099783,0.02540410679310311,0.6633024056168085
-47.50852669476605,-15.420704746016737,0.02546031542826816,0.7821201295093769
-48.674090775911125,-17.426193617813567,0.02636550327540802,0.758748341912867
-50.17652308860102,-15.07934493805132,0.01889978166888563,0.7539090947973045
-50.45275503846778,-14.733493553665303,0.01799226931790805,0.741719800619684
-51.115262560505926,-16.622201438526595,0.02250676203412647,0.9834158442889471
-49.2849451691124,-18.353704148666974,0.018144726761603825,0.8061642854166524
-46.682076633376084,-14.650399389884248,0.041224723614349194,0.619861794337511
-50.021563702090404,-15.164684890042674,0.01940536483161201,1.049578748249932
-48.813329644949654,-16.58177725074122,0.0279342976097888,0.8731384504731877
-47.10203902870196,-13.992383444266697,0.03797560849338535,1.330516707386649
-48.24963680416465,-16.020330198166516,0.016260566729484442,0.9550483764511463
-48.06323638270985,-15.036674962055642,0.02493925986303681,1.066798694644825
-48.503410871928416,-13.803737234601599,0.0140664245984185,1.195191063125312
-48.925619055464594,-15.465620510222713,0.029518862923118616,0.9903711369283746
-48.299044144791225,-15.930498669754565,0.01638976153124767,0.9979928856747987
-52.918630493375865,-16.84453447134618,0.021923030369657617,0.8384903243511239
-49.0895615948164,-16.819830801032893,0.02389396596210222,0.902540756465171
-47.36704203751722,-15.604859379261239,0.027276146025043226,0.7967480979733922
-46.437285718453516,-14.241665935609864,0.02014181898211406,1.0707979450559733
-50.333728263321944,-15.427442110647632,0.020070513902466773,0.6922193717749646
-48.11488951154672,-13.379283262855123,0.015608650722448601,1.3329165294800431
-52.99723308073632,-17.423947829603268,0.017707410807687948,0.8034199488191976
-46.39012416603724,-14.762688800399188,0.022491148592802122,0.9363769214989524
-47.582637705705906,-16.101178573737275,0.017756838180418514,0.7604333221591858
-48.84252489168354,-15.422950534227036,0.030322105271171716,0.9843409884629931
-47.20983686279631,-14.62344993136066,0.041326230575394474,0.5929034754210267
-48.02505798313477,-13.783525140708909,0.014811351882470498,1.413603425562126
-50.291058287326265,-13.93399295079893,0.007853165378377843,0.6269501496988398
-51.483571826994925,-15.294940606240004,0.012205542394306561,0.6208816666723224
-50.441526097416286,-18.847777554932712,0.020126341278871477,1.0079002967564392
-52.35493765259086,-16.983773340384705,0.023163224632669895,0.8152439188617628
-49.069349500923714,-15.663249872729008,0.018101172034748002,0.9566791925443735
-49.96092742041234,-13.59038735462321,0.007540381310985235,0.5199907532681091
-52.08993464377561,-15.910286575861877,0.01467709604610174,0.7177135376382892
-46.89767230156477,-13.507293190842155,0.035539364565966174,1.3464275917905366
-51.68344697771152,-17.70916293231122,0.014269122078071588,0.7239104539635228
-52.6648564256121,-17.83268128387765,0.017506184905868933,1.111373540072899
-49.819442763163515,-17.59462773358598,0.012377780486867431,0.7729338924304305
-49.455625073095106,-15.506044698008091,0.022248628750764686,0.9191454289010074
-50.9782694796777,-18.281838925937414,0.022136274086662022,0.965128490985283
-50.91763319799963,-18.391882548242055,0.02120637532865329,0.8563077115380482
-51.76204956507198,-18.308788384461,0.014435964590744957,0.7088880451138118
-47.63429083454278,-17.352082606873708,0.01691372433211778,0.9072863092343694
-49.26697886343001,-14.21247068887598,0.01683174163888961,0.7167268714071242
-51.69018434234242,-16.67610035557377,0.02764416405934437,1.001508315509528
-48.546080847924095,-16.345969488659843,0.024218230826029103,0.8725545470859073
-49.18613048785925,-15.694690907673191,0.018416748442287585,1.0589559905016661
-46.855002325569096,-15.755327189351258,0.024895896814640047,1.0370229493332275
-47.721876574744435,-18.19425318573576,0.016007523234262844,0.8419282620177478
-50.24838831133059,-13.426444815271399,0.011478524034047094,0.6508135428771501
-46.511396729393375,-13.868865092700263,0.031127191290629068,0.7262962019870279
-49.03566267776923,-16.03380492742831,0.01975150453660596,0.949091360938162
-51.52848759120091,-17.190385855732195,0.028309220717974926,1.2436629775591417
-49.862112739159194,-15.086082302682215,0.019430449831188166,0.9715244491961057
-47.618570317070684,-17.953953847233787,0.015277448790659986,1.0077828248526177
-49.765543846116344,-17.01521437532889,0.0146698200346432,0.9662832914815019
-49.150197876494474,-14.848028752390542,0.026667817013185238,0.9114184352337905
-51.87433897558692,-18.486205653074602,0.015964969259911806,1.25540613752561
-50.05749631345519,-16.433555228861497,0.011353826559859415,0.9400111243876722
-51.59361544929957,-18.946592236185857,0.01923694623690435,1.0431882108407977
-47.09754745228136,-15.627317261364226,0.026313620067654555,0.8691954163134746
-49.53871923687616,-14.919893975120104,0.019833284267079872,0.795491256918598
-51.9057800105311,-17.096062750899645,0.025718566236898305,1.0091003633651685
-46.94258806577075,-14.526881038317812,0.04224309412961193,0.5064215502032561
-48.55730978897559,-13.83742405775608,0.01729505774875092,1.1082759264671105
-50.28207513448507,-17.913529659448407,0.012562185622209053,1.0660616607673778
-49.197359428910744,-18.216711067838748,0.018411889835701224,0.92261593141798
-48.66061604664933,-16.8018644953505,0.027485678882342764,0.8859258066503676
-51.67446382487033,-16.139356973312353,0.01396601334166465,0.6511566567992545
-47.73535130400622,-15.151210160780881,0.023420118654041113,1.0151622227909998
-48.267603109847045,-14.351709557914505,0.01633615190879017,1.132827629583305
-48.75044757506129,-14.329251675811518,0.015794203296193916,0.8982280301181568
-53.0421488449423,-18.160566362581278,0.021828390354614754,0.5377362933836679
-49.242275193116726,-16.552582004007334,0.026664466016805083,0.9748470938252619
-48.507902448349014,-17.147715879736516,0.025952919884116167,0.9660832999677696
-50.67508807128736,-15.56668097968616,0.015640136486099816,0.6963498700324727
-50.589748119296004,-17.637297709581656,0.027158692918443538,0.6258987922149187
-51.14894938366041,-17.019705951749486,0.021778006642769136,1.0653982640549688
-49.1030363240782,-15.02095444458355,0.02678062523792896,1.0434533338574656
-51.65874330739823,-18.70404710947359,0.0192903968453143,0.7497954200286482
-50.49767080267375,-15.643037778836318,0.012824924089596736,0.8198078349629901
-51.618319119612856,-16.599743556423608,0.02830941693093908,1.1205213143114092
-51.60484439035106,-15.32189006476359,0.015451097742426468,0.5462596802707654
-48.59099661213007,-16.779406613247513,0.02840326076621202,0.7941634259826328
-52.00234890357395,-18.567054028645362,0.022847129428031455,0.9838068548713564
-51.12649150155742,-18.6815892273706,0.025748292285649337,1.0437096849623466
-50.9715321150468,-19.115026351958267,0.02554631919276054,0.7160712702965185
-50.9692863268365,-17.093816962689345,0.020655089968130032,0.6118606648526689
-46.569787222861144,-14.088952337309546,0.037333280860459526,0.7227837679133976
-48.14633054649091,-13.749838317554426,0.013973818604662536,1.5737360476832158
-48.88744065588951,-16.208976407831617,0.021424065192830834,0.8683565272508257
-48.995238489983855,-17.596873521796276,0.020643570825513054,0.830079451113038
-48.46298668414304,-17.538483028328507,0.016134432808013317,1.1275847679618882
-47.02119065313121,-14.443786874536757,0.039810961382319376,0.5209235579922692
-50.964794750415905,-18.4906972294952,0.022468141198890616,0.8910764547840119
-50.569536025403316,-16.662625626311975,0.017077524865477478,1.2397260433121122
-50.026055278511,-17.477846746650442,0.015377999210860489,0.7406377423424625
-48.373155155731084,-15.420704746016737,0.03095834348194545,1.0168613327846256
-49.69367862338678,-14.708789883352015,0.01902347558726276,1.2166768656134963
-47.71963078653413,-15.647529355256916,0.018455489572428593,0.9331178670645368
-52.71650955444897,-17.77878236683048,0.017166913815371204,0.8895616695557439
-49.16367260575626,-18.050522740276637,0.019004301760848774,1.0083848427165187
-48.08794005302314,-16.808601859981398,0.0193090980952418,0.9875659577265798
-51.94620419831648,-15.986643375012035,0.014616181554886311,0.7165725086446398
-48.87396592662772,-15.54646888579347,0.018780178767110436,1.1452622664352756
-51.17814463039429,-19.061127434911096,0.02529056559204672,0.8012801741939634
-50.06872525450668,-17.729375026203908,0.012477206608167646,0.7614527416108136
-51.14894938366041,-18.17179530363277,0.0233201205465296,0.8621127619776897
-48.229424710271964,-17.093816962689345,0.020936918064296168,0.9095181072481315
-48.00933746566268,-13.821703540283988,0.015032952568824476,1.2815676948723789
-51.47234288594343,-16.25389217203759,0.015203708058641713,1.1197727449070158
-51.382511357531484,-17.111783268371735,0.026462255230645697,0.9529121142065141
-46.12961273364258,-14.809850352815461,0.024737182857032494,0.7192405595151542
-52.260614547758315,-17.974165941126476,0.013066443710318716,1.2181116322160745
-51.14894938366041,-18.79612442609584,0.02555111792988257,1.2785517227235563
-51.692430130552715,-17.70467135589062,0.014248106786571313,0.730511286957226
-48.957060090408774,-14.127130736884626,0.016413425177317687,1.23547553707615
-47.29966839120826,-15.2994321826606,0.033006189224647056,0.969520451460153
-48.824558586001146,-13.359071168962435,0.019605009406578198,0.6056936340423447
-49.34333566258017,-18.457010406340718,0.018035203159359702,0.8703340058417578
-49.93846953830935,-15.503798909797792,0.01718586546996192,0.8411580462684575
-49.90702850336517,-14.708789883352015,0.018638274276225605,0.6206606831942946
-51.70590485981451,-16.384147888234924,0.01339117662765271,1.0194425599999308
-47.27047314447437,-14.02607026742118,0.03878735757642328,1.5886205909177775
-49.26473307521971,-13.48034373231857,0.02059993376135813,1.0065014258548088
-52.8535026352772,-18.42332358318624,0.019383828684159828,0.43971115340409944
-48.128364240808516,-17.46212622917835,0.0213342754013943,0.880223824069629
-52.64464433171941,-18.452518829920123,0.023575924500224697,0.570952428979729
-48.936847996516086,-14.329251675811518,0.016056749928974188,0.7972460155848905
-49.374776697524354,-16.934365999758132,0.02379124730255278,0.899011565009087
-50.25512567596148,-16.95233230544052,0.016299088840667504,0.7438447803863889
-47.402974648882,-16.65364247347078,0.029024682070139616,0.8556973342147028
-49.72511965833097,-16.16406064362564,0.012449365019096494,0.8216762163202159
-50.12037838334356,-16.721016119779744,0.016112460505236074,0.7253366176606756
-46.52487145865517,-13.455640062005283,0.03440977196598692,0.8379334427652169
-49.92050323262696,-17.68445926199793,0.012347716014891498,0.5555610485059451
-50.39211875678971,-17.25326792562056,0.016814544318169845,0.9046869713023056
-50.35843193363523,-17.583398792534485,0.013122776902232288,0.5280846618268028
-49.32986093331838,-15.171422254673569,0.024883280734333057,0.8730720576900465
-50.33148247511164,-17.814714978195262,0.012765513765581413,1.0021113608992984
-52.137096196191884,-18.09993008090321,0.013423417916309941,1.0705856308067905
-52.918630493375865,-18.232431585310838,0.021931071737137545,0.5853358663234743
-50.32025353406015,-14.798621411763968,0.018176233804803515,0.6082793398760297
-50.306778804798356,-15.254516418454624,0.019365510690530323,0.980755889897932
-48.49442771908722,-17.767553425778985,0.016155614464750688,1.098133137759716
-49.94520690294025,-13.107542889408968,0.011784181936559422,0.5247170102447193
-46.8505107491485,-14.129376525094925,0.03790603166688109,0.5050725443164333
-46.31152157867678,-14.149588618987613,0.020994938161204783,1.0600975405377686
-49.03117110134863,-16.662625626311975,0.025780707213367202,0.9609587852715163
-50.69080858875945,-14.439295298116159,0.009920313813285567,0.5215830360590411
-48.48993614266662,-13.27373121697108,0.012875380808499629,1.43954711931844
-49.657746012022,-17.644035074212553,0.012131847943895954,0.6720013953951294
-52.92985943442736,-17.715900296942113,0.017626428656469583,0.800697857498279
-47.66124029306636,-14.7379851300859,0.02417601888254494,0.8816411218916581
-50.53584920224883,-14.210224900665681,0.010228100844551068,0.523433155851342
-48.503410871928416,-13.920518221537135,0.01403807828018287,1.294827861685585
-52.12137567871979,-17.906792294817514,0.013323576272881993,0.7377352762537511
-47.90153963156833,-16.20448483141102,0.016544914346924254,0.9214169791065858
-49.188376276069555,-16.247154807406698,0.02196551994130225,0.9962286780452634
-50.0417757959831,-14.724510400824107,0.01844894676531294,0.8686086734729566
-50.113641018712656,-16.345969488659843,0.011529289533130012,0.8704008794757055
-50.441526097416286,-13.300680675494666,0.011097464931173012,0.568880515105819
-52.78163741254764,-17.738358179045104,0.017030664233899075,0.9603576216382704
-48.67858235233172,-13.889077186592953,0.016982466286088595,1.1867679343403237
-48.84926225631443,-16.096686997316677,0.020503394332898533,1.033610211656358
-50.23491358206879,-15.117523337626398,0.018952838233748073,0.8313418137657607
-47.230048956689,-15.890074481969187,0.02763461067177886,0.668078038961902
-49.94520690294025,-17.767553425778985,0.012249078833069601,0.6840813534770346
-50.75818223506842,-18.405357277503846,0.021011006264710523,0.781689205124653
-50.01707212566981,-13.978908715004904,0.007914359446998703,0.6485083009876117
-46.81008656136312,-14.506668944425124,0.041274967108856475,0.44406232564352094
-48.43154564919885,-15.285957453398808,0.030911794102908386,0.7052006299724044
-49.23778361669613,-13.215340723503312,0.020465043291443694,0.5892713685938226
-48.00709167745238,-16.25838374845819,0.016172864560621215,0.9587060860144693
-49.08731580660611,-13.06936448983389,0.01959438573114147,0.5442719531351171
-49.44888770846421,-14.556076285051697,0.026018811063691256,1.1419387156850662
-50.89742110410694,-17.091571174479046,0.02030950790817435,0.6453492003348344
-50.85699691632156,-17.118520633002632,0.020752941330734555,0.6699273190503304
-52.33247977048788,-18.427815159606833,0.013484329178554614,0.8432544053935559
-48.45175774309154,-18.277347349516816,0.017031173037106058,0.9153674434631008
-48.19349209890718,-17.073604868796657,0.020560693887578856,0.9046052883672008
-50.91987898620993,-15.461128933802115,0.0172689970699093,0.9179263367110616
-50.52462026119734,-16.444784169912992,0.015568010018201827,0.924931459182896
-48.23840786311316,-17.89331756555572,0.016028184473631996,0.78390310918833
-48.7302354811686,-16.52338675727345,0.028298867140803145,0.8561668517512745
-48.696548658014116,-16.011347045325323,0.020724158823057497,1.0015956115356948
-48.24289943953376,-15.41172159317554,0.029217940908331567,1.19155228992066
-46.89767230156477,-13.10529710119867,0.029691236408839822,1.491386778934735
-48.39785882604437,-18.06175168132813,0.016553278600413474,0.8274822032639554
-51.634039637084946,-15.912532364072174,0.014739855344801937,0.7236748427152793
-51.48132603878463,-18.373916242559662,0.021618077537268805,0.831824624833957
-50.50440816730465,-14.592008896416479,0.018469673134044046,0.6191539263250886
-50.574027601823914,-14.374167440017494,0.01018426534007022,0.5215451178246742
-49.72736544654126,-16.941103364389026,0.014596315269685366,0.9217735327056517
-48.68082814054202,-15.088328090892514,0.030877916772706033,1.1507684053642875
-51.38924872216238,-16.159569067205044,0.015785665614199845,0.8670662975801288
-48.507902448349014,-15.71265721335558,0.019518431281251573,0.9633080104028715
-47.71289342190324,-18.313279960881594,0.016365112433331937,0.8573900733908445
-46.91788439545746,-13.922764009747434,0.0371038885079467,0.7832231986082728
-52.99723308073632,-17.318395783719225,0.01719436369831833,0.7984823811406607
-49.374776697524354,-17.12525799763353,0.02306585426599952,0.9651035140115692
-51.488063403415524,-18.012344340701556,0.022309494879456528,0.7791214270715504
-52.393116052165944,-18.708538685894187,0.027071115924294804,0.7566343305270951
-49.57465184824095,-13.747592529344129,0.007847122869692165,0.7995552097398319
-46.36991207214455,-14.684086213038729,0.0266948743328636,1.257096463577317
-52.68057694308419,-18.281838925937414,0.021797836825058006,0.8682241907305522
-50.85924270453186,-17.61034825105807,0.02734474827016914,0.7806243510941909
-48.162051063963,-17.365557336135502,0.021214682700089662,0.7765132276387936
-52.81532423570212,-18.623198733902832,1.4142725956260322,0.5449885339215691
-49.958681632202044,-15.701428272304087,0.013670952926302942,1.0547905231044592
-47.7780212800019,-17.906792294817514,0.015288418138035897,0.9069478198835713
-47.811708103156384,-14.075477608047754,0.01741787584492636,1.373515036469677
-51.73959168296899,-17.940479117971993,0.014193859389288799,0.9456018993038823
-50.77390275254051,-15.638546202415721,0.015620608934722181,0.9689733451716419
-46.80784077315282,-13.154704441825244,0.03044035835850532,1.029215183786317
-47.63653662275308,-13.740855164713231,0.01750713333571666,1.0188041559187886
-51.45662236847134,-18.834302825670918,0.025305053335496857,0.7322076758864565
-46.6596187512731,-13.823949328494287,0.0362356789806093,0.9053972334738605
-47.14021742827704,-13.457885850215582,0.03755763703980237,1.136302560733234
-50.12936153618475,-16.045033868479806,0.012397007892035631,1.228825540272655
-49.89804535052397,-13.01321978457642,0.011223585693874613,0.5591673777419194
-47.82967440883878,-13.691447824086657,0.015904489649560056,1.3722261260208777
-49.819442763163515,-16.628938803157492,0.015364514069056198,0.9712364960509504
-48.651632893808134,-14.228191206348072,0.01570458930190523,0.9750325506488
-49.67795810591469,-14.879469787334726,0.019188087735224475,1.076858336657444
-52.42455708711013,-16.91415390586544,0.022895228544197763,0.8356707452188417
-52.14607934903307,-17.77653657862018,0.013231321891638975,0.7279861595693956
-52.54582965046626,-16.516649392642552,0.030230189924785895,0.9796412674840149
-50.62118915424019,-15.420704746016737,0.019511979791234684,0.6231738997561703
-49.23778361669613,-14.805358776394865,0.026194997731436336,0.8191767934625241
-48.635912376336044,-17.428439406023866,0.026802161504633253,0.7317690940843922
-48.391121461413476,-14.196750171403888,0.014645431117986194,1.1834264408936026
-51.591369661089274,-17.437422558865062,0.02798951078258084,0.6809570692936743
-51.85188109348393,-16.058508597741596,0.014311820049960598,0.9069292205416909
-52.512142827311784,-18.19425318573576,0.017904203006222846,0.9455272862200729
-49.80821382211202,-16.152831702574147,0.01238025044677762,0.7754323740159773
-47.346829943624535,-13.660006789142475,0.03779074928683614,1.5487283278384216
-48.67184498770083,-13.810474599232494,0.017313010454411453,1.0957265739160509
-51.00521893820128,-17.971920152916177,0.02458983494979394,0.8176066479950531
-52.280826641651004,-18.36717887792877,0.013475177492279904,0.908237292181446
-48.647141317387536,-16.768177672196018,0.02786309695520318,0.834208116485371
-47.679206598748756,-13.972171350374008,0.01795391772790087,1.5972229399517064
-52.107900949458,-17.864122318821835,0.013335574592788462,0.6198010611634245
-48.144084758280606,-14.825570870287553,0.02550360627075427,1.5071859327045658
-52.6648564256121,-17.23754740814847,0.02025507381090066,1.0720145630334947
-49.45113349667451,-17.49581305233283,0.022821573237678947,0.7891915241978847
-49.053628983451624,-14.360692710755702,0.01622644599034391,0.8042298374836374
-49.63528812991901,-17.1791569146807,0.014515298327511406,1.0013423883073354
-47.227803168478694,-14.053019725944765,0.03872287052835747,1.5885793800394763
-47.68145238695905,-14.960318162905482,0.023260862821106766,1.0685763933988843
-48.23167049848226,-15.643037778836318,0.017204367480893296,0.9379205412991092
-46.91563860724716,-13.363562745383032,0.0345191519560407,1.128174978160258
-48.19349209890718,-15.1152775494161,0.026677955855343705,0.9881380326987322
-49.03117110134863,-15.710411425145283,0.01812701157581658,1.0742570158439182
-49.68244968233529,-16.534615698324945,0.015111801451568308,0.7788031064241204
-49.74308596401335,-16.48520835769837,0.009997682163683788,0.9186216500646441
-52.507651250891186,-17.565432486852096,0.014047682748052041,0.9650591361208881
-50.08893734839937,-14.187767018562694,0.008136628229346372,0.6619605470458473
-48.18450894606599,-13.89356876301355,0.014215895417968553,1.2560594753923284
-48.86498277378652,-17.940479117971993,0.01907897632609064,0.872350851661369
-48.61794607065365,-16.880467082710958,0.027495255573021536,0.9975933268298421
-47.70391026906204,-14.068740243416856,0.01817983602600062,1.3042492347739287
-51.104033619454434,-18.791632849675242,0.025627986155021123,1.1846620163348478
-48.67184498770083,-17.529499875487314,0.020516892257506254,0.8362008233010964
-49.32312356868748,-17.639543497791955,0.02114502104533316,0.982448355033324
-53.0488862095732,-17.473355170229844,0.018028131005200954,0.7758753603558811
-48.08569426481284,-15.07934493805132,0.02532090905055792,1.016217050779256
-52.844519482436006,-18.43904410065833,0.02236475648609643,0.5583960306765327
-49.893553774103374,-14.859257693442036,0.018765262055783615,1.324966654872807
-50.67957964770795,-14.787392470712474,0.01747102680485995,0.5940086409505518
-52.107900949458,-16.52114096906315,0.023854370099857795,1.0380920444228392
-49.59037236571304,-16.835551318504983,0.014393169891119023,0.8147817456758316
-52.554812803307456,-18.64341082779552,0.03138157284523383,0.7806468707757553
-50.42131400352359,-15.070361785210123,0.01865839312084022,0.9263239529113622
-48.10815214691583,-15.422950534227036,0.0278053345751365,1.072969983260626
-47.7847586446328,-16.78838976608871,0.016816713332494012,0.9907228394908872
-51.61382754319226,-18.744471297258965,0.018906295039882136,0.8533939867207728
-47.169412675010925,-15.856387658814704,0.02732321785892625,0.7228978618530068
-51.80696532927796,-17.76306184935839,0.013986586383429518,0.8639396583295685
-48.58201345928887,-13.684710459455761,0.01790540128762857,1.1470882472817037
-48.9098985379925,-15.73511509545857,0.018585022645707192,1.2090342600670014
-48.368663579310486,-17.504796205174028,0.017116060919118624,1.1240909253933156
-48.725743904748,-18.26611840846532,0.01796391573784208,1.1968420924209449
-50.31576195763955,-17.38576943002819,0.016619292356453225,0.5975821496173925
-47.32212627331125,-14.410100051382274,0.04068094129870976,1.6396787231683534
-52.18201196039786,-18.71303026231478,0.024821058638392405,0.6282896002801887
-49.33884408615957,-16.613218285685402,0.02618765374444115,0.9470273950466056
-50.72898698833453,-16.938857576178727,0.017616100818629816,0.9826763868617973
-47.66573186948696,-14.45726160379855,0.020615038289896446,1.1375254044589802
-48.352943061838396,-13.882339821962056,0.013403948636243059,1.382758213927687
-48.92337326725429,-14.49319421516333,0.02026654944929639,0.6985676237790012
-49.037908465979534,-13.224323876344506,0.01973354067618833,0.5584084780301578
-49.60609288318513,-17.89107177734542,0.011667288772296782,0.77440072743592
-49.59935551855423,-15.512782062638987,0.016464679646111806,0.8741503130388376
-47.08182693480927,-13.269239640550483,0.033837334072892834,1.2134833678705534
-49.633042341708716,-15.328627429394485,0.021207324129428273,1.0495103093478229
-47.82967440883878,-14.917648186909805,0.023595078631055196,1.0009066526691406
-47.564671400023514,-15.05913284415863,0.023094844295172508,1.543851650536582
-47.55344245897202,-15.05688705594833,0.02310876119564597,1.5408298238733746
-50.852505339900965,-14.450524239167652,0.00959461543859701,0.6277661717052562
-50.23491358206879,-13.228815452765105,0.011338901308650636,0.7490793969760552
-47.346829943624535,-13.529751072945144,0.037434594684980706,1.4029582032858272
-51.618319119612856,-15.60261359105094,0.015929450649094384,0.7113509518814958
-48.14183897007031,-14.320268522970323,0.01670503662166987,0.8290364177152378
-47.834165985259375,-15.56443519147586,0.018348531607909436,1.0362278879451159
-48.85150804452473,-17.886580200924822,0.019286824642109963,0.8952388646080117
-49.86660431557979,-15.02095444458355,0.019200892836451416,0.9286050070032177
-52.14607934903307,-15.899057634810381,0.0143122238320508,0.7883448976271351
-49.83067170421501,-14.53361840294871,0.018741673586508856,0.7264669415242859
-50.47072134415017,-15.025446021004147,0.018373771529592426,0.8118452534131033
-49.053628983451624,-15.351085311497474,0.027946054874793125,0.7423071452204243
-46.967291736084036,-14.383150592858689,0.039377821427753514,0.4635855375249731
-48.128364240808516,-14.596500472837075,0.026099913042495454,1.5361347301476032
-52.790620565388835,-16.941103364389026,0.021976252256369126,0.8165621595831123
-51.912517375162,-18.187515821104864,0.01398147102095212,0.6999575636058523
-50.52237447298704,-18.349212572246376,0.020008911012157415,1.1240324204715675
-50.883946374845145,-19.177908421846634,0.025710088820700815,0.6990496750696599
-48.05649901807895,-16.507666239801356,0.015654091160937883,1.1483177290046644
-51.135474654398614,-16.08770384447548,0.015756098589575808,0.7414319142024223
-48.40010461425467,-18.120142174795898,0.01665370761143226,0.8439539319955401
-49.455625073095106,-17.882088624504224,0.020555790239054256,0.9230898890368505
-48.42480828456796,-16.920891270496337,0.02251138896356013,0.7979716717219073
-49.97889372609473,-16.646905108839885,0.015791454159379905,0.8397030035144651
-46.794366043891024,-13.192882841400323,0.03106265990504842,0.9578302112620444
-47.82967440883878,-16.0495254449004,0.01710193695004967,0.7769028128440684
-51.054626278827854,-16.460504687385082,0.016048441381620877,1.025830244533103
-47.656748716645765,-17.392506794659088,0.017313600112722153,0.9497025264490474
-51.104033619454434,-16.11016172657847,0.01577717193177373,0.7785953508145602
-52.44476918100282,-18.371670454349363,0.013209788843520323,1.0750826734161587
-48.31925623868391,-18.131371115847394,0.01653722334062154,0.9308380970264638
-48.78413439821577,-14.56730522610319,0.030240390485861857,1.1983115111937421
-47.93747224293312,-16.152831702574147,0.016574601112422236,0.8397505076704884
-47.018944864920904,-15.108540184785204,0.03378258758418524,0.8865365851184511
-49.69367862338678,-13.208603358872415,0.012159344980709669,0.5374041402632439
-50.38538139215881,-18.70404710947359,0.019881515970650066,0.9643871016022486
-50.68407122412855,-16.74571979009303,0.01647511941783354,0.8875935763193629
-48.66735341128023,-13.850898787017872,0.017146080443593503,1.0966052259770513
-46.839281808097,-14.760443012188889,0.03891876241076701,0.4283037058483799
-48.10141478228493,-15.18938856035596,0.02608060470298992,0.9477984426068308
-48.58875082391977,-15.982151798591438,0.021434781992984212,0.885458334937049
-48.01158325387298,-17.803486037143767,0.015524646445239534,0.855479473536071
-47.68818975158995,-15.24553326561343,0.023630780750337005,0.9877526858789495
-50.36741508647642,-15.456637357381517,0.020178334139435015,0.8194555097167645
-52.32125082943638,-18.165057939001876,0.01312485450925659,0.8046262489113222
-47.753317609688615,-14.872732422703828,0.02354905917738608,0.907330136294306
-47.81844546778728,-17.02644331638038,0.0172117234374032,0.867679755844283
-51.28818825269893,-17.14097851510562,0.025201333307588995,1.0757597813713788
-46.16105376858676,-14.654890966304844,0.026135313154506873,0.7863421661231248
-49.88007904484158,-17.695688203049425,0.01227976095839892,0.5127576314934637
-51.88107634021782,-17.089325386268747,0.025878536027388842,0.9271303644644672
-51.47009709773314,-16.723261907990043,0.029088781450856423,0.9911742601449206
-49.064857924503116,-16.934365999758132,0.022898606834282725,0.8446478053540606
-51.95294156294738,-16.96805282291261,0.025479423852634277,1.0479110396869646
-47.73984288042682,-13.841915634176678,0.01701579467491979,0.9758330933732685
-52.15506250187427,-18.450273041709824,0.013828627873600497,0.9404817819470163
-48.979517972511765,-17.61259403926837,0.020553631571233917,0.8576036393211545
-52.26286033596861,-17.042163833852474,0.023611430122529625,1.0498270111110235
-48.69879444622441,-17.282463172354444,0.025749849640656488,0.7904510588004613
-47.212082651006604,-14.931122916171597,0.03682848080259793,0.6209086600734233
-50.34720299258373,-16.348215276870143,0.01135209849917892,0.9918239525971616
-48.988501125352954,-15.521765215480183,0.01900429123369073,1.0365907876540739
-49.20858836996224,-14.706544095141718,0.02666891399568629,0.814706621460436
-49.52299871940407,-14.163063348249407,0.009348606953337685,0.7729485023871318
-48.635912376336044,-15.84515871776321,0.020563667325594642,0.9711716548617813
-47.06610641733718,-14.246157512030463,0.039014208237287164,0.5297648476581662
-46.6483898102216,-13.747592529344129,0.03590789996704587,0.6539498514236141
-49.053628983451624,-15.396001075703449,0.028175159188097574,0.8782064313779325
-47.49954354192485,-15.07709914984102,0.027221765427489327,0.7012155642484158
-52.078705702724115,-18.70404710947359,0.023624616428375034,0.6643062875475779
-51.243272488492956,-15.164684890042674,0.013098462879873252,0.42631018323374886
-51.99561153894306,-18.567054028645362,0.022773672168718315,0.9694777689457048
-47.84539492631087,-17.042163833852474,0.017455637420293102,0.9516292657086861
-49.44888770846421,-16.363935794342233,0.024229869492756313,0.9049356778976346
-49.637533918129314,-17.859630742401237,0.011747481433991206,0.7435643096532187
-51.452130792050745,-18.623198733902832,0.025522512767064916,0.9892214692437418
-50.76716538790961,-16.586268827161817,0.01851734795268242,0.9455080677222156
-49.796984881060524,-14.04628236131387,0.008045534613909094,0.6556203166397733
-47.73984288042682,-17.414964676762075,0.018036037387840483,0.9595239545185432
-48.32374781510451,-17.51602514622552,0.016008821529152294,0.996945776750151
-50.600977060347496,-14.949089221853988,0.018301191628665135,0.8024180528648045
-51.85412688169423,-16.837797106715282,0.026208480192230706,1.1093589790567524
-46.68656820979668,-13.576912625361418,0.035289446140649904,0.5978642179711574
-48.36192621467959,-16.069737538793092,0.015998044452079575,1.0296025133110425
-50.15181941828774,-18.39861991287295,0.011901328326029078,0.6788476115598446
-49.145706300073876,-16.027067562797413,0.019856021619459565,0.9986421159637429
-49.235537828485825,-15.501553121587493,0.02203145367898635,0.9762173183919333
-50.547078143300325,-16.566056733269125,0.018662463287119874,1.0636706207392868
-49.05812055987222,-17.9314959651308,0.01930433178344935,0.9281578101510317
-49.33435250973897,-17.037672257431876,0.02311538840694175,0.9921436445965086
-51.11301677229562,-16.336986335818647,0.01593549473371369,0.9609490506221562
-49.54321081329676,-13.25351912307839,0.012456887892463802,0.5518487925850232
-49.34108987436987,-18.564808240435063,0.021205943036472653,0.868201781582007
-48.209212616379276,-13.502801614421559,0.013577770244631474,1.8424327790227955
-47.48157723624246,-16.837797106715282,0.024373619917187162,0.8670691626344821
-48.83129595063204,-16.4290636524409,0.023706212573032515,0.8666532757402546
-51.60484439035106,-18.510909323387892,0.0176616434896582,1.009423638286398
-47.95543854861551,-14.001366597107893,0.016068124816786593,0.7351288118678506
-50.5964854839269,-15.912532364072174,0.01585993160080029,0.8242292886709345
-50.52237447298704,-18.203236338576954,0.02097305343908206,0.991079416423525
-49.64427128276021,-15.530748368321378,0.014785091937334157,0.9138621098200698
-49.25350413416822,-13.844161422386977,0.017703266160215492,0.7366709667424477
-49.26024149879911,-18.126879539426795,0.01893559436451595,0.9175745626418584
-47.54895088255142,-16.70754139051795,0.01532417876893293,0.8167705305270098
-49.74757754043395,-14.598746261047374,0.01903360761387469,0.9215158349331077
-48.876211714838014,-17.432930982444464,0.024313709452346986,0.8427752923785233
-50.37415245110732,-13.035677666679407,0.01143391327327514,0.5712743849653109
-52.222436148183235,-16.13261960868146,0.01458325727213578,0.7359797022795584
-47.81395389136668,-13.675727306614567,0.015980491805098373,1.285994857532476
-46.960554371453135,-13.752084105764725,0.036447551972586104,1.4974770194415754
-50.38313560394852,-15.728377730827672,0.01334105276909606,0.938788384782915
-47.93747224293312,-16.359444217921638,0.01610847156753249,0.874152101730608
-46.89542651335447,-15.717148789776179,0.02666834272523422,0.8618830059369117
-51.94620419831648,-18.892693319138687,0.02233481527203593,0.7217047509593374
-50.01482633745951,-15.027691809214446,0.018966627027806816,1.1158146941529392
-51.76878692970288,-17.02419752817008,0.026638807899507184,1.1913312180660312
-52.70528061339748,-16.655888261681078,0.027840419591075388,0.9859439135469574
-47.63653662275308,-18.23018579710054,0.015911975428746297,1.1262276920127723
-47.28394787373617,-14.223699629927474,0.03969629025234551,1.4462058263720412
-51.92150052800319,-17.969674364705877,0.013794529851745433,0.7688925423600557
-48.66286183485963,-13.552208955048132,0.018404984724621522,1.192695224508057
-50.026055278511,-13.704922553348451,0.0076342308785969345,0.7902458289731703
-48.422562496357656,-14.40111689854108,0.01628535589757064,1.3260196452514699
-46.93360491292955,-13.177162323928231,0.03132645969034475,1.1231247845900556
-49.32986093331838,-15.694690907673191,0.019221324561512942,0.9861931165499426
-46.41033625992993,-14.753705647557991,0.02154117523345555,0.9595847931774927
-52.71875534265927,-17.10729169195114,0.020526773348356,0.7784327888326511
-51.483571826994925,-16.26062953666849,0.013989272394407962,1.1378085979614476
-46.78089131462924,-13.996875020687295,0.037160729032059206,0.7438319877498479
-49.439904555623016,-15.122014914046996,0.024588483633631527,0.8648485930501949
-48.99748427819415,-14.910910822278908,0.02777767607895198,1.2827768600089264
-46.25762266162961,-14.003612385318192,0.02210497993606788,1.0306035487532197
-52.891681034852276,-18.28633050235801,0.020140185611232913,0.6080190398037931
-47.65450292843547,-14.706544095141718,0.024392925003014133,0.9177435591605985
-49.293928321953594,-15.425196322437333,0.026452893912969542,1.004553094256358
-51.18039041860459,-16.833305530294684,0.02194594820442213,0.9449778498531254
-50.821064304956785,-14.273106970554048,0.009584769064551305,0.612356556708783
-47.939718031143414,-13.341104863280044,0.017053557790112035,1.2253016894585504
-49.70041598801768,-18.526629840859982,0.017291376937540417,0.7140018058369506
-52.732230071921066,-17.87535125987333,0.018018908342507054,1.094199945005519
-48.132855817229114,-17.62831455674046,0.015634301065104526,0.8861764519840044
-47.308651544049454,-14.859257693442036,0.038270188173090705,1.0856336039717382
-47.501789330135146,-13.354579592541837,0.028343427980100068,1.432537722784411
-46.8460191727279,-13.21758651171361,0.03164625593612021,0.8297433680862442
-52.36392080543206,-18.483959864864303,0.016056767601185965,0.8746017367541067
-49.954190055781446,-13.922764009747434,0.007867585327001764,0.711220120369893
-48.373155155731084,-16.0517712331107,0.016022788689737798,1.030923262534648
-51.982136809681265,-17.149961667946815,0.02522871090531256,0.9504659592947674
-51.76654114149258,-18.133616904057693,0.014256500379032823,0.7888700829418446
-49.87109589200039,-13.529751072945144,0.0075072824957999424,0.6857411653323146
-50.488687649832556,-17.915775447658707,0.014426828608648051,0.8134999277406899
-47.76005497431951,-17.471109382019545,0.018205583646620758,0.9260767232406076
-48.99299270177355,-15.41396738138584,0.028830691041351185,0.9532827003012597
-49.86885010379009,-18.27060998488592,0.011491433162440081,0.8720418166479909
-49.24676676953732,-16.206730619621318,0.021805722122265916,1.1460845940429487
-49.327615145108076,-16.626693014947193,0.026030137019780353,0.9349934919076266
-48.530360330452,-15.483586815905102,0.0298957260628338,0.9450505608111679
-50.79636063464349,-16.552582004007334,0.019335652106698516,0.9898223462522178
-49.05138319524132,-13.134492347932554,0.01958521382836287,0.5662013602059519
-46.426056777402025,-14.059757090575662,0.02171579615235752,1.0396916356134298
-50.70877489444184,-17.40598152392088,0.028337913328086457,0.9893820568956967
-50.01931791388011,-14.077723396258051,0.00802144512850193,0.5863433031885306
-47.919505937250726,-15.337610582235682,0.025491885791323967,1.227699373289922
-50.883946374845145,-14.913156610489207,0.015144312426092226,0.5459744920359043
-51.41170660426537,-17.969674364705877,0.025614618323025647,0.7386795644759135
-48.334976756156,-17.529499875487314,0.015848407172509058,1.0722093955571013
-50.64813861276377,-17.473355170229844,0.030410490750852424,0.9649175052854105
-51.03216839672487,-16.224696925303707,0.01587232351947942,0.9837727493297508
-49.20858836996224,-18.088701139851715,0.018951883831233418,1.0301286368973586
-48.748201786850984,-15.685707754831995,0.019468503485121202,1.099136930561631
-47.31314312047005,-14.284335911605542,0.04008316260531234,1.467200061979968
-47.42992410740559,-14.64366202525335,0.041980432672764426,1.4728124204365745
-47.80047916210489,-15.8653708116559,0.017641275080499168,1.0386393295618654
-46.34296261362097,-13.904797704065045,0.02309036429951253,0.9529939904551444
-48.631420799915446,-15.912532364072174,0.020803246636088096,0.879776917897105
-48.31027308584272,-16.68957508483556,0.021353896649066412,0.8791669404553993
-49.853129586318,-14.603237837467972,0.018803853426860896,0.7062248805558484
-51.27920509985774,-16.963561246492016,0.023779883789515153,0.8257711053233606
-52.2943013709128,-18.506417746967294,0.02129007432596677,0.916080301818687
-48.18001736964539,-16.82207658924319,0.020138442588652862,0.823643552743038
-49.92274902083726,-17.361065759714904,0.015377998034604917,0.7270144873726575
-49.03117110134863,-13.91153506869594,0.017147809924252768,0.7864287405825195
-48.855999620945326,-17.785519731461378,0.01969913097924141,0.9041720865502275
-46.17228270963826,-14.690823577669626,0.025851313044924513,0.7023561516285314
-51.717133800866,-17.774290790409882,0.014195660445830779,0.8957870474976546
-48.66510762306993,-17.27572580772355,0.02612663253227901,0.8494674181877092
-49.64651707097051,-18.36044151329787,0.01108436333761458,0.7748123619408472
-50.360677721845526,-12.802115692808332,0.012065011289191468,0.5249943109184356
-49.08282423018551,-13.246781758447494,0.01993555978671908,0.6055250118907122
-50.92886213905113,-19.278968891310083,0.02556463518285648,0.638102536648546
-47.37153361393782,-17.882088624504224,0.013062709116863245,0.7411805860845874
-49.21532573459314,-14.428066357064665,0.01645187064800655,1.0139691394597943
-47.05936905270629,-13.846407210597276,0.037177470860293646,1.155833522769875
-49.92948638546816,-15.180405407514765,0.019641576027275207,0.8559640952825956
-47.38949991962021,-17.866368107032134,0.015006685227611545,0.7613505596692893
-48.584259247499176,-13.89356876301355,0.017031506756192787,1.3743420711029122
-48.7212523283274,-17.017460163539187,0.025705285424240037,1.0195508419659174
-47.15144636932854,-13.451148485584685,0.03752380344615029,1.0232993459477047
-50.118132595133254,-16.945594940809624,0.015759808523790674,0.825521028482156
-51.37352820469029,-16.191010102149225,0.015807349557438205,0.921273463982085
-48.748201786850984,-13.215340723503312,0.01909749337845717,0.6571132238746694
-50.56279866077242,-18.843285978512114,0.027353118670174894,0.8737063333044444
-48.08569426481284,-15.297186394450302,0.026630539285745,1.0159209885267497
-50.99398999714979,-19.39799566645592,0.02388471127483398,0.9475370393786476
-48.16878842859389,-16.417834711389407,0.015537599440514699,0.9817334139740527
-50.01707212566981,-16.875975506290363,0.01543856849142646,0.752955081907484
-47.908276996199234,-17.282463172354444,0.018686384798322537,0.7041180569968186
-50.01707212566981,-14.237174359189266,0.00820201226020485,0.802199434067123
-48.18900052248658,-17.814714978195262,0.01585154021573681,0.8792850677014189
-49.90253692694457,-17.268988443092653,0.015189865207223938,0.84383907640031
-49.610584459605725,-16.278595842350878,0.01228517451996502,1.0418308264812322
-48.283323627319135,-16.552582004007334,0.021228175931947618,0.8029796958307754
-50.51788289656644,-15.180405407514765,0.018923389356364333,0.63540444827461
-47.73535130400622,-17.938233329761697,0.015305402142350382,0.9535858158946873
-52.82655317675361,-17.70691714410092,0.016962442059497887,0.984574228746864
-51.5374707440421,-16.054017021321,0.014227467290689789,0.7747257030646826
-49.540965025086464,-16.658134049891377,0.01462437744768318,0.799551492004556
-49.94969847936085,-14.425820568854366,0.008436025774604583,0.8055043948017441
-50.124869959764155,-13.790262505339806,0.007705323001857728,0.6900943526573736
-47.753317609688615,-13.788016717129507,0.016742567732171372,0.9161120437938693
-51.31962928764312,-16.660379838101676,0.02627487588519559,0.8658076366954401
-47.35132152004513,-17.619331403899267,0.019492280137880635,0.7683693989816313
-50.67284228307706,-16.552582004007334,0.01879340324043866,1.1880433913618387
-47.034665382393,-14.302302217287933,0.039181548393288836,0.5859228376322593
-50.70428331802125,-17.284708960564743,0.025075122200975304,0.8844415489803857
-51.59810702572017,-15.2994321826606,0.01540434555399145,0.582876329056258
-49.347827239000765,-15.07709914984102,0.024937603194925256,0.7603474687488108
-49.13223157081208,-18.077472198800223,0.018830273579433367,0.9691134099201237
-51.804719541067655,-17.45538886454745,0.026544889876445626,0.9600974128559816
-50.73572435296543,-18.481714076654008,0.021638430797917406,0.725319237147592
-50.612206001398995,-15.517273639059585,0.016300172524653787,0.7397518724428892
-48.58201345928887,-16.795127130719603,0.028403362060182867,0.8303317280862763
-52.94782574010975,-17.72712923799361,0.01782937541720406,0.8165401034600867
-49.62181340065722,-13.859881939859068,0.007929952078170344,0.7090714430523457
-50.37415245110732,-12.750462563971459,0.012245058090033236,0.5073163563240796
-48.68307392875232,-15.088328090892514,0.030854943143633663,1.1383091820021092
-50.52686604940764,-16.07198332700339,0.015472934998744274,0.7568724131875039
-49.707153352648575,-15.968677069329646,0.013056240323311838,0.7906066494332838
-49.12773999439148,-17.304921054457434,0.0223574730099975,0.8335619250301946
-51.00971051462188,-17.547466181169703,0.027973812946727843,0.8782824128147383
-47.362550461096625,-14.81209614102576,0.03920885905104343,0.9003743717237715
-49.877833256631284,-14.095689701940442,0.008073049418897782,0.7971962312315473
-48.56629294181678,-14.865995058072931,0.03186624181560873,1.3552042870522056
-50.15181941828774,-13.0491523959412,0.011583224804574202,0.7446745990728978
-48.620191858863954,-16.662625626311975,0.028945629562538214,0.8715907830601517
-52.83104475317421,-17.906792294817514,0.018622419154607883,0.9862825482205647
-48.87845750304832,-15.726131942617373,0.018720964882268508,1.14473891445637
-48.00709167745238,-16.03829650384891,0.016680977726252284,1.0820502485286352
-51.02992260851457,-15.256762206664924,0.015103822902978141,0.6272195718716999
-51.36454505184909,-15.108540184785204,0.012109379283438458,0.5189353741472676
-51.56217441435539,-15.26349957129582,0.015466976020233622,0.6233846616040392
-50.75818223506842,-18.299805231619803,0.02182738635313541,1.1426163384414834
-50.771656964330205,-15.60261359105094,0.015604569942361788,0.8115483246832694
-47.358058884676026,-13.960942409322515,0.038922636587244416,1.2120167776249264
-49.6667291648632,-15.840667141342612,0.01351167568104455,1.2214841582225457
-50.38987296857941,-13.132246559722255,0.011261334088571039,0.5690122383102985
-50.38538139215881,-15.934990246175163,0.01261825373027788,0.8438310182570911
-50.762673811489016,-17.042163833852474,0.0192887378551408,0.8312653615077658
-50.01707212566981,-15.723886154407076,0.01354625238349377,0.8371181780667881
-50.47970449699136,-15.535239944741976,0.01330212957218117,0.9316419845530458
-50.61669757781959,-13.505047402631856,0.011864561701879797,0.6687614474517046
-49.36803933289345,-15.054641267738031,0.02489044660217501,0.8246028693927809
-46.18126586247945,-14.791884047133072,0.02504112152359408,0.6832998668393926
-50.499916590884055,-14.726756189034406,0.018091017030615834,0.7121077975293403
-47.009961712079715,-15.60261359105094,0.026168298796679756,0.9222759983407313
-51.89005949305901,-17.28695474877504,0.025848079751567044,1.0537768847361944
-52.265106124178914,-16.415588923179108,0.014087881393649016,1.1208577886717315
-52.125867255140385,-17.72039187336271,0.0132720634735506,1.0079861308620999
-50.26186304059238,-14.627941507781259,0.018170760296659323,0.6516649224822367
-46.35643734288276,-14.367430075386597,0.019093641010918292,1.3224291528358452
-47.0369111706033,-15.2994321826606,0.03163672426393097,1.4694836641940476
-48.615700282443356,-18.111159021954702,0.018543562365513744,1.0201868064498922
-49.58812657750274,-15.685707754831995,0.014120260606962967,0.8317204377407653
-49.370285121103755,-17.585644580744784,0.021517133009917012,1.1078228401632126
-49.36579354468316,-14.154080195408211,0.017139476434959732,0.7403835703533576
-49.71389071727947,-15.948464975436956,0.013110878375468695,0.7632506688045956
-48.10141478228493,-18.38289939540086,0.01679572847123464,0.933254396017817
-48.988501125352954,-17.971920152916177,0.019047085770436987,0.936413154420845
-50.70877489444184,-15.993380739642932,0.01584534035927398,0.6562234520741189
-47.26373577984348,-13.395003780327215,0.03751947840783769,1.6682496457523435
-51.532979167621505,-19.067864799541994,0.01947334214355973,0.7860607025608988
-50.54932393151063,-17.396998371079682,0.029408370002346425,0.5952275194861033
-52.21794457176264,-18.791632849675242,0.025303285174597727,0.9513388877352501
-52.26959770059951,-17.902300718396916,0.01300541550596564,1.0865395294419684
-46.24639372057812,-13.51852213189365,0.01938363681206523,1.226375798905589
-48.047515865237756,-15.404984228544645,0.02706997948425124,1.0304376684768697
-51.87883055200752,-17.224072678886674,0.02589830402441959,0.9116929563788722
-48.14633054649091,-14.461753180219148,0.017800916937777495,0.8493021665480831
-51.869847399166325,-17.475600958440143,0.024041958943258997,0.8597860008905788
-51.413952392475665,-17.096062750899645,0.02704718313277967,1.0711238753837342
-49.06710371271342,-13.552208955048132,0.018485612939483028,0.6676230813722088
-50.59199390750631,-15.764310342192454,0.015783471251163105,0.6602683826999952
-49.36803933289345,-14.486456850532434,0.018572340760103362,1.2105440401721532
-48.86947435020712,-17.583398792534485,0.020562191396209385,0.8245220757721561
-50.740215929386025,-17.396998371079682,0.02792878479541294,0.8431295254007981
-49.33884408615957,-16.103424361947575,0.02141171197229456,0.9019686105066526
-50.07546261913758,-15.259007994875223,0.0196785986654221,1.1031596245600161
-48.30128993300152,-16.31003687729506,0.015579862981705763,1.8453832518634303
-49.617321824236626,-17.527254087277015,0.012400997672310381,0.8473529917238545
-47.85662386736236,-17.493567264122532,0.016894275633098553,0.8914629140607283
-50.102412077661164,-13.127754983301658,0.011556363054547983,0.6454706420048318
-47.31538890868035,-14.825570870287553,0.03877289277921876,0.8045461092951305
-51.490309191625826,-16.8063560717711,0.02822308504656218,1.0443077581671862
-52.4807017923676,-16.986019128595004,0.022381188592972136,0.7296328866053496
-46.50465936476248,-13.024448725627913,0.023487945535006903,0.7786586590871765
-51.40721502784477,-15.117523337626398,0.01197374601565636,0.6261272646011456
-47.908276996199234,-16.217959560672814,0.016496911728957397,0.9799607239839253
-52.50315967447059,-17.325133148350123,0.02190979758249355,1.052823184256465
-48.37764673215168,-16.78614397787841,0.021976150234631068,0.8945134253409058
-51.97989102147096,-17.713654508731814,0.01359358304311205,0.8923834042748894
-49.87109589200039,-16.027067562797413,0.012686705929964395,0.7770146684940324
-47.9599301250361,-15.180405407514765,0.024812516725184676,0.9605181274388855
-46.94034227756045,-14.969301315746677,0.03560526953655487,1.5063041990951127
-48.88968644409981,-15.932744457964864,0.019328931589123653,1.039643047948931
-52.613203296775225,-16.57503988611032,0.03020761414599585,0.8384788623359677
-50.49542501446346,-18.403111489293547,0.014457323835087438,1.0936022688728275
-51.25674721775475,-18.706292897683888,0.025534350381260975,1.3419694254129801
-47.10203902870196,-15.014217079952653,0.035279845794052064,0.7843541901546288
-48.829050162421744,-14.140605466146418,0.016162750429674053,1.0394167002786376
-50.05075894882429,-17.72712923799361,0.012455104565074699,0.7787157956690973
-47.67022344590756,-15.800242953557234,0.018203829253575422,0.954626354869618
-50.30453301658806,-14.686332001249028,0.018118274335762286,0.5588364326373702
-50.07321683092728,-14.825570870287553,0.018479865127982116,0.9280500161615662
-46.623686139908315,-14.7379851300859,0.040112075203299034,1.2660055488225594
-51.49704655625672,-18.369424666139064,0.019334927181455245,0.7979453430727155
-51.62505648424375,-17.98988645859857,0.014487270253349336,1.102238677887661
-50.14508205365684,-12.925634044374766,0.010587047819380274,0.7220145696878041
-50.20796412354521,-15.126506490467593,0.019010966200373146,0.7435099648359763
-52.70528061339748,-17.547466181169703,0.015627861330306324,0.7636982930234518
-48.7234981165377,-16.384147888234924,0.023622680235792132,0.8022567848462766
-48.14633054649091,-17.38352364181789,0.021155777700715483,0.8033363391128594
-49.53198187224527,-13.996875020687295,0.008372969508186128,0.6567718625161834
-52.27858085344071,-18.47273092381281,0.014295664173694279,0.9691218691078323
-50.434788732785385,-14.365184287176298,0.008376942883371662,0.5026136905149162
-47.52424721223814,-17.509287781594622,0.013622330808365736,0.9740488429668326
-50.31576195763955,-18.023573281753052,0.012496412567565975,0.8483439524164833
-52.23366508923473,-18.573791393276256,0.025455618984677568,0.7492933114378003
-52.539092285835366,-17.167927973629205,0.02255177174658563,1.2417055782676358
-48.840279103473236,-17.655264015264045,0.020232685087902536,0.9041972699660036
-46.538346187916964,-13.147967077194346,0.0302317738860309,0.8713135679437113
-50.56055287256212,-13.269239640550483,0.015259275521793444,0.7168915240292502
-47.43441568382619,-17.599119310006575,0.019630926798115667,0.6739296471877053
-48.05649901807895,-17.262251078461755,0.019871019920946278,0.9672877514384468
-49.518507142983474,-15.62282568494363,0.015255832938403897,0.9223510149359132
-49.72511965833097,-14.389887957489586,0.008462558877763253,0.791409944835689
-47.571408764654414,-14.441541086326458,0.021170938684204506,1.097814665140301
-48.41357934351647,-13.736363588292633,0.012714434573271812,1.166947096965514
-51.773278506123475,-17.489075687701934,0.020481876698224658,0.9581567867804196
-48.786380186426065,-15.874353964497095,0.019575585362261554,1.0246821711471623
-51.10178783124413,-18.36493308971847,0.021746599212564267,0.7931936687654743
-52.988249927895126,-18.095438504482612,0.020984774900938915,0.42250098136444597
-50.06423367808608,-17.785519731461378,0.012388429583762189,0.7633421015788805
-51.60933596677166,-15.492569968746299,0.015914233477549677,0.556868589039148
-49.235537828485825,-14.865995058072931,0.026048096810724636,0.8998582917702643
-49.145706300073876,-17.641789286002254,0.020702874155412474,0.8164538980509005
-47.76454655074011,-15.236550112772235,0.02391153937112294,1.1291731899709154
-51.12424571334712,-16.606480921054505,0.0228991895308284,0.9841575335520097
-51.1601783247119,-15.054641267738031,0.01305832421259037,0.7718393930622004
-48.61794607065365,-17.983149093967672,0.018964190461617503,0.925181439369898
-49.49604926088049,-15.665495660939307,0.017757319516623717,0.728489856380692
-48.39336724962377,-14.032807632052076,0.013823833910171847,1.5200580038046774
-47.15144636932854,-14.538109979369306,0.042496119861283196,0.6103755871275259
-52.53235492120447,-16.267366901299386,0.027320267628745686,0.9410459064807979
-52.141587772612475,-16.40885155854821,0.013904208514634222,1.4709365988486895
-48.66286183485963,-13.898060339434148,0.016951414208514266,1.1908102704291492
-46.98974961818702,-14.185521230352395,0.038507363855534125,0.5678028898694067
-52.59074541467224,-16.90067917660365,0.02478696948643038,0.8108949982748034
-49.54545660150706,-15.014217079952653,0.020138840930384254,0.7151004102449504
-48.763922304323074,-13.112034465829566,0.0188679023468182,0.6908474968846816
-49.572406060030644,-13.6128452367262,0.0077252497220352745,1.1244356856244042
-49.75656069327515,-13.12550919509136,0.01205587773551735,0.5669756869442342
-51.12873728976772,-17.062375927745162,0.021883684607047926,1.2227610450514435
-51.928237892634094,-18.53561299370118,0.02201097814517274,0.7932974899043276
-49.35231881542136,-13.621828389567394,0.01857823292937006,0.8907926257172271
-46.58999931675383,-13.96992556216371,0.03681391619575602,0.6560204911502444
-47.91052278440953,-15.326381641184186,0.025347407180169777,1.213129559552514
-49.92724059725786,-18.016835917122155,0.011866108298443864,0.7111741643247784
-48.83354173884234,-17.960691211864685,0.01898873565472617,0.8703009864541933
-47.44564462487768,-14.066494455206557,0.03976628639918657,1.4733234507135602
-50.80534378748469,-15.703674060514386,0.015637803983912565,0.6689806771772053
-50.059742101665485,-16.31452845371566,0.011662168950233294,0.9522663486208821
-50.95356580936441,-17.920267024079305,0.02493263958536867,0.8035323357968528
-51.18712778323549,-15.948464975436956,0.0156580102475699,0.6720725006251972
-49.850883798107695,-14.690823577669626,0.018731541741004366,0.5951671982985104
-49.63079655349841,-16.42232628781,0.011882927715625654,0.9739757996053476
-50.91538740978933,-15.05913284415863,0.015147952476744784,0.4904624596024953
-48.24289943953376,-18.086455351641415,0.016330634847332628,1.0582735293604733
-52.581762261831045,-17.02868910459068,0.02320237729871238,0.7668878687127446
-50.54932393151063,-16.927628635127235,0.018727712464563336,0.9986919840204358
-52.806341082860925,-18.13810848047829,0.02064406209886483,0.8035770081941646
-51.730608530127796,-15.777785071454247,0.015225449383564458,0.6605865773540067
-48.454003531301844,-13.439919544533192,0.012962246339981068,1.2322784780309555
-49.38375985036555,-13.864373516279665,0.017873911589741054,0.8956701309287493
-49.43092140278182,-18.010098552491257,0.01996200238416218,0.8661750195597365
-52.43354023995132,-17.201614796783687,0.02252042514707146,0.9467948250777248
-46.24639372057812,-14.468490544850043,0.01855139151116656,1.1143426763794009
-49.197359428910744,-16.723261907990043,0.024859091036905295,0.9629475445411647
-51.01420209104248,-16.981527552174406,0.019612150785485432,0.7794173519879762
-47.319880485100946,-16.929874423337534,0.026929484363130703,0.8644210220169297
-53.120751432302754,-17.848401801349745,0.017742083470782315,0.8963148654873075
-52.30553031196429,-18.524384052649683,0.025090547799701036,0.8172151117297624
-48.57527609465798,-17.81920655461586,0.019578089220025987,1.1906058784126037
-50.825555881377376,-14.228191206348072,0.009566114398846267,0.6273589902995526
-50.88619216305545,-14.221453841717175,0.009436914668486148,0.5579148956162719
-47.003224347448814,-14.994004986059965,0.03531539766916552,1.1706089806867934
-50.933353715471725,-17.23081004351757,0.023398203511870604,0.7555120106559636
-47.265981568053775,-15.351085311497474,0.03233621164986438,1.0276695263932853
-47.20983686279631,-13.841915634176678,0.037758466653371923,1.1952115254593279
-48.28107783910883,-13.848652998807573,0.013585453070685047,1.4661293914326594
-50.681825435918256,-13.91153506869594,0.010024524319497477,0.6844313518493182
-49.219817311013735,-16.058508597741596,0.020407271014229227,1.1359187327060725
-47.30191417941855,-16.000118104273827,0.028738586597445687,0.8349835849931407
-47.506280906555745,-14.194504383193589,0.022390263945928957,1.108499285557942
-50.589748119296004,-18.15607478616068,0.023025641406671942,1.124422344868268
-49.2871909573227,-17.491321475912233,0.02209747506872365,0.9580206877079197
-52.33697134690848,-17.841664436718847,0.012838853516050474,0.9816904895641718
-47.227803168478694,-13.570175260730522,0.03687270895486464,1.1652564408858228
-50.194489394283416,-13.399495356747813,0.011511608532395343,0.6299906897058614
-51.61158175498196,-18.710784474104486,0.018874759567135135,0.7951892835030662
-50.342711416163134,-18.4951888059158,0.01566357142635526,0.8488636925325631
-52.330233982277576,-18.537858781911478,0.026563110867392766,0.7156318895387824
-52.500913886260285,-18.632181886744025,0.03001519926984394,0.8984248947095422
-47.23678632131989,-14.021578691000581,0.03862493004539471,1.4749835891157674
-48.7145149636965,-15.917023940492772,0.020183583055203493,0.8281683087320063
-47.32886363794214,-13.85763615164877,0.038380703171999285,1.2854579240383577
-51.17589884218399,-18.481714076654008,0.021904380191704296,1.3023719236382993
-50.58301075466511,-16.399868405707014,0.01618682428521967,1.1357759901311806
-47.46136514234977,-13.505047402631856,0.03855208229266573,1.4292115063546635
-50.87047164558336,-19.26100258562769,0.025699319828674277,0.762052100752712
-50.097920501240566,-14.915402398699506,0.018587962453569674,0.9494986307835172
-48.01382904208328,-15.247779053823729,0.02563460195909138,1.0727301876961846
-50.07995419555817,-14.49319421516333,0.011646371627116828,0.7270772417275829
-50.63241809529168,-18.764683391151657,0.027139722939180377,0.9777399612083643
-49.305157263005086,-13.585895778202614,0.018633093166644226,0.7503436416221897
-48.5281145422417,-16.795127130719603,0.028641673161013008,0.8451284168927368
-52.26286033596861,-17.426193617813567,0.023578774470632034,0.8931642838118666
-47.7825128564225,-17.601365098216874,0.015107101692386824,0.9157739188293251
-50.99848157357039,-17.38576943002819,0.02764136856974906,0.876063784530043
-51.382511357531484,-15.604859379261239,0.01544112398391857,0.6841556300979543
-46.69105978621728,-14.711035671562314,0.040200149797250284,0.5918605195450972
-51.750820624020484,-16.893941811972752,0.026850942596168017,0.923760831800621
-47.64327398738397,-18.3110341726713,0.013572112183024055,1.1602496400626836
-52.71650955444897,-16.700804025887056,0.026783129627832202,0.8171828301867686
-52.12137567871979,-18.558070875804166,0.024182524710088867,0.7426204435212359
-48.245145227744054,-14.958072374695183,0.026807524871420126,1.134621809644033
-49.32986093331838,-15.391509499282853,0.02601459304701093,0.8308772988632458
-46.42381098919172,-14.688577789459327,0.026926943697490942,0.9859789603489872
-50.589748119296004,-17.825943919246754,0.02563545291520911,0.8162282053639794
-49.11201947691939,-17.08258802163785,0.022433019765206477,0.864381218601979
-50.33597405153224,-16.040542292059207,0.012287060992436788,0.873111443282709
-48.51688560119021,-13.68920203587636,0.015941605303025616,1.066072359885067
-49.92724059725786,-18.15382899795038,0.011701547392869433,0.7634788656697027
-51.923746316213496,-17.864122318821835,0.013743048117816249,0.7433123960319833
-49.03117110134863,-17.361065759714904,0.022848584690004885,0.7479191161854276
-51.975399445050364,-16.098932785526976,0.014319197639062855,1.0648476491462626
-50.92886213905113,-18.019081705332454,0.02412530274696053,0.970780633810601
-50.659367553815265,-17.983149093967672,0.02433788308958338,0.7773297968528938
-48.06772795913045,-15.934990246175163,0.016797162415886295,1.0127460392227203
-47.436661472036484,-14.277598546974646,0.040590852707920136,1.1609409458629782
-47.67696081053845,-17.83941864850855,0.015018515015940257,1.6551983487746809
-48.422562496357656,-13.792508293550103,0.012867873752528569,1.10439979315544
-47.7847586446328,-16.247154807406698,0.016768410401505552,1.0872567303760878
-46.971783312504634,-13.412970086009606,0.03568216100623469,1.4529726956477385
-49.88232483305188,-15.18938856035596,0.019782615903668758,1.0762808101910326
-52.08993464377561,-16.63567616778839,0.02533484324792035,1.2363238699441432
-52.377395534693854,-16.59525198000301,0.023961609754056666,0.9091201841434704
-47.185133192483015,-13.826195116704586,0.037585587852596726,1.2357653649547904
-49.6510086473911,-15.054641267738031,0.01988891552029387,0.8675299579322365
-53.0421488449423,-18.32675469014339,0.020660754918120892,0.6026269842325923
-46.76741658536744,-12.99076190247343,0.026267713867451855,1.2335770361462244
-48.19124631069688,-17.711408720521515,0.01577371862726823,0.7770081882409726
-50.07546261913758,-14.562813649682594,0.018472655194224974,0.8270085480305549
-50.15181941828774,-14.897436093017115,0.018491528608632297,0.8971381385022611
-47.560179823602915,-16.39088525286582,0.01721107287995304,0.8684992003135815
-49.82618012779441,-16.89618760018305,0.014850901337360169,0.6941860828823603
-52.067476761672616,-17.40373573571058,0.024779843582513145,0.9882378398845896
-50.284320922695365,-13.210849147082714,0.011283534126302583,0.6860179979357107
-48.99074691356326,-16.610972497475103,0.02651885504926103,1.0162474459272277
-46.97852067713553,-14.40111689854108,0.03949247016251035,0.4489532907819616
-47.438907260246786,-15.869862388076497,0.028536154354033737,0.8097596768958436
-46.2800805437326,-14.547093132210502,0.027541997100569864,1.0415261640080515
-52.880452093800784,-17.131995362264426,0.018728233285560357,1.0249339128371602
-50.20571833533491,-15.422950534227036,0.020189681938745218,1.1487785599699867
-46.48669305908009,-13.134492347932554,0.022331597253551244,0.9520128831400773
-50.91538740978933,-14.632433084201857,0.015222483858248302,0.5276256947429411
-49.347827239000765,-16.343723700449544,0.023507658307621825,0.9699699881897986
-48.11039793512612,-18.075226410589924,0.016100413664287733,0.7862461469141379
-51.76878692970288,-18.167303727212175,0.014280086071975446,0.7549089337862895
-51.87658476379722,-17.7428497554657,0.013826191345920873,0.9072849664314281
-48.10815214691583,-13.832932481335483,0.014449340227635662,1.2992087986514778
-51.13772044260891,-16.388639464655522,0.01597000974318132,0.735590415757407
-49.49380347267019,-13.994629232476996,0.014247526080165612,0.6430458038336765
-50.6032228485578,-17.82369813103646,0.025643542756521868,0.7901251118607856
-49.0962989594473,-15.607105167471538,0.018223544344299365,1.0319607032475493
-50.895175315896644,-18.94210065976526,0.025904633362902902,0.7432755359499147
-48.04077850060686,-13.846407210597276,0.014910630869939948,1.3621378550988859
-50.825555881377376,-14.333743252232116,0.009593426042292528,0.5439821170175455
-50.01482633745951,-16.887204447341855,0.015419676947226648,0.8082993581013339
-49.58588078929244,-14.450524239167652,0.008600893189976842,0.7027346305461616
-47.55344245897202,-17.522762510856417,0.015130210908084118,1.0156333829562143
-49.91152007978577,-17.208352161414584,0.0151429790499263,0.8735716625372332
-48.465232472353335,-17.767553425778985,0.016229728467750136,0.943820255353141
-46.74046712684385,-14.333743252232116,0.038669040079645396,0.5995005066052493
-47.486068812663056,-17.805731825354066,0.013524424207123052,0.9919029062419625
-47.564671400023514,-14.23268278276867,0.020030062234740725,1.2070804816828493
-48.78413439821577,-13.817211963863391,0.017274208184769855,1.1387934210012893
-51.04115154956607,-17.089325386268747,0.02110131673330676,0.7687013660626506
-47.52424721223814,-16.080966479844584,0.017852875723578555,0.672209103758679
-48.75044757506129,-17.99213224680887,0.018867489365412216,0.9624715616287411
-51.36903662826969,-15.708165636934984,0.015499062604562599,0.6859916973640798
-46.742712915054156,-13.637548907039486,0.03556823103363986,0.5674692270362687
-48.507902448349014,-17.224072678886674,0.02586657760242159,0.9668678853866112
-48.921127479043996,-16.29880793624357,0.02223712141793149,0.9366439338968657
-49.15468945291507,-13.916026645116538,0.017323123126247713,0.7481557633782535
-47.36928782572752,-14.073231819837455,0.03942725552477583,1.5507358257295438
-47.82967440883878,-13.848652998807573,0.016370784104964984,0.695948138655868
-50.026055278511,-15.65651250809811,0.01377452639188643,0.8770632192911058
-47.32212627331125,-14.484211062322135,0.041135702243858666,1.3900326345608294
-52.81981581212272,-17.915775447658707,0.01865619145913977,0.9512847511975714
-50.59199390750631,-13.889077186592953,0.010302164394792304,0.632466920843831
-52.265106124178914,-16.660379838101676,0.024335302968808325,0.9892257875596456
-49.78575594000903,-15.274728512347314,0.020414317257935816,1.0891142006544958
-46.25313108520901,-14.688577789459327,0.02615329374166552,0.7898962749663783
-47.51750984760724,-16.11016172657847,0.018268372154563107,0.6451086193726955
-46.38114101319604,-14.196750171403888,0.02054333970086341,0.8594650672704791
-51.57340335540688,-17.40373573571058,0.02808383805697282,0.6680396862795988
-52.393116052165944,-18.64116503958522,0.027303850453618574,0.7509134955112772
-47.94870118398461,-15.157947525411776,0.024619649622225192,0.9354049989960985
-48.63366658812575,-16.058508597741596,0.021473501082132723,0.992382452179626
-47.16042952216973,-14.86824084628323,0.0375162311479502,0.6391446920819089
-48.9166359026234,-13.462377426636179,0.02008214992609435,0.5803331699227606
-48.00260010103178,-16.37067315897313,0.015936124752928615,0.9300148195996075
-53.08032724451738,-18.06175168132813,0.02246461707589262,0.6107430333134987
-51.80921111748825,-17.754078696517194,0.013980533896805435,0.8481279339681692
-46.16554534500736,-14.163063348249407,0.0215136672933325,1.1757442306162362
-51.44314763920955,-16.13261960868146,0.01576991548909793,0.7905684151134627
-49.45337928488481,-14.486456850532434,0.01860560209296739,1.0915982969512612
-50.012580549249215,-13.624074177777693,0.0075604372038146185,0.5547702613563106
-48.23391628669256,-14.895190304806816,0.026604901888365735,1.3260246501562813
-52.60646593214433,-17.01072279890829,0.02307758068449384,0.8060665353275018
-49.91152007978577,-14.40111689854108,0.00841485046571545,0.7315950265665694
-48.503410871928416,-18.133616904057693,0.016435090669151078,0.956787598012861
-48.995238489983855,-17.376786277186994,0.023128643219334066,0.7249277586109709
-51.420689757106565,-15.515027850849286,0.015050796382093232,0.4753413431885068
-51.3465787461667,-19.164433692584844,0.025234655370234643,0.6768223656990974
-51.265730370595946,-18.53336720549088,0.02569193871583798,0.664952088255547
-47.41420358993349,-15.13324385509849,0.03548888983534805,0.6301584321563785
-50.836784822428875,-14.432557933485263,0.009614279937463345,0.6323805891685411
-47.935226454722816,-16.828813953874086,0.018001206491887887,1.0174763888714404
-46.720255032951165,-13.451148485584685,0.035616120706091284,0.6406985409064622
-48.37090936752079,-16.18202694930803,0.01575695508031191,1.07930710217953
-50.62118915424019,-17.491321475912233,0.030098754327276465,0.8589657549508075
-49.11201947691939,-14.210224900665681,0.016533398478617616,0.8990373705275879
-50.12711574797445,-14.490948426953032,0.011174278785782346,0.5996540371395146
-51.14221201902951,-18.308788384461,0.022270610717192243,0.9392495868161433
-49.37253090931405,-15.142227007939685,0.02472754411317311,0.8139724273486157
-47.0324195941827,-14.688577789459327,0.039962829146058566,0.4097686347417869
-50.32025353406015,-14.843537175969944,0.018232998623956487,0.6739418437705408
-49.76329805790604,-16.024821774587114,0.012815072083799239,0.801241232463962
-51.07483837272055,-17.974165941126476,0.024683782221892166,0.792823183385964
-48.968289031460266,-16.157323278994745,0.02083314060533991,0.9899839695227638
-46.41033625992993,-13.325384345807953,0.025413854412488026,0.8897486849870578
-49.82393433958411,-17.940479117971993,0.011827286921999398,0.7626899643862505
-48.86498277378652,-16.667117202732573,0.026694715387234925,0.971766417146518
-50.89966689231724,-16.891696023762453,0.017669832766043867,0.9893176410194006
-48.19124631069688,-16.824322377453488,0.020241621155304017,0.8304514422796395
-49.95194426757114,-13.035677666679407,0.01184195898703653,0.6179251362853088
-52.88718945843168,-17.284708960564743,0.01747638835459897,1.0299334520065284
-52.59523699109284,-16.69406666125616,0.028158610189021254,0.8991295392113083
-48.82006700958055,-16.303299512664168,0.022502140583394715,0.8625019711357399
-47.51526405939694,-14.468490544850043,0.020407936867607012,0.8287816372662767
-49.33435250973897,-17.21508952604548,0.022712081515858965,0.9074668991401397
-48.58650503570947,-15.869862388076497,0.021041797586662792,0.8728389342464271
-49.985631090725626,-17.003985434277393,0.0152659022123461,0.607294194391314
-48.02954955955537,-15.274728512347314,0.025948633773864978,1.0223422505572812
-51.88781370484871,-18.558070875804166,0.021640298731682515,0.7955163892874454
-50.13834468902594,-16.59749776821331,0.016517943023139525,0.8836475006773968
-52.23591087744503,-18.62544452211313,0.025450933318221024,0.6913742456236022
-46.22169005026483,-14.908665034068608,0.022320101231456144,0.6653545020884666
-48.52137717761081,-15.283711665188509,0.03255616177530945,0.7710945803487177
-50.24838831133059,-14.347217981493909,0.008324072177226053,0.6261041554875485
-51.265730370595946,-15.607105167471538,0.015450622769647721,0.6576970278405572
-51.96417050399887,-17.5564493340109,0.01366020602702608,0.8952958906013362
-49.92050323262696,-12.999745055314627,0.011454762862798883,0.5667457939620117
-48.63366658812575,-16.054017021321,0.02144661153978219,1.0004474313864162
-48.37090936752079,-15.223075383510443,0.0296714799275335,0.6978155653757468
-48.10366057049523,-17.738358179045104,0.01563434179280985,0.8849194982452127
-51.81370269390885,-16.826568165663787,0.02650014580000857,1.0115733447821769
-47.014453288500306,-15.436425263488829,0.030459213038111953,0.9273022315961681
-46.414827836350526,-13.945221891850423,0.02271247038113528,1.0486857712664104
-48.61794607065365,-15.795751377136638,0.02060180992444163,0.9866251590778456
-51.232043547441464,-15.252270630244327,0.013763243484078671,0.4751383695144542
-47.721876574744435,-16.84228868313588,0.016341965431809807,0.7622949437633335
-48.132855817229114,-13.543225802206937,0.01354897424575438,2.188132373487256
-50.39211875678971,-16.235925866355203,0.01165112219075609,0.817549398752288
-48.78862597463636,-14.70205251872112,0.029903239723340472,1.3901360452482188
-50.600977060347496,-13.74310095292353,0.010440028499577434,0.7465140129179043
-49.55443975434826,-14.56955101431349,0.019668659729914644,0.8559837250761878
-50.91763319799963,-17.807977613564365,0.0257913879863406,0.9170981421565471
-51.09729625482353,-18.746717085469264,0.02570209842827616,1.3955935521500609
-48.3551888500487,-17.156699032577713,0.022270021579552747,0.7813217945198362
-52.678331154873895,-16.74796557830333,0.026284918032385234,1.0270201383659883
-47.46585671877037,-17.5519577575903,0.020233745085658415,0.9051946510659703
-49.59037236571304,-15.24328747740313,0.020959527728788892,1.1788505435410488
-48.96379745503967,-17.756324484727493,0.019915397297873536,0.7551024505009791
-47.54221351792053,-16.283087418771476,0.017499811735389666,0.8325066711829953
-52.613203296775225,-16.54135306295584,0.03027353894353999,1.0529754016061639
-51.87658476379722,-15.8676165998662,0.014957806161539708,0.7909651639733722
-50.98949842072919,-14.971547103956976,0.014192744337668714,0.5514419669264987
-50.13160732439505,-15.404984228544645,0.020217283810392873,1.0474196585824953
-48.48319877803573,-14.578534167154686,0.03127776534619895,1.228267643031436
-48.12611845259822,-14.122639160464027,0.015530895375245572,1.2415088165739492
-51.63628542529525,-17.28920053698534,0.027564775332516427,0.7174937751727112
-51.93722104547529,-16.042788080269506,0.014436957367532128,1.0242625636418077
-46.24639372057812,-14.270861182343749,0.020031728419983318,0.8364457465620126
-50.322499322270446,-18.13810848047829,0.012396855014698257,0.7985555789846409
-52.64239854350911,-16.95682388186112,0.02332373883135688,0.8698052915361728
-50.30004144016746,-15.1130317612058,0.018875894439564337,0.8792309626819778
-51.33085822869461,-18.77366654399285,0.02539321877009344,0.9534278805741083
-49.626304977077815,-18.142600056898885,0.011283738467090196,0.8350214423652681
-48.00933746566268,-14.313531158339426,0.017432544786968783,1.2916288145601837
-46.345208401831265,-14.13611388972582,0.021085614590637198,0.9432197018862127
-52.92087628158616,-17.563186698641797,0.01665012735362926,0.8149886199857682
-50.11588680692296,-13.0469066077309,0.011625967244586454,0.7431543631198969
-51.58912387287897,-18.162812150791577,0.014690136350489805,1.0153812986426787
-51.87433897558692,-16.986019128595004,0.025958758284606958,0.8774940953132973
-49.354564603631665,-14.717773036193211,0.025836495807235987,1.1120843533383977
-50.895175315896644,-15.023200232793847,0.015237786015124159,0.5652957972588141
-47.416449378143795,-14.093443913730143,0.039732034223534204,1.5460020204640461
-50.54258656687973,-13.651023636301279,0.010754897126344193,0.6804356965287002
-50.58076496645481,-15.766556130402753,0.015791477257058265,0.6402811080867222
-50.268600405223275,-13.711659917979347,0.00762608282095061,0.6282507577171317
-50.333728263321944,-14.547093132210502,0.01812655228592073,0.5592251514638443
-50.89742110410694,-16.359444217921638,0.016011208323632856,1.0101746687328292
-49.26024149879911,-17.228564255307273,0.022426015021634656,0.8699890827036127
-52.33247977048788,-18.4929430177055,0.01806394663293129,0.9198595463469975
-50.65487597739467,-17.675476109156737,0.026810677838340752,0.6789735277239476
-48.79985491568786,-15.856387658814704,0.019441830533678237,1.042108806257658
-51.57564914361718,-17.152207456157115,0.027953424658854198,1.1709184249994957
-48.148576334701204,-15.797997165346935,0.016969682820082464,1.043869624421837
-47.29068523836706,-13.460131638425882,0.03887497852375516,1.5360338237948055
-49.13447735902238,-18.254889467413825,0.01812561934830925,1.0386769684644304
-49.91152007978577,-18.394128336452354,0.011479503699334948,1.0930031843131442
-47.52424721223814,-16.4268178642306,0.01737631097884163,0.8997253773896624
-49.59037236571304,-18.391882548242055,0.011007396286395974,0.8579171140675267
-48.898669596941005,-17.56767827506239,0.020657201919767575,0.9037622019603133
-52.35493765259086,-16.655888261681078,0.023885045778430262,0.7863754688670709
-51.099542043033836,-15.82719241208082,0.015601881010943999,0.8156725678345245
-50.24389673490999,-16.72775348441064,0.016596977645673274,0.7875653120522194
-51.301662981960725,-18.030310646383946,0.024806359308685567,0.7426399771868715
-50.36292351005583,-13.147967077194346,0.011258566564333139,0.5485609210964751
-50.585256542875406,-17.70467135589062,0.02661559946324585,0.7063767266943506
-49.13672314723268,-17.298183689826537,0.022336205093941793,0.8414723548270263
-50.082199983768476,-15.905794999441278,0.012881580517379062,1.0874816537988483
-47.265981568053775,-16.909662329444842,0.027068124058653362,0.8259953418851329
-50.906404256948136,-17.02419752817008,0.019219668727599722,0.6836377648486717
-48.42929986098856,-17.212843737835183,0.023130304546934936,0.8846137435521645
-47.81395389136668,-16.770423460406317,0.017045896195400295,0.8811086291651593
-50.097920501240566,-13.830686693125184,0.007748528417639136,0.6643295263732577
-47.53098457686903,-14.773917741450681,0.02367417745176033,1.0630080325751776
-51.45437658026104,-17.531745663697613,0.02875299270855195,0.7330857235225995
-48.49891929550782,-14.830062446708151,0.03089677962593122,1.4874490157558673
-51.831668999591244,-17.601365098216874,0.01394084880264253,0.9558278292690642
-51.61158175498196,-18.43904410065833,0.01492221884979231,0.8333996089902654
-50.67733385949766,-14.039544996682972,0.009957413335492651,0.5809438545466228
-48.7234981165377,-13.327630134018252,0.019415016033836142,0.6867823367335703
-51.63179384887465,-16.361690006131937,0.013356278495824462,0.8089108890538356
-48.321502026894215,-15.074853361630721,0.028264029180097548,0.930738482177421
-47.0391569588136,-15.35557688791807,0.03113606125656492,1.2811876032412715
-50.33148247511164,-13.147967077194346,0.011283577218140859,0.5292212587688389
-47.025682229551805,-13.826195116704586,0.03697413438105022,1.2043823613432119
-51.676709613080625,-16.849026047766777,0.027420862053992957,0.9176411418086475
-51.692430130552715,-17.711408720521515,0.01424819620851494,0.742322398507898
-46.68656820979668,-13.399495356747813,0.03462724318046924,0.6698069652526653
-48.18226315785569,-17.228564255307273,0.020874765045002273,0.8967852485591193
-51.205094088917875,-15.227566959931039,0.013739544927314622,0.5118807835003326
-50.48195028520166,-14.805358776394865,0.017806439956234148,0.8175385217990948
-48.786380186426065,-15.436425263488829,0.03094571982401374,1.0595957248532852
-49.59935551855423,-18.452518829920123,0.010988292629802898,0.904586132193303
-49.72511965833097,-17.527254087277015,0.012502541740121777,0.802304927256554
-49.738594387592755,-17.394752582869383,0.015064545040441977,0.7327349234996072
-49.71164492906917,-14.7379851300859,0.018963815000844673,1.1974853770636402
-49.540965025086464,-15.78901401250574,0.013844310923580684,0.8462371068779163
-49.520752931193776,-15.634054625995123,0.015049034058101969,0.8289035567336384
-48.004845889242084,-14.556076285051697,0.025829647109139344,1.7119395385676128
-47.55568824718232,-15.045658114896836,0.023118301864862457,1.5223110271491789
-47.64551977559427,-15.07709914984102,0.023080302557196484,1.0683682106504833
-48.54383505971379,-16.473979416646877,0.025202725414669603,0.8959424065368001
-47.74433445684742,-13.428690603481698,0.020268885477079324,1.1098047205730397
-47.034665382393,-14.12039337225373,0.03833589148917892,0.550215680943387
-49.2759620162712,-17.48009253486074,0.022315488613941715,0.9819753085549893
-50.416822427103,-12.69207207050369,0.012170147231210626,0.5325744800171235
-47.50403511834545,-14.055265514155064,0.023161931628697237,1.3467442209024343
-47.85886965557266,-13.920518221537135,0.01641761076122217,0.6770226019804074
-49.25574992237851,-14.919893975120104,0.025791618009231503,0.7989528157125104
-49.707153352648575,-15.580155708947952,0.014336869466174967,0.8892631385812901
-50.7806401171714,-17.300429478036836,0.02515145973853244,0.9053873129757161
-50.713266470862436,-14.300056429077634,0.009831771000708703,0.45005928632462444
-51.216323029969374,-15.216338018879545,0.013596446491632828,0.44353974265375595
-52.934351010847955,-17.76530763756869,0.018011435718152724,0.8284237807779916
-52.58400805004134,-17.23530161993817,0.02152169116966679,1.2320892862336519
-51.077084160930845,-18.239168949941735,0.02264322211706176,0.9657110002115789
-50.29779565195716,-17.635051921371357,0.012954939885275919,0.5794381375900542
-50.380889815738215,-12.649402094508012,0.012571231917762693,0.6110069052436713
-49.75206911685455,-13.87560245733116,0.007884314427467138,0.6806714697673212
-49.44888770846421,-15.802488741767533,0.020566169015738826,0.8253363432133526
-49.57689763645124,-14.113656007622833,0.008218498709173879,0.7305268664316849
-49.514015566562875,-17.940479117971993,0.013623793748438058,0.9236611705582747
-48.936847996516086,-16.723261907990043,0.025627455128838565,0.9531641921609366
-48.89417802052041,-15.629563049574525,0.01859880180062365,1.1813480912970264
-51.10627940766473,-18.358195725087572,0.021808277983055794,0.8067734274633372
-46.93360491292955,-15.344347946866577,0.030876201636256314,0.9023737743403629
-47.62755346991188,-17.21733531425578,0.016234833203808956,0.8523895181731614
-46.86398547841029,-14.356201134335103,0.039005495264185445,0.6300172893943717
-48.67633656412142,-14.807604564605164,0.030805991734680616,0.8171649005507141
-50.89742110410694,-17.94721648260289,0.024665231847797738,0.860197598027859
-49.26697886343001,-14.459507392008849,0.016519163149207115,1.0997404706343064
-48.334976756156,-16.330248971187753,0.015505586152707593,1.898418048161944
-49.161426817545966,-13.74310095292353,0.017890223058373022,0.7781645815082247
-47.23229474489929,-14.066494455206557,0.038799487957497165,1.5329287637710476
-50.56055287256212,-18.742225509048666,0.027513790795631852,0.9088403039037195
-51.02767682030427,-17.00847701069799,0.020001069688461263,0.7445669349244205
-51.265730370595946,-15.699182484093788,0.015500770159880859,0.6336988572594471
-51.002973149990986,-15.964185492909047,0.015708985908345824,1.0333285744664895
-47.51526405939694,-17.520516722646118,0.012947566679176948,0.9387729547212612
-50.42805136815449,-13.639794695249785,0.007578168030349711,0.663621065268585
-49.12549420618119,-15.151210160780881,0.02662140703717366,1.0300312226122206
-50.86148849274216,-15.37578898181076,0.017148917376103887,0.6765727847572428
-48.57303030644768,-17.15894482078801,0.027204103330561506,1.013976083398448
-50.605468636768094,-16.328003182977454,0.01612117279695176,1.0432612753529569
-47.77128391537101,-18.072980622379625,0.015683655339845153,0.9083777419481511
-50.879454798424554,-16.157323278994745,0.015874403556992243,0.6631104895207338
-50.52911183761794,-17.21958110246608,0.024440228080072977,0.872944548321633
-47.89704805514774,-16.78614397787841,0.017692528904148994,1.0738303071649806
-49.21083415817254,-13.152458653614945,0.020217623159342196,0.5846450392637174
-46.762925008946844,-12.986270326052834,0.025701809523313086,1.2362861538881849
-46.875214419461784,-13.572421048940821,0.035525610646167355,1.1178370472335681
-46.697797150848174,-14.535864191159009,0.04297474224647132,0.5366953629126857
-48.08794005302314,-13.415215874219905,0.016116400005554136,1.4480733764101474
-46.78538289104983,-13.579158413571717,0.03541024637922866,0.6271838470006549
-48.02281219492447,-14.506668944425124,0.02320842573428065,1.445184651166403
-48.95032272577788,-16.568302521479424,0.027185289058122036,0.9682472342100356
-48.117135299757024,-17.922512812289604,0.015852919498874154,0.8986465389095573
-50.52462026119734,-17.9314959651308,0.023265031218817685,0.7254876115237665
-49.22206309922403,-18.129125327637095,0.018822777192875315,1.0054977840455803
-47.95319276040521,-18.142600056898885,0.016035141619943728,0.8226502144185721
-48.96604324324997,-14.81434192923606,0.02817817202349654,1.206157581975184
-51.216323029969374,-15.894566058389785,0.015620674682318304,0.6853119878272813
-46.11613800438079,-14.551584708631099,0.026983308275768524,0.9104581172678047
-50.69979174160065,-16.157323278994745,0.01595328230799959,1.0585311992731115
-51.08382152556174,-17.39924415928998,0.028531326151702563,0.9014385733123379
-52.33247977048788,-16.700804025887056,0.023871389625960394,0.8938085840915629
-48.18001736964539,-14.15632598361851,0.015386258637135511,1.0890748289847367
-47.715139210113534,-14.72001882440351,0.024259396365422608,0.9357597020768219
-50.322499322270446,-17.060130139534863,0.01651251751361376,0.9051103095517296
-52.168537231136064,-18.670360286319106,0.02465714667825678,0.6541473438480595
-47.92848909009192,-13.821703540283988,0.015578172415072714,1.3200745227008512
-49.26024149879911,-13.001990843524926,0.018877111777228086,0.5967231005825828
-48.76616809253338,-17.747341331886297,0.019817102645461448,0.9737682354559721
-47.811708103156384,-17.828189707457053,0.015210550345011923,0.9021129437934293
-50.4100850624721,-17.10729169195114,0.01686934935445825,0.9107729196766606
-47.452381989508574,-14.769426165030083,0.040328505022826214,1.5650170631830207
-50.51788289656644,-17.77878236683048,0.022807329843478368,0.9616726129295653
-48.577521882868275,-15.476849451274207,0.03133439177832485,0.9557767693120688
-49.92499480904756,-17.21733531425578,0.015187666999308876,0.8600722291562457
-48.46747826056364,-15.591384649999446,0.017028559910012557,1.0725303401073558
-51.29043404090923,-18.65688555705731,0.025569756994640314,1.0690860226982617
-51.831668999591244,-17.49581305233283,0.017963321440382464,0.9277910428346239
-46.91563860724716,-14.28658169981584,0.03879156264772005,0.530834802755266
-48.256374168795546,-14.508914732635422,0.024717952677557657,1.1891376858382785
-47.42992410740559,-14.338234828652713,0.0408202472953901,1.0619440840909056
-51.13996623081921,-17.212843737835183,0.02448772738288269,0.7962999774669727
-51.622810696033454,-15.683461966621696,0.015606487537839874,0.5072787340558338
-50.56729023719301,-18.537858781911478,0.027834376903000006,0.9967909224123827
-47.14695479290794,-14.973792892167275,0.03598566938376724,0.6003547832813961
-48.968289031460266,-16.155077490784446,0.02081257130644937,0.9967403828758757
-50.31351616942925,-14.937860280802493,0.018404684508146148,0.6403597440474985
-50.30902459300865,-14.062002878785961,0.007995182470542867,0.79418331758465
-46.76966237357774,-14.659382542725442,0.040733818653353855,0.4746942158111067
-52.63790696708851,-16.29431635982297,0.027308082462236122,0.9358137498124844
-47.63878241096338,-14.216962265296578,0.019394522290665496,1.144335846320386
-48.54383505971379,-15.119769125836697,0.03235813774430373,1.2182470246986699
-51.077084160930845,-16.12812803226086,0.015795062181772228,0.805032087391753
-49.34558145079047,-14.693069365879925,0.02596218785901499,1.1773794180594563
-50.0372842195625,-17.918021235869006,0.012163682977439746,0.6788059983091189
-46.45974360055651,-13.579158413571717,0.025904752236642712,1.0161919492912264
-50.778394328961106,-15.591384649999446,0.015595917437314545,0.7766380447802662
-49.98787687893593,-13.078347642675084,0.011748892964811476,0.662256381523649
-49.273716228060906,-15.011971291742354,0.025484293994289062,0.6926245721357097
-47.977896430718495,-17.560940910431498,0.015382614929117794,0.9567869369301653
-47.48157723624246,-16.837797106715282,0.024373619917187162,0.8670691626344821
-50.895175315896644,-14.816587717446358,0.014994515554899208,0.5973423708715635
-49.00422164282505,-13.168179171087036,0.019505092757986342,0.5268762491041795
-51.98662838610186,-17.170173761839504,0.025199752900684946,0.931515377972933
-50.90865004515843,-15.402738440334346,0.016952786058488257,0.6835279509013453
-49.54770238971736,-17.10504590374084,0.014292353327022245,1.116646952160046
-47.212082651006604,-16.89843338839335,0.02481310592333455,0.9143052181326882
-50.25737146417178,-17.617085615688968,0.012919535803203224,0.5757792046722013
-48.651632893808134,-17.9337417533411,0.0191164981897902,0.855944448240923
-49.82168855137381,-13.249027546657793,0.011961920235258373,0.5366178966143228
-46.33173367256947,-13.231061240975404,0.02214214190017231,1.279392642238869
-47.74658024505772,-14.978284468587873,0.02333004386523322,0.8554025963938203
-49.010959007455945,-13.93174716258863,0.017054095105389765,0.8501993082432261
-51.19611093607668,-17.942724906182292,0.025180809297015876,0.9274443496723296
-52.507651250891186,-18.17179530363277,0.016965751314840728,0.9406322531820677
-47.49280617729396,-17.639543497791955,0.013940163383435891,0.7863515542744096
-51.65200594276734,-15.220829595300144,0.011755507577133976,0.882595007463213
-49.347827239000765,-13.359071168962435,0.02134046753368105,0.9132909172436016
-49.14795208828417,-14.15632598361851,0.0167034707091113,0.9634004210357531
-46.25313108520901,-12.968304020370443,0.017768155313897215,1.2863602316409992
-49.17265575859746,-13.159196018245842,0.02007502860784549,0.6022459334100844
-49.6622375884426,-15.793505588926338,0.01367034818938813,1.0858244936433101
-47.31763469689065,-15.604859379261239,0.026996423152122192,0.8079941498795898
-46.75618764431594,-13.563437896099625,0.0353184367711878,0.6461947071154416
-46.92013018366776,-14.987267621429067,0.035333344233821944,1.1384906565947681
-47.0391569588136,-13.27373121697108,0.03361223979922003,0.9988490391602549
-51.532979167621505,-18.951083812606456,0.018841077425639695,0.8771688998463706
-48.047515865237756,-14.68184042482843,0.024924814268438893,1.326066594328936
-52.32574240585698,-18.69955553305299,0.02650936941283908,0.8191320207768696
-47.92624330188163,-14.37865901643809,0.018390133212892013,1.298495849615754
-51.64077700171585,-15.479095239484506,0.01587851535327615,0.6492813567035123
-50.360677721845526,-16.004609680694426,0.012394161211285363,0.8593638937275244
-48.658370258439035,-13.323138557597654,0.0193950513184593,0.9734714141032638
-46.639406657380405,-13.222078088134207,0.031413588788422,0.8605170944967605
-50.12711574797445,-16.191010102149225,0.011953707795469061,0.9999965233569905
-49.91825744441666,-16.280841630561177,0.011894911639307625,0.9676896866146385
-46.89767230156477,-13.188391264979726,0.03134469716056662,1.504598749491435
-51.55768283793479,-15.928252881544266,0.014717588680768907,0.5694154054063215
-49.97889372609473,-13.372545898224228,0.011809404284516505,0.7066895082318171
-47.27945629731557,-17.66424716810524,0.014278875470772681,0.9744369724614429
-47.27047314447437,-15.267991147716417,0.03312129390855677,0.5854591861183116
-50.87047164558336,-18.403111489293547,0.021073173397212302,0.788550609244922
-51.26797615880624,-15.669987237359903,0.01548435728798059,0.5841641025426146
-51.70590485981451,-18.030310646383946,0.014321046236894256,1.074152168295244
-51.034414184935166,-17.322887360139823,0.026163500121534906,0.845702729552337
-49.691432835176485,-17.812469189984963,0.011877599842761252,0.720560193242909
-48.48993614266662,-18.08196377522082,0.01605706167647234,1.0191151031995214
-49.0962989594473,-18.00560697607066,0.019059316048024615,0.9061240703729458
-51.33759559332551,-17.430685194234165,0.03238578769638206,0.7519833089249633
-48.921127479043996,-14.800867199974267,0.02858155772115619,1.2681792764414832
-52.476210215947,-17.156699032577713,0.022141641516465107,0.9295799028787622
-53.12299722051306,-17.596873521796276,0.018684336388153207,0.8380742001388221
-50.7896232700126,-19.20036630394962,0.026016093315837197,0.534662457567469
-52.49193073341909,-16.768177672196018,0.023838596946266177,0.7888102456908536
-49.421938249940624,-15.447654204540322,0.02598380384825347,0.6730604600030827
-46.34071682541067,-13.293943310863769,0.024614173127300142,1.2320379102810486
-50.31800774584985,-18.36717887792877,0.012220645679914351,0.7623470069604621
-47.807216526735786,-15.454391569171218,0.025637682964710536,1.1171798247925142
-46.95606279503254,-15.750835612930661,0.026713401361166438,0.9488733771586378
-48.81108385673935,-13.042415031310304,0.018822081525983393,0.8276207795388587
-50.666104918446166,-16.2381716545655,0.016025110520334968,1.2501014706680296
-46.40135310708874,-13.455640062005283,0.02754170577038656,1.0670733773333603
-49.02892531313834,-16.84453447134618,0.02385367212992067,0.823569861610885
-46.54059197612726,-14.207979112455382,0.03785318239615963,1.0699478328273668
-49.73185702296186,-16.265121113089087,0.012157375741475981,0.9767205352648075
-48.02505798313477,-17.87535125987333,0.01563020520517169,0.9602163090825129
-47.003224347448814,-13.66674415377337,0.036199109113399415,1.3453987510564736
-50.10914944229206,-14.848028752390542,0.018464428413175266,0.8983513984825054
-49.52299871940407,-14.196750171403888,0.00937567403821868,0.7290242355336227
-49.412955097099434,-15.559943615055262,0.020099801109356795,1.0050135008740997
-50.778394328961106,-16.97479018754351,0.018096002534273906,0.9305678806711982
-51.1691614775531,-18.742225509048666,0.02559275939283242,0.9864606510576074
-51.43416448636835,-15.07934493805132,0.011651432859439304,0.6963343755026042
-49.6599918002323,-14.452770027377952,0.008566606280068948,0.7495502780134972
-46.11164642796019,-14.347217981493909,0.01964849984332136,0.9726421754105888
-50.20796412354521,-17.00847701069799,0.01607104761808284,0.994029842044645
-50.825555881377376,-18.010098552491257,0.0241208840320071,0.8817259820172046
-51.07932994914115,-19.110534775537673,0.02537414993334276,0.8232383104822558
-51.49255497983612,-17.30941263087803,0.030352346127637448,0.7081745118897023
-51.676709613080625,-18.030310646383946,0.01438907823718506,1.0850153269085225
-48.132855817229114,-16.08994963268578,0.016301151271996835,0.9547931279691002
-47.993616948190585,-14.414591627802873,0.018236530268185756,1.331057272820391
-50.450509250257475,-12.882964068379088,0.011820194241156141,0.522649654213836
-52.14383356082278,-16.628938803157492,0.02506514637082387,1.1079322740103368
-46.76966237357774,-13.963188197532812,0.03698867845608701,0.8509501680947392
-52.395361840376246,-16.402114193917313,0.014334438296442823,1.0096903775524322
-46.43503993024322,-12.941354561846858,0.01473965752708851,0.8534453124685148
-50.53809499045913,-18.96231275365795,0.02688333593892672,0.9835029492285509
-48.03853271239657,-13.38826641569632,0.016519509937417035,1.278811908458479
-51.02767682030427,-15.741852460089465,0.015572882893398702,0.5633660843692325
-49.776772787167836,-17.5586951222212,0.012394189099571773,0.7771318496373412
-49.633042341708716,-13.718397282610244,0.007787076822483111,0.8719257870681391
-48.73697284579949,-16.500928875170462,0.02592106563698405,0.8920144873717467
-47.18288740427272,-15.643037778836318,0.026561327858717874,0.7766949399836717
-50.268600405223275,-14.163063348249407,0.00810701747452459,0.6066045994522106
-48.80434649210846,-14.53361840294871,0.02986387231588631,1.168505837548912
-48.55281821255499,-14.490948426953032,0.020521249536997525,0.8742324553296218
-50.13609890081565,-17.59462773358598,0.01277676768257459,0.7125047768533013
-52.25612297133772,-18.04153958743544,0.01312732315887981,0.8482547045696848
-49.39948036783764,-17.165682185418905,0.023121026028584974,0.9393793027045848
-51.01420209104248,-17.59462773358598,0.027599490644792862,0.8931619463353022
-50.883946374845145,-15.721640366196777,0.015612718664268914,0.5516432602496733
-49.36803933289345,-14.169800712880303,0.01711379790586253,0.6978639008892383
-50.19224360607311,-16.649150897050184,0.016580015697031835,0.8220657444062248
-48.844770679893834,-18.08196377522082,0.018531691502465805,1.0895517071529035
-51.054626278827854,-17.23530161993817,0.024165807325413097,0.719558370236835
-47.946455395774315,-13.484835308739168,0.016752443376349006,1.4201720510346736
-49.64202549454991,-15.910286575861877,0.013321449262748036,0.8539139339097831
-48.48319877803573,-14.652645178094545,0.03094034539303492,1.3913008657046226
-50.28656671090567,-14.816587717446358,0.018230082674811778,0.6814103832361459
-46.998732771028216,-15.485832604115402,0.028907094004698628,0.7626338957794098
-47.288439450156766,-14.210224900665681,0.039655500176407454,1.5239149561843914
-50.172031512180425,-14.129376525094925,0.008065648946132101,0.6970343362349514
-48.19798367532778,-15.553206250424367,0.017505612197543038,1.112763727952257
-52.02705257388724,-17.882088624504224,0.013519300381342247,0.678164612675908
-51.87883055200752,-16.07198332700339,0.014294595759433206,0.873095653957269
-52.71875534265927,-16.828813953874086,0.024466800201471194,0.8333173887037258
-48.84701646810413,-13.451148485584685,0.019932841922152743,0.7193045342192481
-52.75917953044465,-18.42107779497594,0.023338125547637176,0.5099076297816766
-47.46810250698067,-15.860879235235302,0.02822614158290681,0.8253659202366795
-48.43828301382975,-14.70205251872112,0.030375206889702567,1.3052560359549357
-48.24963680416465,-15.775539283243948,0.016837966564537222,1.0514206797176275
-49.07608686555461,-16.123636455840263,0.020556943455246952,1.1353096358341632
-48.546080847924095,-17.021951739959785,0.027784504787156824,1.0383906405834342
-49.24901255774762,-17.060130139534863,0.022685799982017234,0.8872301658983028
-51.30615455838132,-17.23305583172787,0.027063956272170585,1.0497699433677006
-52.92761364621706,-17.489075687701934,0.016800333050623943,0.7852453512902678
-47.55568824718232,-16.52563254548375,0.015133837500610424,0.9239087513191584
-52.60871172035463,-17.44415992349596,0.021618094129980583,0.937956533615342
-51.130983077978016,-14.985021833218768,0.012258037233621904,0.825897933926418
-50.365169298266125,-13.691447824086657,0.007615720545969485,0.6010220764373889
-47.292931026577364,-15.58240149715825,0.02680171378383284,0.760521191061664
-51.82268584675005,-18.47273092381281,0.014837671850754573,1.2525657683796922
-51.714888012655706,-16.101178573737275,0.014098133967483257,0.6966839749262413
-49.03117110134863,-14.04628236131387,0.016746110126278226,0.8758096657066083
-51.12199992513682,-18.205482126787253,0.022999826845519076,0.8705750074807517
-50.96030317399531,-19.054390070280203,0.025617949736740003,0.6881683711900209
-50.0417757959831,-17.77878236683048,0.012365790799933232,0.7121970126801647
-51.80921111748825,-18.553579299383568,0.020851705312095025,0.93456934882005
-50.221438852807,-16.608726709264804,0.016810927984729825,0.7722587114592233
-49.05812055987222,-18.095438504482612,0.018634370359225518,0.9302332127770693
-50.012580549249215,-15.065870208789526,0.019083876008535398,1.120981972032277
-52.40209920500714,-16.78614397787841,0.023287641820310158,0.9464254828426627
-51.42742712173746,-15.519519427269884,0.015118322548362529,0.48105718418436977
-47.51750984760724,-14.219208053506877,0.01949067245234647,1.1961086641113763
-48.63815816454635,-17.9337417533411,0.019124059470756415,0.8768336797428192
-47.29742260299796,-14.32251431118062,0.040188925879877234,1.4506949653790224
-51.982136809681265,-16.058508597741596,0.014440008747092005,1.0772584676046693
-46.98974961818702,-14.106918642991936,0.03814204210709295,0.581628181628638
-51.05238049061756,-15.674478813780501,0.015529578355978442,0.6334300284251352
-48.808838068529056,-17.042163833852474,0.024650159990277025,1.026036814489406
-48.263111533426446,-18.010098552491257,0.016236077528578124,0.9100763164548858
-49.99910581998742,-13.062627125202992,0.011749811689631736,0.7088521677604284
-49.74757754043395,-16.57728567432062,0.015337382245450632,0.8323189507439408
-49.761052269695746,-16.328003182977454,0.011951062209821946,1.094303018813415
-48.95032272577788,-13.001990843524926,0.019079105305053166,0.5905463436124693
-49.81270539853262,-13.871110880910562,0.007856216558767087,0.9686831250130733
-52.38188711111445,-17.295937901616238,0.02280593887947201,0.9792336320931133
-48.26535732163674,-13.81945775207369,0.013564041350434503,1.524916205616264
-50.670596494866764,-16.703049814097355,0.01669170343600792,0.9109304972356479
-49.033416889558936,-13.12326340688106,0.019506033891222897,0.630758677333325
-50.23940515848939,-14.255140664871657,0.008212942450236776,0.5443358472045677
-49.76329805790604,-17.412718888551776,0.015147304561082904,0.7300924370550471
-48.40908776709587,-16.274104265930283,0.015543502346586127,1.6811447066359815
-50.54034077866943,-15.346593735076876,0.019945764956069728,1.0742411670247367
-49.749823328644254,-15.209600654248648,0.02022710892641749,1.2900970206243179
-48.395613037834075,-13.664498365563071,0.012560180540000429,1.0433330494983803
-52.19324090144935,-18.021327493542753,0.01324064581324127,1.2606910560359172
-48.32823939152511,-13.565683684309924,0.012574421155013902,0.7905073918196136
-49.177147335018056,-14.066494455206557,0.01695693015648606,0.7152857832714504
-48.422562496357656,-13.808228811022195,0.012920704329635211,1.1347728430881876
-49.909274291575464,-15.757572977561557,0.01352240374333553,1.2183364958569503
-50.83229324600828,-13.900306127644447,0.007354235634745464,0.8718042118683288
-52.59299120288254,-17.042163833852474,0.022889416015543267,0.804287065638796
-50.70428331802125,-14.62569571957096,0.0176204968636547,0.6000641328954956
-49.04240004240013,-15.18938856035596,0.027476136518053387,1.2458245210185799
-48.94583114935728,-17.976411729336775,0.01898788256209305,0.9901016669540869
-50.949074232943815,-17.98764067038827,0.02439499945830791,0.8579580474374269
-50.94009108010262,-16.864746565238868,0.017982407289055292,0.8845705537358243
-52.17527459576696,-18.53112141728058,0.024439106639377085,0.8431680761405073
-50.09342892481997,-14.174292289300901,0.008120818623418185,0.6444409561604452
-50.26635461701298,-18.517646688018786,0.01839886103213244,0.7503809068167565
-47.23229474489929,-16.91639969407574,0.026915713463960232,0.8764776600936544
-47.38051676677902,-13.426444815271399,0.039229794917835854,1.4743199933860396
-51.74408325938959,-18.60074085179984,0.020150255349735663,0.774191791933731
-47.683698175169354,-17.136486938685024,0.016401570824095515,0.8490999696964616
-51.39598608679327,-15.818209259239625,0.015563635415031907,0.6771523635112383
-50.9760236914674,-19.13074686943036,0.025527268407465487,0.7413935707632054
-51.18712778323549,-18.189761609315163,0.023283111816442624,0.6911197316893061
-47.47708565982186,-14.818833505656658,0.03670578786622619,1.5706708895975956
-46.55182091717876,-13.34784222791094,0.03376555854767645,0.7816306441359747
-47.19411634532421,-14.12039337225373,0.03888470397257248,0.7286044562263801
-50.17427730039073,-18.598495063589542,0.019170901236335615,0.7785130478167345
-51.12424571334712,-16.63792195599869,0.022463855864445686,1.0755793124515385
-51.29492561732983,-15.82719241208082,0.015572033828768686,0.743527446909401
-48.75269336327158,-13.410724297799307,0.0197018491646887,0.6897772129061863
-50.9692863268365,-18.140354268688586,0.02322145004751896,0.8945823506256808
-50.198980970704014,-12.961566655739546,0.011693801582776641,0.6826170846746771
-50.43029715636479,-16.566056733269125,0.017811482707912933,0.7436305616506337
-51.70815064802481,-16.208976407831617,0.013774550035643285,0.705074696439918
-50.83453903421857,-18.333492054774286,0.021587375095834787,0.9146650868320005
-52.20896141892144,-17.9359875415514,0.013150994270579976,1.152247355266906
-47.63878241096338,-17.40148994750028,0.0172495803791105,0.9345365524402678
-49.39498879141704,-16.4268178642306,0.024498964242607887,0.8870409440293693
-52.566041744358955,-16.41334313496881,0.026022901492336124,0.7650202320396553
-46.403598895299034,-14.367430075386597,0.019068782766510296,1.215350741004628
-48.85150804452473,-13.55670053146873,0.018352557639832106,0.6773682053331908
-48.94358536114698,-13.334367498649147,0.019757964569772978,0.6582782638071468
-48.69430286980381,-17.745095543675998,0.019819366007745465,1.0294235747350031
-48.16878842859389,-15.90354921123098,0.01667168617300966,0.8708073948180504
-48.82006700958055,-14.605483625678271,0.029841066633700588,1.081935905908754
-47.70391026906204,-14.72226461261381,0.024249781468023812,0.8863457131727374
-46.95381700682224,-15.908040787651577,0.026695871088473655,0.8105356184130149
-48.615700282443356,-16.36618158255253,0.023978227640903977,0.8042865743994246
-48.95032272577788,-12.999745055314627,0.01907655394608424,0.5966608832933897
-47.180641616062424,-14.785146682502175,0.038795022792508974,0.5463805743810393
-51.308400346591625,-16.667117202732573,0.025942261222225208,0.7955329882902756
-48.936847996516086,-15.274728512347314,0.028753493583421795,0.7189681041465305
-52.31226767659519,-16.65364247347078,0.02411075019857761,0.9529593295689534
-52.68506851950479,-16.864746565238868,0.02421966270896127,0.7827696343364857
-49.74757754043395,-17.003985434277393,0.014628735779389378,0.9926093563129935
-48.406841978885566,-14.261878029502554,0.015136498047544137,1.114432831725719
-48.229424710271964,-18.165057939001876,0.016458770513254978,0.9805789726184093
-49.97215636146383,-12.997499267104327,0.011867139424072543,0.6879078992839182
-50.0462673724037,-15.76880191861305,0.013369454337417366,0.9376943660688224
-52.17752038397726,-16.63118459136779,0.024879757000141407,1.0974030195754694
-50.20571833533491,-17.902300718396916,0.012449904809326114,0.8035182410946841
-51.55543704972449,-17.02644331638038,0.02812474462068216,1.1226619790195878
-52.918630493375865,-18.257135255624124,0.02216803484688567,0.6061947727835242
-47.984633795349396,-15.634054625995123,0.01776102357386691,0.9449081640363809
-51.76654114149258,-16.375164735393728,0.013467935010261443,0.6906934913870969
-47.35132152004513,-15.497061545166895,0.02875269408326896,1.1668011629220019
-51.130983077978016,-17.83492707208795,0.025874589699880428,0.7345860222792515
-52.13485040798158,-18.672606074529405,0.024267446939237564,0.6780173899978549
-50.08444577197877,-17.81696076640556,0.012373443317825033,0.7577762829226932
-48.427054072778255,-16.570548309689723,0.02254717113734933,0.8774756905747689
-48.35968042646929,-17.208352161414584,0.022455918663235572,0.8187326906707241
-48.20472103995868,-15.362314252548968,0.02839156371123471,0.7147348543265905
-49.03566267776923,-16.054017021321,0.01991678887063061,0.974536852624842
-49.11875684155029,-16.341477912239245,0.022710612684444745,0.9431057358904505
-46.54732934075816,-13.93174716258863,0.03662165450036468,0.7344155663134013
-47.679206598748756,-15.741852460089465,0.018328141659249668,0.9048316150053543
-50.81881851674648,-18.048276952066338,0.023815476942998376,1.066438665923878
-48.299044144791225,-17.001739646067094,0.021413790616039468,0.7936568188182407
-48.701040234434714,-16.121390667629964,0.02142299553214491,1.0352708735042058
-50.54034077866943,-16.197747466780122,0.016065668725497164,1.0784327563827223
-47.544459306130825,-15.234304324561936,0.023375259933740438,0.9044915748516674
-47.86111544378296,-15.766556130402753,0.017727400742151834,1.0005127524655062
-48.23391628669256,-16.932120211547833,0.020710569646893728,0.9293612022861623
-48.37764673215168,-17.361065759714904,0.02314899080078258,0.9034709264487715
-48.62243764707425,-14.374167440017494,0.015804002647199274,1.4189247188452727
-49.49380347267019,-14.347217981493909,0.01399827696435126,0.898168639480299
-51.00072736178068,-18.050522740276637,0.02396713289083465,0.8851704526582297
-52.32798819406728,-16.646905108839885,0.02405002218290806,0.8548634046453335
-52.38413289932475,-16.718770331569445,0.023555036916247222,0.9355826811557902
-49.08731580660611,-14.39887111033078,0.01625220886358782,0.6992817342745202
-49.900291138734275,-14.358446922545403,0.008366984063083591,0.7045193843228076
-46.67309348053489,-14.403362686751379,0.03890297797524236,0.6426443978667702
-48.052007441658354,-14.937860280802493,0.02462395226207283,1.2769944090758802
-46.4619893887668,-14.666119907356338,0.027317459578202398,0.9603760370014899
-47.6006040113883,-16.045033868479806,0.017825949495290445,0.8394848384976418
-49.46236243772601,-14.547093132210502,0.025975581372890945,1.1165395131231426
-50.05075894882429,-14.26861539413345,0.008234038347692384,0.7900433526575146
-51.08831310198234,-18.872481225246,0.025554136968293204,0.9005720956953219
-51.23428933565176,-16.496437298749864,0.020495690406955508,0.8386581953485527
-51.157932536501605,-16.6199556503163,0.023355751293949793,1.108606194269148
-50.77390275254051,-15.647529355256916,0.015624968655064566,1.0233528002804102
-50.52237447298704,-13.4241990270611,0.0139603297006694,0.8472255107424056
-50.53360341403854,-18.36044151329787,0.021259689523459968,1.0481969277851093
-50.51788289656644,-14.650399389884248,0.01899126008262325,0.7430197280786229
-48.88070329125861,-16.47847099306747,0.024158456797679227,0.8101055365311961
-49.05138319524132,-17.003985434277393,0.022600408871186133,0.823739055161313
-48.97502639609117,-16.795127130719603,0.024658451053281245,0.9967716237387297
-49.60384709497483,-16.70978717872825,0.014634182697565222,0.8143951343276504
-52.298792947333396,-16.22020534888311,0.014509822431085966,1.083731266702465
-50.35843193363523,-15.833929776711717,0.012974692021379266,0.8386272010647579
-50.472967132360466,-12.84253988059371,0.011589784089052592,0.5014435453949685
-47.55344245897202,-15.521765215480183,0.019339509506947305,0.8762432845642051
-52.48968494520879,-17.268988443092653,0.02188863633946905,1.3142606812782516
-48.577521882868275,-14.51340630905602,0.027662175195269204,0.9692200486221627
-50.37415245110732,-14.255140664871657,0.008229094575011121,0.7114390770842106
-47.07508957017838,-15.60036780284064,0.0261897355949111,1.013436130830371
-47.52424721223814,-16.13261960868146,0.017772453113830848,0.6642985438476231
-48.07895690018194,-17.354328395084007,0.020440347738740875,0.8562521935160808
-47.946455395774315,-17.23754740814847,0.01883239475815642,0.9587435129541517
-48.84701646810413,-15.613842532102433,0.01884702600871568,1.2651845818134766
-48.229424710271964,-17.94946227081319,0.016086609009488693,0.8411636630775575
-50.56729023719301,-19.099305834486177,0.023859973045798847,0.9063326944848341
-49.92274902083726,-15.24553326561343,0.01992357944793204,1.0401804039015348
-46.75618764431594,-13.936238739009227,0.03684576870737013,0.88525156057098
-50.89292952768634,-16.431309440651198,0.016067534401830896,1.032968684353981
-46.38114101319604,-13.042415031310304,0.02147693812181401,0.8617104271764604
-49.305157263005086,-14.787392470712474,0.025863452738530412,0.7827027934728039
-51.483571826994925,-16.177535372887434,0.013982060850545612,0.9101935315946098
-47.85213229094176,-13.716151494399945,0.015805840345769127,1.399708636136749
-52.38413289932475,-16.48520835769837,0.01605513577296965,0.7702007921405056
-47.9801422189288,-17.118520633002632,0.01875553333941701,1.0252735524181888
-49.48032874340839,-14.216962265296578,0.015982447775656553,0.7196581996804273
-49.633042341708716,-14.158571771828809,0.008238681302890105,0.6690031480288895
-47.52200142402784,-17.902300718396916,0.013658981217395588,0.8140192906953319
-51.41844396889626,-17.116274844792333,0.027308807459428232,1.0019150803452586
-48.10815214691583,-13.410724297799307,0.01586730145814813,1.6780969186759513
-51.43865606278895,-18.42332358318624,0.02254661495747035,0.7493523024765864
-48.02954955955537,-17.251022137410263,0.01959484313933129,0.8456799871517188
-52.30777610017459,-17.118520633002632,0.0232920149899118,0.8638057633592954
-48.57976767107858,-16.112407514788767,0.022228449137550486,0.981440907353447
-48.58201345928887,-18.216711067838748,0.018271709435799012,0.9040352346800432
-48.79536333926726,-17.81920655461586,0.019535430972210093,0.8900307663661672
-47.207591074586006,-15.447654204540322,0.031261534035973086,0.9681813683861678
-49.691432835176485,-14.248403300240762,0.008312286916134433,0.6376386014965832
-50.45949240309867,-18.198744762156355,0.012593129502950186,1.0529057764981098
-47.35132152004513,-13.260256487709288,0.03292913371515931,1.5668770327621673
-48.76841388074367,-16.206730619621318,0.021785264363221084,0.9200075272719843
-48.00260010103178,-13.817211963863391,0.015062745592400163,1.2962213240203342
-49.43316719099212,-17.565432486852096,0.02180082446664575,1.0358643927115763
-51.74408325938959,-17.88882598913512,0.014161991533041192,0.9481567067356512
-46.50915094118308,-15.045658114896836,0.021245734784810937,1.0082077392359088
-47.87683596125505,-17.242038984569067,0.018266500294272132,0.9824859056162939
-48.12387266438792,-17.109537480161435,0.020006187931336575,1.0301873307429528
-51.69692170697331,-16.58177725074122,0.02783631016502589,1.0793239903147105
-51.46111394489194,-16.276350054140583,0.01584836759768535,1.1399690532877393
-48.74146442222009,-17.367803124345798,0.02545085738710348,0.7374040735773835
-50.57178181361361,-17.448651499916558,0.030609923915375297,0.6390373893890221
-49.37253090931405,-17.938233329761697,0.020040522367880526,0.9899298649708843
-48.68307392875232,-16.543598851166138,0.029386772230346744,0.8456787270204167
-49.657746012022,-15.555452038634664,0.014478734222079969,0.8877403382141541
-47.23678632131989,-14.486456850532434,0.0409129907563039,0.6024096442668389
-52.30553031196429,-16.95906967007142,0.023471494904463538,1.0814889166529427
-50.012580549249215,-17.745095543675998,0.012374765931334932,0.6200662984848383
-50.387627180369115,-14.387642169279287,0.008394162561984076,0.5866171626278022
-46.98525804176642,-15.476849451274207,0.02957609703915697,0.7970795411054622
-48.09916899407463,-14.106918642991936,0.015618033379554632,1.100853148909861
-51.47683446236403,-15.672233025570202,0.014572984020927241,0.4923524961427997
-49.72062808191037,-16.46724205201598,0.011356673683881878,0.9901309439569718
-49.8441464334768,-17.87310547166303,0.0119552369131572,0.5887003989188578
-49.327615145108076,-14.055265514155064,0.017273040660891272,0.7215813085667929
-51.19161935965609,-17.89556335376602,0.02553264799199099,0.8436813495832317
-46.511396729393375,-13.644286271670383,0.031012922895340272,0.6454558487826957
-48.56404715360648,-15.07709914984102,0.0320663535726199,1.4262206380882088
-48.04976165344806,-16.642413532419287,0.019057788003780277,1.3635698874896773
-46.437285718453516,-14.327005887601219,0.01940789422178352,1.033562384189127
-49.48706610803929,-18.183024244684265,0.017357959992903717,0.9167478086991446
-47.98238800713909,-16.11016172657847,0.016567483010156234,0.8912838182782005
-52.283072429861306,-18.021327493542753,0.013055633069738387,0.8707558041484944
-50.097920501240566,-16.420080499599706,0.011350346578477595,0.9281326410088598
-51.14221201902951,-16.03380492742831,0.01571960923140179,0.6983747456338274
-47.20309949816541,-15.315152700132693,0.0322825328249694,1.158728894966985
-48.523622965821104,-16.157323278994745,0.0221814156595115,1.0337596887547205
-51.33310401690491,-15.297186394450302,0.013653590688064921,0.4414006809974653
-48.696548658014116,-14.1765380775112,0.01586395625135709,1.0864949877537622
-51.12424571334712,-17.868613895242433,0.025598715179431037,0.8075712557118578
-49.48482031982899,-15.968677069329646,0.019636728892504257,0.8103928918722382
-48.972780607880864,-14.448278450957355,0.016047150089840007,0.9715318361703434
-49.93622375009905,-14.684086213038729,0.018599379817079802,0.9113526065060373
-52.84002790601541,-17.212843737835183,0.01824010364205259,1.1796869195084903
-48.90091538515131,-15.995626527853231,0.01964339169265097,1.0424242907016996
-48.9031611733616,-15.6767246019908,0.018554634525849278,1.190301828428651
-49.96092742041234,-14.257386453081956,0.008235214596114319,0.7291172928222398
-51.58238650824808,-18.331246266563987,0.014864831027575026,0.8542938541267504
-52.125867255140385,-17.619331403899267,0.0132869102020094,0.7931603970542033
-50.52012868477674,-18.75345445010016,0.0259976344261486,0.8844930317336815
-49.36579354468316,-18.272855773096218,0.018737551117126328,0.811360480168879
-49.653254435601404,-15.991134951432633,0.013055838970592069,0.8724248637923293
-47.6006040113883,-14.621204143150363,0.025144977748971075,1.0173970803713437
-49.50278662551138,-17.913529659448407,0.015545698171410039,0.8422488381410381
-49.540965025086464,-17.9337417533411,0.011546033341977508,0.7772424037892031
-47.346829943624535,-13.89356876301355,0.038606248904775695,1.1480362219365003
-48.46074089593274,-14.850274540600841,0.0302965862624496,1.449637160728771
-52.79960371823003,-17.774290790409882,0.017385595711839924,1.026876706912434
-46.26211423805021,-13.651023636301279,0.02351527333669909,1.1554820422131584
-47.888064902306546,-15.60261359105094,0.018094777936171817,1.1882872928092603
-50.91763319799963,-15.290449029819406,0.016182413223417492,0.9619914905893739
-49.94969847936085,-18.32001732551249,0.011591024183925365,0.733755325670555
-51.62056490782316,-19.09032268164498,0.0202267637253644,0.9667090849411456
-47.61183295243979,-16.31228266550536,0.017185399105693756,0.8993020916366378
-50.75818223506842,-16.763686095775423,0.016413295487296586,0.9111383718877034
-48.04976165344806,-13.44441112095379,0.016713554962429312,1.2326146222492467
-49.57016027182035,-14.270861182343749,0.008397685199552257,0.6399485725244595
-50.69305437696975,-13.96992556216371,0.009952079489116627,0.6735038127428599
-47.95768433682581,-18.279593137727115,0.016387738890898798,0.7822903419538118
-48.84926225631443,-14.672857271987235,0.02943696915523398,0.8865205470564291
-48.9121443262028,-17.603610886427173,0.020514560004208683,0.9115868015101469
-50.446017673836884,-14.005858173528491,0.007953936007170242,0.5487811081601599
-51.51276707372881,-17.68670505020823,0.017434952049765955,0.7655953507841992
-47.16042952216973,-14.805358776394865,0.038432786408753083,0.5884570474364695
-47.908276996199234,-13.523013708314247,0.0149892894303463,1.4621726727253284
-52.11463831408889,-18.405357277503846,0.013835574124796279,1.0589220726860022
-47.775775491791606,-18.180778456473966,0.015987267330522293,0.8701314521563074
-48.599979764971266,-17.996623823229463,0.018932832941216643,1.009723419117532
-52.6603648491915,-17.04890119848337,0.021907911935759604,0.8356446989806137
-47.234540533109595,-15.881091329127992,0.027614408428866696,0.6604300789173396
-51.84065215243244,-17.23081004351757,0.02615132751328998,0.8699174218500234
-47.84090334989027,-14.407854263171975,0.01912886086787465,1.4483243526544107
-49.21307994638284,-18.15607478616068,0.01869191691844008,1.02810360621923
-50.987252632518896,-18.275101561306517,0.0222020653648347,0.9265342708634385
-49.61956761244692,-14.347217981493909,0.008460465782947782,0.6789634916368273
-51.27695931164744,-18.239168949941735,0.02318793675358937,0.817436190443897
-47.64551977559427,-17.477846746650442,0.017210015179304372,0.9064004379330163
-47.84539492631087,-15.128752278677892,0.023872415044868374,0.9890391198311169
-48.30128993300152,-17.72712923799361,0.015984761439516753,0.7901789958002263
-52.89841839948318,-18.187515821104864,0.021427977370608284,0.5145079934546174
-49.90702850336517,-13.882339821962056,0.007837632718824714,0.7448154764309166
-47.984633795349396,-15.532994156531677,0.01808931879849577,1.1717194633796366
-50.14957363007744,-17.224072678886674,0.015879482287890052,0.7652955782992438
-47.99137115998029,-16.35495264150104,0.015994515997691108,0.9077304221378699
-52.54582965046626,-18.513155111598188,0.031339866541781884,0.6554692478824479
-48.31251887405302,-16.417834711389407,0.01536493417865934,0.8808688895926621
-47.44339883666738,-15.1130317612058,0.03592606546441151,0.5870162431086692
-50.82331009316708,-14.059757090575662,0.008296215403540353,0.8199364071461321
-51.975399445050364,-18.780403908623747,0.022492666799182815,0.8045191363687166
-49.94071532651965,-17.185894279311597,0.015200856875442629,0.8656438530040527
-47.44564462487768,-13.68920203587636,0.038435320005950305,1.404251479551893
-47.230048956689,-13.830686693125184,0.037804458314761376,1.2001940134284053
-50.58076496645481,-13.138983924353152,0.01440799358827794,0.6868882871358526
-47.888064902306546,-13.925009797957733,0.016226506681416293,0.6582975278813655
-47.93073487830222,-17.051146986693666,0.01818197125893403,0.9813105073278066
-48.3551888500487,-14.729001977244705,0.02883583302167801,1.371477601925747
-48.93460220830578,-16.74571979009303,0.02541684770870229,0.9410156340491861
-50.949074232943815,-16.6154640738957,0.0198290357256575,1.0430987838426267
-48.49891929550782,-15.629563049574525,0.01880014054443876,0.9238639992537863
-52.44476918100282,-17.758570272937792,0.01259716991565032,1.0016129215206377
-49.04464583061043,-13.482589520528869,0.019885326877375997,0.6318184412668976
-48.99074691356326,-16.779406613247513,0.024722873535911093,1.0328670612923856
-51.10178783124413,-15.539731521162572,0.015446452453340956,0.6317282693641456
-48.128364240808516,-18.407603065714145,0.014506739036759872,1.0361494482588969
-49.92050323262696,-15.09506545552341,0.01934203061038464,1.0281483938166165
-49.38375985036555,-14.329251675811518,0.016886589589269,0.8515765181880554
-48.07221953555104,-14.51116052084572,0.02403019174489043,1.1689909909980687
-47.91276857261983,-14.612220990309167,0.025107163280815352,1.1210199191314822
-49.439904555623016,-17.736112390834805,0.021096594428555847,0.9194363628117385
-49.52973608403497,-17.531745663697613,0.012623875118409072,0.9186304952671459
-50.778394328961106,-13.9901376560564,0.009714074793634347,0.5822633737244408
-47.582637705705906,-13.181653900348829,0.021966336266131474,0.7353866234804531
-52.37964132290415,-17.01521437532889,0.022984427779948195,0.8438595855705859
-50.61445178960929,-18.277347349516816,0.022064287224342997,1.1512412094574151
-48.334976756156,-17.65077243884345,0.016002236670406,0.8351524318629792
-47.919505937250726,-14.522389461897214,0.02505450886298413,1.595902337075933
-49.99236845535652,-13.06711870162359,0.011753951745438041,0.6898836482007357
-49.46236243772601,-16.59300619179271,0.026712561971653278,0.9335471509210365
-50.81881851674648,-18.441289888868628,0.020746824213822866,0.738438620792241
-49.35007302721107,-16.662625626311975,0.025749726094651242,1.0031292574709638
-46.93585070113985,-14.484211062322135,0.04010439743572037,0.47845018097613295
-48.620191858863954,-17.560940910431498,0.020567760538464815,0.8107378290135695
-48.97727218430146,-16.8041102835608,0.024555025940085788,0.9813960143553394
-51.943958410106184,-17.089325386268747,0.025477967240978828,0.9821705138764348
-48.57527609465798,-13.812720387442793,0.017377002078830327,0.9702916426854089
-49.26697886343001,-13.403986933168412,0.02109948582931478,1.127244636252869
-49.15693524112537,-15.315152700132693,0.026835180480222126,1.1961830922681966
-50.90415846873784,-18.6838350155809,0.026261755852276535,0.9797937283611377
-46.49792200013158,-13.958696621112216,0.026702119550067942,0.8143976387974741
-47.57365455286471,-16.69182087304586,0.01548937188943991,0.8103215218087679
-52.70303482518718,-16.622201438526595,0.027863659184963252,0.9779845117196849
-50.2326677938585,-13.147967077194346,0.011382261570871759,0.8076898041793378
-50.28207513448507,-13.972171350374008,0.007893663515063551,0.6654023894513417
-50.910895833368734,-16.44702995812329,0.016073508310662492,0.9564595495264326
-50.57627339003421,-16.157323278994745,0.01602026384597375,0.9387000123575832
-48.213704192799874,-13.547717378627533,0.013100808439082684,1.0095101524479502
-51.847389517063334,-15.934990246175163,0.01470374813874151,0.8054314321754298
-48.454003531301844,-17.051146986693666,0.022983164952904988,0.909345162261051
-48.02281219492447,-16.658134049891377,0.01881360346264519,1.4170233956412046
-47.49954354192485,-16.622201438526595,0.020447448855473175,0.8805821713346047
-48.02730377134507,-17.473355170229844,0.01992384639165667,0.9494474463488651
-48.321502026894215,-15.786768224295441,0.016693021746923,0.9721333356057018
-47.54895088255142,-13.954205044691617,0.018898275871445096,1.5870997824404867
-48.786380186426065,-16.35719842971134,0.02313033142705421,0.7959156344565336
-49.35681039184196,-17.507041993384327,0.022020916501679803,0.7243319761871482
-49.610584459605725,-15.79125980071604,0.013743193612093571,0.9930912091129138
-47.362550461096625,-15.719394577986478,0.02759473726503647,0.7120655920830963
-51.48581761520523,-18.807353367147332,0.02344574510536247,0.6902241170384115
-52.527863344783874,-17.675476109156737,0.015880046719214638,1.019376628545965
-47.571408764654414,-13.32987592222855,0.021929989762362153,1.6854047425241783
-48.68082814054202,-13.9901376560564,0.01656410863628489,0.9781689747317109
-52.59523699109284,-16.63118459136779,0.029322411423805237,0.8178196325985191
-47.811708103156384,-16.74571979009303,0.017043964341236166,0.8830367082832488
-47.908276996199234,-18.371670454349363,0.016604084647172463,0.800714052229185
-47.34458415541423,-14.88845294017592,0.03806364844877478,1.5774813686622107
-48.95930587861908,-13.63305733061889,0.018089275290978594,1.1324151823819613
-48.112643723336426,-18.353704148666974,0.016733330812439464,0.9226633429863472
-47.04364853523419,-15.65651250809811,0.02636367080634905,1.0829578411089096
-52.21120720713174,-17.154453244367414,0.02383733700645355,0.762828150897381
-46.31152157867678,-14.349463769704208,0.01928539015851877,1.3208260732336032
-51.717133800866,-17.307166842667733,0.027016798351081638,0.7013246926777907
-50.9827610560983,-18.883710166297494,0.025751178976933766,0.7948304685559506
-46.62144035169802,-14.461753180219148,0.03912249068436311,0.6540227340258181
-47.9801422189288,-16.388639464655522,0.015946423639720764,0.9273353499217171
-48.42031670814736,-17.82369813103646,0.0162890214230911,0.976034515022199
-51.18488199502519,-19.124009504799464,0.025270813397378838,0.6666599653602656
-47.288439450156766,-14.549338920420801,0.04273092825786647,0.5845879691599
-49.6667291648632,-14.201241747824486,0.00827011134906804,0.6264049173990074
-50.58076496645481,-15.494815756956598,0.01822397003519313,0.7306620691600499
-46.464235176977105,-13.889077186592953,0.023135163294180108,0.8174103538494233
-49.15244366470477,-14.172046501090602,0.016681173204879725,0.9766503049918009
-52.72998428371076,-17.192631643942494,0.019594300098597854,0.8663614199964359
-51.398231875003574,-17.859630742401237,0.026379090989068297,0.8771970306159829
-51.25225564133415,-18.679343439160302,0.025576219957313906,0.9935395995023183
-49.6622375884426,-18.391882548242055,0.01108878708031119,0.8368689582098079
-50.58076496645481,-16.31677424192596,0.0161269527042506,1.0163786899219913
-50.4055934860515,-16.601989344633907,0.017600895980393255,0.8214553773825802
-50.755936446858115,-18.766929179361956,0.02662176340301715,1.0610163361020561
-51.99111996252246,-17.72263766157301,0.013568536557536518,0.8104051175202319
-50.56729023719301,-18.71976762694568,0.02751802438796052,0.9042553251727999
-48.24289943953376,-16.610972497475103,0.02079146217124984,0.9166097145750568
-49.15693524112537,-15.351085311497474,0.0270174537704097,0.8332756268317248
-53.0376572685217,-18.198744762156355,0.022141986374076366,0.5213200865161893
-50.0327926431419,-16.2449090191964,0.011880128596725865,0.9908914795852927
-47.99586273640089,-14.836799811339048,0.024309487151351027,1.0334992989779896
-51.62505648424375,-18.05950589311783,0.014529035201990509,1.0194283409150466
-50.066479466296386,-15.737360883668869,0.013462999001120898,0.9505097394012697
-49.30740305121539,-16.29880793624357,0.02290759939550943,0.9619669366317667
-49.94071532651965,-17.9314959651308,0.012001619478564212,0.6992538488963612
-50.376398239317616,-15.43417947527853,0.020067882662909816,0.6618770967397615
-50.15181941828774,-16.027067562797413,0.012437598624557306,1.223343609157385
-48.492181930876924,-15.429687898857932,0.032382827878848726,1.0359521768850157
-50.46622976772957,-13.224323876344506,0.011118786029688493,0.6407237661884734
-50.980515267887995,-17.51827093443582,0.028114606680835937,0.8249760366363675
-48.06772795913045,-15.946219187226657,0.016769843576914575,0.9658696860123589
-50.291058287326265,-17.520516722646118,0.01350946938215634,0.5655566091830936
-51.61382754319226,-16.530124121904347,0.027889773289708344,0.9130642661029332
-51.40721502784477,-15.250024842034028,0.012995008212659061,0.6136862349418188
-46.73372976221296,-13.808228811022195,0.03625008399018232,0.7109390240589262
-49.50278662551138,-15.840667141342612,0.016786633494489264,0.9008260031490888
-48.89642380873071,-16.810847648191697,0.025094975657019066,0.8702162269280005
-51.05013470240726,-19.03866955280811,0.025458199269378198,0.7558678048698049
-51.548699685093595,-19.067864799541994,0.01956061892354499,0.8524210591287152
-51.20060251249728,-18.598495063589542,0.025765255099444957,0.9017194794550648
-47.775775491791606,-17.66873874452584,0.015069789277960464,0.8653345272784768
-47.780267068212204,-16.6199556503163,0.016962045204423355,0.9491676883024632
-46.82356129062491,-14.21247068887598,0.038241703281944386,0.5332099182245583
-49.8396548570562,-13.873356669120861,0.007849089667963449,1.0782764607797368
-49.07159528913402,-13.181653900348829,0.01974816599518388,0.5501520443173107
-47.513018271186645,-14.234928570978969,0.020347613571171763,1.2352410677931753
-48.85150804452473,-17.185894279311597,0.024051592653779458,0.9249796457312893
-49.835163280635605,-14.174292289300901,0.008173439686470952,0.7008952650593039
-52.303284523753995,-18.75794602652076,0.02627800631636008,0.9477713088637884
-52.238156665655325,-18.81184494356793,0.7124960817958677,0.9099350116952003
-51.04115154956607,-17.66873874452584,0.027040075630962352,0.9580542627474329
-49.30740305121539,-14.407854263171975,0.016641719171034637,1.2605225641950084
-50.31576195763955,-13.473606367687674,0.010930176628602791,0.6255926263760451
-52.25612297133772,-17.758570272937792,0.012992486960292118,1.1632139461180504
-51.232043547441464,-15.294940606240004,0.014087742661791509,0.4377236794657182
-50.488687649832556,-17.7406039672554,0.014834213151056323,1.0473398766228883
-51.41170660426537,-15.45214578096092,0.014907385485921966,0.5537378875684442
-48.25188259237495,-17.68670505020823,0.015869060517274245,0.6770319011053333
-49.03566267776923,-13.644286271670383,0.018105110928507688,1.184586004966843
-50.194489394283416,-14.035053420262374,0.007959766432240918,0.6499489741382912
-53.084818820937976,-17.300429478036836,0.017315202999750024,0.8225582502018237
-49.985631090725626,-17.174665338260102,0.01532033324265337,0.7179625249738932
-48.28107783910883,-16.01583862174592,0.016223069062679795,0.9992914516777082
-49.75880648148545,-14.223699629927474,0.00825623358923813,0.6280453183674318
-50.72898698833453,-18.34247520761548,0.02149902968662817,0.8550884902716245
-52.04726466777993,-16.808601859981398,0.025142381760130374,0.9194963104166473
-50.001351608197716,-15.577909920737653,0.014071593797758547,0.8139195481240468
-47.92624330188163,-15.573418344317055,0.018074383972662485,1.1682238448318223
-50.268600405223275,-16.03380492742831,0.012342617351805535,0.8501106812601783
-47.39623728425111,-15.4880783923257,0.030051143474418278,1.255410060934405
-47.34907573183483,-14.466244756639744,0.04103821929501452,1.547671522869041
-52.2853182180716,-16.112407514788767,0.014738967262125877,0.7446386071230925
-47.551196670761726,-14.731247765455004,0.024361864535015314,1.0328782935786354
-47.20534528637571,-17.04890119848337,0.024347670501854147,1.150099414735828
-47.27945629731557,-15.851896082394108,0.02766897872907279,0.6549541802775016
-51.247764064913554,-17.549711969380002,0.028344294447401615,0.76519290758009
-49.6622375884426,-13.529751072945144,0.007564117006324341,0.5552428989731817
-48.164296852173294,-17.188140067521896,0.020584905194758096,0.9729368623930769
-48.43828301382975,-15.35782267612837,0.03144491533903138,0.8171682936825647
-50.20122675891431,-16.18651852572863,0.011911093153638405,1.0325217623810237
-49.359056180052264,-16.705295602307654,0.025392589248484247,0.8805809785359363
-46.35643734288276,-14.329251675811518,0.019419546726640414,0.962866646045705
-47.87683596125505,-17.302675266247135,0.018513812764330336,0.6480529677152207
-50.64813861276377,-14.073231819837455,0.010022008222774844,0.5381748242796988
-50.311270381218954,-12.498934284417993,0.008691253441473827,0.6010644113062277
-50.4078392742618,-18.344720995825778,0.012398892453847274,0.8073276072528329
-49.77901857537814,-13.345596439700643,0.0121159307690684,0.5962013273821963
-51.3578076872182,-15.773293495033649,0.015537072502772118,0.7654699303870006
-48.725743904748,-16.16406064362564,0.02162170010107256,1.0320747973850501
-52.4717186395264,-17.713654508731814,0.012545482366899108,0.9703377968023914
-48.229424710271964,-16.211222196041916,0.015873697738293474,0.9020173808116375
-50.252879887751185,-17.89556335376602,0.012535435048836977,1.0473627528597553
-47.95768433682581,-18.26836419667562,0.01635804613718926,0.7681856160519055
-49.82168855137381,-18.198744762156355,0.011482979555448082,0.7163438288929237
-51.901288434110505,-17.078096445217255,0.02575109215990406,0.9770419587866671
-48.79311755105696,-17.129749574054127,0.024669884524503694,0.9273198462287467
-46.59449089317443,-13.201865994241519,0.031097449684888444,1.056842940202092
-49.026679524928035,-15.811471894608728,0.018460821198242966,1.1509642517130223
-51.479080250574334,-16.826568165663787,0.028328406656699386,1.0942078385487608
-49.72511965833097,-14.51340630905602,0.01635972705703179,0.7142444715447737
-47.69043553980025,-17.109537480161435,0.01638700377626918,0.891911452358121
-50.275337769854175,-13.48034373231857,0.010436050384243943,0.595133187661555
-49.17040997038716,-16.68732929662526,0.02522600764864261,1.040607007580619
-50.61894336602989,-17.04890119848337,0.020212480159921605,0.9968222395723862
-47.04589432344449,-15.407230016754944,0.030768568426915218,1.285185492770293
-51.40496923963447,-16.157323278994745,0.015784726744684147,0.8247241705707608
-50.42805136815449,-13.271485428760782,0.011113119188454658,0.5377287665932236
-52.27408927702011,-17.736112390834805,0.012953080531826713,1.202018692250632
-50.16978572397013,-18.021327493542753,0.012249375562552609,0.9933959405655873
-49.87109589200039,-15.070361785210123,0.01935574548031105,0.9726116632460462
-49.722873870120665,-16.932120211547833,0.014590570493605336,0.9318949465403358
-48.523622965821104,-13.758821470395622,0.01659150384461138,1.156595428549075
-47.54221351792053,-13.599370507464407,0.017926527449939587,1.0722992179698403
-50.13834468902594,-13.6105994485159,0.007532457303946415,0.5343798309545195
-51.757557988651385,-17.57216985148299,0.014116246012563892,1.0747110845105485
-50.19673518249371,-17.14097851510562,0.016011004449345796,0.750202904518764
-52.597482779303135,-16.415588923179108,0.025827824833967533,0.8676271714585325
-47.67471502232816,-18.299805231619803,0.01623037059203188,0.9422860713585948
-46.48669305908009,-14.704298306931419,0.02940191314413922,0.9566448306714986
-47.393991496040805,-16.29880793624357,0.029925560252703574,0.7564569554381936
-47.9644217014567,-15.84515871776321,0.017257307232211774,0.8433051309713049
-50.284320922695365,-17.25326792562056,0.016386425443793966,0.6416873096088409
-48.593242400340365,-18.216711067838748,0.0182562759936309,0.8916852949935906
-47.78925022105339,-15.97766022217084,0.01739214916941282,0.9172782108728635
-52.18201196039786,-18.769174967572255,0.024857700915759836,0.8605512827321057
-52.49866809804999,-16.67160877915317,0.025406684850168334,0.899157892301334
-47.571408764654414,-17.639543497791955,0.014960538400790351,0.9227151360168501
-50.172031512180425,-13.646532059880682,0.007563903044136086,0.8158172751233633
-49.56566869539975,-16.995002281436197,0.014264223360603559,1.0122164736047805
-48.004845889242084,-13.821703540283988,0.01506242129212593,1.2562285313309671
-49.24002940490642,-17.87310547166303,0.01992160616818305,0.70638601379332
-51.3465787461667,-16.57953146253092,0.027948182862584353,0.9368132780623273
-52.388624475745345,-16.82207658924319,0.023274470179064612,0.8933093371643884
-47.571408764654414,-14.086706549099247,0.019270300026350645,1.2476501023245605
-47.39623728425111,-17.632806133161058,0.01917391115737263,0.6456328795019464
-49.273716228060906,-17.504796205174028,0.021715076429206042,0.9423528590581659
-51.79798217643676,-17.38576943002819,0.02652416928702059,0.7350946709464989
-51.366790840059394,-16.831059742084385,0.025928904526662487,0.8795259248842789
-47.908276996199234,-16.53910727474554,0.01804105181580016,0.8722487138420134
-52.55256701509716,-17.316149995508926,0.021934787684803357,1.3475032166953727
-46.92462176008836,-13.228815452765105,0.032168888666825685,0.8993402344494651
-52.283072429861306,-18.668114498108807,0.025997887894467154,0.6954608816046393
-52.42231129889983,-18.403111489293547,0.01329834837226107,1.0609439508738117
-49.92724059725786,-17.100554327320243,0.015107223601593925,0.7129587672447473
-46.848264960938195,-13.520767920103948,0.03525924285666661,1.1020459643465756
-49.10528211228849,-18.337983631194884,0.017756174175351927,0.7545920888790071
-51.21856881817967,-17.268988443092653,0.026621008352846674,0.6859250016588484
-49.123248417970885,-13.0469066077309,0.01969070475978139,0.6113759666563834
-46.43054835382262,-13.392757992116916,0.026354787798383496,0.9701400692742744
-50.9670405386262,-15.223075383510443,0.01540191965346171,0.9242843546392244
-47.919505937250726,-16.12812803226086,0.016676802473916737,0.8755081264106662
-51.19611093607668,-18.463747770971615,0.021317288538513897,1.2625443017281428
-51.06810100808965,-17.170173761839504,0.022873933797795103,0.7749900760259202
-49.54321081329676,-18.144845845109185,0.01121164445590357,0.8643507774199075
-52.63341539066791,-16.714278755148847,0.027365767044984814,0.8911234662602587
-51.355561899007895,-15.223075383510443,0.012951006298508346,0.6226336185097191
-51.43416448636835,-18.331246266563987,0.023145194390453105,0.7267604775166522
-50.15855678291864,-14.196750171403888,0.008143133995472339,0.6430242667057376
-49.129985782601786,-16.545844639376437,0.02680607612948487,1.1526358328705344
-46.56754143465085,-14.969301315746677,0.03573266979468249,1.4384148502511953
-47.4097120135129,-14.097935490150741,0.039718094311946416,1.5524067864815876
-48.00933746566268,-16.289824783402373,0.016098177485482694,0.9002234399162222
-48.93909378472638,-14.971547103956976,0.02826051992497194,1.3850689913053558
-50.61894336602989,-17.967428576495582,0.024485729218408327,0.8507102839065404
-49.25574992237851,-18.243660526362333,0.018464309812235964,0.8911919911763556
-50.82780166958768,-16.224696925303707,0.01594064845983084,0.7768761779267103
-47.63878241096338,-15.344347946866577,0.024087384882367942,1.0447364474509577
-47.679206598748756,-14.926631339751,0.023336662249333364,0.9551612683105408
-51.97764523326067,-18.15382899795038,0.01380918585592609,0.5011031881139716
-50.6032228485578,-16.058508597741596,0.01594197965444845,0.7925545643622046
-46.704534515479075,-14.605483625678271,0.0418583340511182,0.6367122413638492
-47.20309949816541,-14.017087114579985,0.038467274121781636,1.422185955623427
-49.664483376652896,-17.870859683452732,0.011754451459539699,0.7728227707608575
-52.95456310474064,-17.25326792562056,0.017394892482063596,0.8093663860573708
-51.95743313936798,-16.000118104273827,0.014585888556407267,0.7916143703395356
-47.618570317070684,-16.29656214803327,0.017195314735300136,0.8765024927538292
-50.09567471303027,-16.721016119779744,0.016016096563610086,0.7516312752154182
-47.169412675010925,-14.318022734760024,0.03968763975677536,0.9738125331056553
-48.50116508371812,-17.471109382019545,0.02439913794813314,1.139400785190818
-47.37602519035842,-15.764310342192454,0.02781619006134394,0.7768759994139685
-51.05238049061756,-15.214092230669246,0.014681059816987129,0.5773812715617849
-47.45687356592917,-13.83742405775608,0.03897414818080346,1.5118857828017764
-48.480952989825425,-18.28408471414771,0.01636739909629365,0.9453095288220547
-50.16753993575983,-18.144845845109185,0.012117255981852832,0.8148393764947545
-47.05263168807539,-15.506044698008091,0.02713655401189821,0.7809950901780982
-48.02281219492447,-17.228564255307273,0.019456383693323177,0.9513596252933242
-47.5916208585471,-16.10791593836817,0.017709928461223535,0.7765814661907008
-48.256374168795546,-15.609350955681837,0.017246161371499303,1.1620854320777347
-49.803722245691425,-16.063000174162195,0.012651699490644064,0.7681787684827697
-50.666104918446166,-15.559943615055262,0.015642336555714245,0.6832623241051549
-48.45849510772244,-17.850647589560044,0.016387765359318192,1.0884460842087789
-48.24739101595435,-17.03093489280098,0.02097770439888617,0.8952521014081837
-51.842897940642736,-16.393131041076117,0.013528693260296747,1.12424187573115
-52.06298518525202,-17.850647589560044,0.013429353688293186,0.6451629316798445
-50.54258656687973,-13.076101854464785,0.016749286113732227,0.46318585393510353
-49.69367862338678,-14.394379533910183,0.008481294884102434,0.6918183962621337
-48.9076527497822,-13.884585610172355,0.017090907790011902,1.2945644884218652
-52.43578602816162,-18.64341082779552,0.027813247104047957,0.8324667494526263
-49.50054083730109,-18.279593137727115,0.015052594448925791,0.8927996693710818
-49.49155768445989,-17.450897288126857,0.02069485424882207,1.0306958922823692
-48.876211714838014,-14.556076285051697,0.02951816815097921,0.9973693062994182
-49.958681632202044,-17.489075687701934,0.014619842148118928,0.6500420504711767
-51.05911785524845,-15.162439101832375,0.014343085673520967,0.5786784925075634
-49.60384709497483,-14.693069365879925,0.019302591206440196,1.1006436437970049
-48.76841388074367,-14.627941507781259,0.030228380753249608,1.0481124505064743
-49.080578441975206,-18.391882548242055,0.015483039156012497,1.088032794446469
-48.732481269378894,-15.54646888579347,0.019635762551630836,1.1110476833925043
-47.5893750703368,-14.315776946549725,0.020297948610602284,0.8044179758509381
-49.053628983451624,-16.608726709264804,0.02629470660583866,0.9056491777177756
-49.34108987436987,-17.87310547166303,0.020206297410828605,1.1190187767392497
-48.96604324324997,-16.8041102835608,0.024628487506477333,0.9730900433191062
-47.65899450485607,-15.267991147716417,0.02366695554306811,1.1334000831198852
-46.61694877527742,-14.542601555789904,0.043315695133811526,0.5585670398965924
-50.322499322270446,-18.53336720549088,0.019705690789035953,0.7914578420502778
-51.83391478780154,-18.131371115847394,0.014103260400580986,0.8768388162510762
-51.61158175498196,-16.669362990942872,0.02819283416482089,1.0841103965549335
-49.35681039184196,-16.20448483141102,0.02233526851090079,1.056420536273725
-46.951571218611946,-15.755327189351258,0.026733052494224783,0.9296412520570582
-51.258993005965046,-15.54646888579347,0.015419797275686742,0.749665572928401
-46.92462176008836,-13.170424959297335,0.031166029542784558,1.3480627485200625
-46.967291736084036,-13.21758651171361,0.03220024282126676,0.6835896537464446
-50.724495411913935,-18.91065962482108,0.026536716070403983,0.824476338547306
-50.54258656687973,-18.517646688018786,0.02671031456630618,1.021714317204773
-50.39885612142061,-13.792508293550103,0.007718900694937462,0.6709106486677991
-50.5964854839269,-17.915775447658707,0.024912535208492015,0.8224390965946013
-48.11039793512612,-15.110785972995501,0.02572022192214553,0.9788622180969194
-47.75780918610921,-18.1178963865856,0.015799327751670495,0.9989058410850381
-50.57178181361361,-17.421702041392972,0.029853987084238885,0.6249933061940584
-50.43029715636479,-15.604859379261239,0.013782522313972798,0.7280255181966749
-49.32087778047718,-16.042788080269506,0.020843140810596378,0.8905149629490984
-48.941339572936684,-14.967055527536377,0.028241000243520113,1.3912056229072878
-47.795987585684294,-15.315152700132693,0.02454478709322342,1.0773160279207357
-47.342338367203936,-13.282714369812275,0.03602968754049003,1.5362745406241285
-49.14795208828417,-16.065245962372494,0.020188169317781685,1.1766789109562399
-49.97664793788443,-14.293319064446736,0.008273938268460922,0.7219907224215915
-50.2281762174379,-16.458258899174783,0.011144479029353059,0.8757410872629589
-48.78862597463636,-16.083212268054883,0.020607233576488828,1.0279330308737453
-50.02380949030071,-14.248403300240762,0.008214014335818849,0.7980869297599026
-51.917008951582595,-18.281838925937414,0.014071529601684023,0.794068860226273
-49.67795810591469,-14.96480973932608,0.01946251621860587,1.1196025023062255
-50.65263018918437,-18.724259203366277,0.027116115216964103,0.962297968752218
-50.59199390750631,-13.293943310863769,0.01344098506343196,0.7938977054758927
-52.70752640160778,-17.62606876853016,0.01603193794413437,0.8965204566905481
-50.086691560189074,-13.266993852340184,0.011551686361285505,0.6308406485413433
-51.250009853123856,-18.448027253499525,0.02158795399795736,0.9061608075076898
-49.72736544654126,-17.268988443092653,0.014806750792299012,0.7887860596965744
-47.71963078653413,-15.669987237359903,0.018394541857753622,0.9198341848293711
-48.84926225631443,-16.507666239801356,0.0261556598132334,0.8400298375156017
-51.11077098408533,-15.618334108523031,0.015484828399665954,0.8187482964216098
-52.68282273129449,-17.83717286029825,0.017577174508268307,1.107707395673047
-50.44826346204718,-16.48296256948807,0.010534767951002682,0.8908255981891932
-47.85213229094176,-16.303299512664168,0.016451243095286026,0.9282534708906
-48.69205708159352,-18.26387262025502,0.018003663825746728,1.207313276737662
-49.07608686555461,-15.652020931677514,0.01812160747371483,0.9659849974771532
-48.13734739364971,-16.042788080269506,0.016401371705962134,0.979222775461087
-49.204096793541645,-18.412094642134743,0.017462655925222868,0.8347432598390127
-52.35269186438057,-18.187515821104864,0.013093481963369952,0.7940155897260768
-50.58301075466511,-13.9878918678461,0.010249888283027886,0.6299971267893476
-48.06548217092015,-15.699182484093788,0.017398116951377388,0.7376114421568668
-48.047515865237756,-16.777160825037214,0.018955866154081992,0.949172435058824
-49.44215034383332,-13.720643070820541,0.018405672381445738,0.6651836816756284
-48.92337326725429,-14.488702638742733,0.0191817695297675,0.7055057736618795
-51.541962320462694,-19.016211670705122,0.019198715783318138,1.0044579246298555
-50.21245569996581,-14.969301315746677,0.01856989875880386,0.8563248903219426
-52.83553632959481,-17.40598152392088,0.018231071464934433,0.7664312060974288
-48.86947435020712,-15.191634348566259,0.029176453015161186,1.0075750810219544
-46.24639372057812,-14.773917741450681,0.025420010278942123,0.8000497646317267
-48.30353572121182,-17.774290790409882,0.016025015891223664,0.889172474133426
-48.62692922349485,-15.649775143467215,0.02039094235144503,0.9680383417058609
-50.13160732439505,-13.098559736567774,0.01154583382378561,0.7334855787315501
-51.29492561732983,-15.18714277214566,0.01296319420913543,0.4136103491117546
-48.06548217092015,-16.500928875170462,0.014847628453692545,1.11173948778329
-50.681825435918256,-13.729626223661738,0.010218092599653063,0.539691473586682
-50.214701488176104,-16.444784169912992,0.011189779759293726,0.8831846130121844
-48.914390114413095,-15.56443519147586,0.018577777985160394,1.199220217008535
-52.62218644961642,-17.037672257431876,0.02254075699706559,0.8344980205659044
-48.09467741765403,-17.473355170229844,0.020425835603198557,0.9102070414401973
-46.8370360198867,-13.74310095292353,0.03613055998941112,1.048777469821138
-48.406841978885566,-14.057511302365363,0.013891038303819294,1.0706367815024638
-50.74919908222722,-18.939854871554964,0.02640224433814007,0.8093627091608359
-49.985631090725626,-13.523013708314247,0.0075763760058215,0.6743963272606025
-52.17527459576696,-18.15607478616068,0.013400591031905149,0.8445194266868187
-48.090185841233435,-15.404984228544645,0.027481139152664265,1.0620812243797604
-49.8486380098974,-18.19649897394606,0.011528529836247881,0.6405619929344264
-49.327615145108076,-14.250649088451059,0.016889471482751585,0.8207082286829825
-48.37090936752079,-13.439919544533192,0.013537358942951714,0.71751586820711
-49.79024751642963,-13.642040483460084,0.0076422334518633245,0.5569819907815503
-47.70166448085174,-17.66649295631554,0.014977303007929077,0.9813395979279672
-52.539092285835366,-16.72999927262094,0.028187130197688065,0.8004182758651742
-50.14283626544654,-13.14347550077375,0.011493296404925427,0.6998327338211631
-50.477458708781064,-14.104672854781638,0.007952907864119514,0.6590360262726627
-50.09567471303027,-18.353704148666974,0.011825900130076675,0.7240384031872001
-50.85025955169067,-17.08034223342755,0.019993028148108098,0.6125539516442835
-49.33659829794927,-13.134492347932554,0.01739010123566038,0.5606346769592929
-47.400728860671705,-14.825570870287553,0.03924131276824368,0.7805257583835973
-51.795736388226466,-19.00049115323303,0.021162082386638557,0.9605770715724001
-50.59199390750631,-13.585895778202614,0.010715808867697471,0.5657763342607339
-50.74470750580662,-15.043412326686537,0.016830728891014286,0.7428875255897941
-51.61158175498196,-18.403111489293547,0.014878978000755532,0.8764614652208541
-47.70840184548264,-17.482338323071037,0.017241142589837066,0.9629173699836135
-51.506029709097916,-15.993380739642932,0.012745544105380776,0.754300109113105
-46.650635598431904,-13.262502275919585,0.03212548375139068,0.6416475468802633
-47.95094697219491,-14.996250774270262,0.02409399813741329,1.0149423028505966
-53.00621623357752,-16.90292496481395,0.01994596849563899,0.815369400493695
-49.107527900498795,-13.224323876344506,0.019968984640565023,0.6040815690882774
-50.44377188562658,-16.247154807406698,0.011595023286804406,0.7978782480814287
-52.53460070941477,-18.032556434594245,0.01903050740450804,1.0638668689666286
-50.724495411913935,-16.343723700449544,0.016071379716537233,0.9715768022834194
-49.27147043985061,-16.85800920060797,0.0238111578431287,0.8937368548807338
-48.696548658014116,-14.668365695566637,0.030786955863181774,0.7734062080074788
-48.49891929550782,-14.223699629927474,0.014075746265946652,1.3988482168690373
-47.54221351792053,-17.111783268371735,0.015398287122223122,0.819334658004704
-49.010959007455945,-17.453143076337152,0.023255367452235266,0.7825257147031474
-52.92985943442736,-17.792257096092275,0.01818434008590473,0.8917790026596585
-50.311270381218954,-14.250649088451059,0.008214156015882466,0.6944130943245636
-49.92274902083726,-14.547093132210502,0.018751882232615296,0.870555097685255
-50.75369065864782,-18.77591233220315,0.026615914798375072,1.0752160160864566
-52.31226767659519,-16.20223904320072,0.014573268596541544,0.9840754778855024
-53.100539338410066,-17.394752582869383,0.01777612433765843,0.8649627676438766
-52.32125082943638,-17.078096445217255,0.023245853567620094,0.8885760298323279
-50.461738191308974,-13.9901376560564,0.007932768328653838,0.52748669317557
-49.257995710588816,-16.336986335818647,0.02305601806547413,0.9836149655341893
-46.60122825780533,-14.050773937734466,0.037184059026080456,0.6777859019591125
-49.48706610803929,-16.716524543359146,0.0225873659277652,0.983485642563374
-49.707153352648575,-18.26387262025502,0.011236959235388333,0.7686229984974456
-49.52749029582467,-13.859881939859068,0.008608818872879145,0.7111370924148973
-47.62081610528099,-16.678346143784065,0.01579515287301,0.8630064563147756
-50.66385913023586,-17.06462171595546,0.02017593139222917,0.8310468294774537
-48.93909378472638,-16.19999325499042,0.021256918455128067,0.8821102324439626
-50.322499322270446,-18.64790240421612,0.019693693836593775,0.7917025744759317
-49.81270539853262,-18.463747770971615,0.011334755347990572,0.7761557235685514
-51.57115756719658,-17.156699032577713,0.02798528702709011,1.181555012494156
-48.66510762306993,-16.047279656690105,0.02116532685096872,0.9889921754659614
-50.37864402752792,-15.485832604115402,0.01877078408465771,1.203376429852948
-52.14607934903307,-17.316149995508926,0.02423526353835451,0.9187816972629707
-47.126742699015246,-14.140605466146418,0.038729019740457456,0.6102141746856624
-49.94969847936085,-16.543598851166138,0.016030127845411805,0.8939214937363866
-48.036286924186264,-15.532994156531677,0.01797342016961862,1.2266613120805259
-51.03665997314547,-17.057884351324564,0.0206135007440629,0.7621635635416828
-48.23616207490286,-16.433555228861497,0.015417298771962601,0.9818982755344029
-47.42992410740559,-14.672857271987235,0.041557862259674096,1.5364138780104029
-49.17040997038716,-13.017711360997016,0.01983278116427063,0.5600116573022809
-52.554812803307456,-17.767553425778985,0.016869218125098784,0.9873762071093637
-48.593242400340365,-16.004609680694426,0.021503411626591678,0.932125217865809
-51.061363643458755,-15.272482724137015,0.014974575688600101,0.6535876241910864
-50.42805136815449,-15.634054625995123,0.013675115465268771,0.6827530568596721
-51.3578076872182,-19.099305834486177,0.02521831747183601,0.6610347884223199
-52.75468795402405,-17.307166842667733,0.018713966861973668,1.151124876169914
-49.54770238971736,-16.76593188398572,0.014406112703995227,0.9276626322896376
-50.48195028520166,-13.01321978457642,0.011734402334692789,0.6066573229878495
-49.54321081329676,-16.4245720760203,0.0120061233799247,1.0719951410124735
-50.446017673836884,-13.231061240975404,0.011120179388724104,0.5439171650581022
-52.11239252587859,-17.426193617813567,0.024514321589558945,1.1229358948809083
-48.88968644409981,-13.363562745383032,0.019726698313725165,0.6237317651516167
-51.46560552131254,-17.79674867251287,0.026851667623714087,0.8257379240949221
-48.78862597463636,-13.817211963863391,0.017275319157555934,1.1165733232324235
-48.732481269378894,-16.054017021321,0.020718718078006026,1.0095052066484322
-51.41170660426537,-19.121763716589165,0.025231834716249815,0.7084261865488389
-51.03665997314547,-14.9243855515407,0.013646378781332277,0.555593394319963
-47.41420358993349,-16.590760403582415,0.029205106540213754,0.9018576452364694
-51.1556867482913,-16.590760403582415,0.02373212867762117,0.912216821697645
-51.56891177898628,-17.9337417533411,0.014593857864335731,0.8855099074363687
-46.232918991316325,-14.715527247982912,0.02584727695801517,0.7560932253719375
-49.26473307521971,-15.166930678252971,0.02539151007305198,1.1109287022044054
-48.689811293383215,-13.112034465829566,0.018789065733096744,0.8572937121775982
-49.32536935689778,-14.13835967793612,0.017088630945493868,0.7388077106925541
-49.1030363240782,-14.560567861472295,0.027840643610415692,0.8415305748150183
-50.73347856475513,-15.092819667313112,0.017068424799965683,0.7174495436420386
-49.88232483305188,-14.13611388972582,0.00811652892154634,0.8621168624360805
-48.770659668953975,-18.337983631194884,0.01787102357362843,1.1629165806560324
-51.37352820469029,-16.40660577033791,0.015967101760796226,1.0241485053633954
-50.90865004515843,-19.03866955280811,0.025760083483657503,1.1443886426780872
-46.16554534500736,-14.895190304806816,0.02384472132877962,0.7791996792600976
-47.86336123199326,-15.196125924986855,0.02425192894765041,1.0761249706209945
-51.901288434110505,-18.185270032894564,0.014003617004906242,0.7405607577904668
-51.47009709773314,-19.031932188177212,0.024879740156682487,1.036261493125595
-47.7825128564225,-16.808601859981398,0.01679288454446667,1.0308366889987859
-50.50216237909435,-18.3042968080404,0.016100139020724203,1.1737301595310654
-47.31763469689065,-14.81434192923606,0.03894174236764932,0.7912024546909078
-49.6555002238117,-13.64877784809098,0.007710739410437231,0.8444734753083952
-49.91152007978577,-14.201241747824486,0.00818203186429363,1.1528476707466069
-50.35394035721463,-12.570799507147555,0.011630273463269825,0.637028885361613
-49.50278662551138,-15.557697826844963,0.017043461918973383,0.9970201911664516
-52.71426376623867,-17.057884351324564,0.021142042618926625,0.7570932893101352
-49.72736544654126,-17.19712322036309,0.014706988082060824,0.7865865164885495
-46.479955694449195,-13.34784222791094,0.025056320618899255,0.9307149733841712
-50.51339132014584,-13.264748064129884,0.01386207162070342,0.6708628843048877
-51.01420209104248,-16.772669248616616,0.019184350613583593,0.9598970351593689
-50.33148247511164,-17.729375026203908,0.01287683520318758,0.7100485887361968
-50.62343494245049,-13.907043492275342,0.010194545854719536,0.6906191125815933
-51.12649150155742,-16.52114096906315,0.023091605370107276,0.8202520069993273
-50.118132595133254,-15.705919848724685,0.013538021502145113,1.0480121245360021
-49.04689161882072,-14.850274540600841,0.02745131643400462,0.7447407728634898
-46.549575128968456,-13.978908715004904,0.03682902809590136,0.7173620322794912
-48.30128993300152,-17.23530161993817,0.021991127182933532,0.774983969130005
-46.039781205230625,-14.486456850532434,0.01988369976865598,0.8389547102564779
-51.3533161107976,-16.20223904320072,0.01581504674987428,0.9389058646576715
-47.33784679078334,-17.601365098216874,0.019814594582027556,0.7140469515758342
-46.68432242158639,-14.688577789459327,0.04059442606091259,0.5854970333667944
-47.61183295243979,-18.072980622379625,0.01564014278919185,0.9395287794634287
-48.07895690018194,-13.731872011872037,0.014321868268934671,1.2462606398227056
-50.0327926431419,-13.698185188717554,0.007626629904972047,0.7870316856293313
-50.47521292057077,-18.00785276428096,0.012756041865034123,0.7865377655707836
-48.433791437409155,-15.802488741767533,0.016499631940134395,0.9390508442115423
-46.163299556797064,-13.372545898224228,0.022755234434306364,1.3197097973619702
-51.216323029969374,-18.15158320974008,0.023649973714814178,0.7402755337457093
-48.3394683325766,-14.764934588609487,0.02844298493182351,1.2256228197871677
-50.987252632518896,-19.276723103099783,0.0254778795945502,0.5895940124814506
-50.47970449699136,-15.261253783085522,0.018862617686197382,0.5865169549851875
-51.01420209104248,-15.24328747740313,0.015141782332418943,0.5073793467085944
-47.58039191749561,-15.209600654248648,0.02326133441813578,0.8783995211941789
-49.22880046385493,-16.655888261681078,0.025575064144295726,0.9015108652243624
-48.29679835658093,-18.1178963865856,0.016475751406034512,1.130524504581009
-50.237159370279095,-14.259632241292255,0.008218136822070465,0.540819257222381
-50.18550624144222,-14.70205251872112,0.018260829868230275,0.6824279853225107
-51.61607333140256,-17.70691714410092,0.014427424159317854,0.8089910553818395
-48.844770679893834,-17.913529659448407,0.019176884552836695,0.884364490133307
-49.14795208828417,-17.14097851510562,0.022369754402141364,0.8448554320588076
-49.18613048785925,-17.751832908306895,0.020309996512207485,0.9180108430681692
-49.475837166987795,-16.420080499599706,0.023520000094047,0.9455759499122656
-47.618570317070684,-17.448651499916558,0.017443588818449283,0.8900807778354177
-51.07932994914115,-16.601989344633907,0.022142721577600073,0.8696768393787321
-48.004845889242084,-17.379032065397293,0.019923328664285055,0.8678542467182457
-50.697545953390346,-17.251022137410263,0.024250676690281657,0.905882313328661
-48.229424710271964,-15.535239944741976,0.017532848986640346,1.3186468686430077
-47.62081610528099,-16.58177725074122,0.015979583455232396,0.8703435920033832
-50.10690365408176,-14.81434192923606,0.018426189990853454,0.958964133660691
-48.08120268839224,-15.027691809214446,0.025049676201818107,1.120318109460064
-50.81881851674648,-15.047903903107136,0.016069811030865327,0.6163259758804057
-47.49954354192485,-15.858633447025003,0.021813267994026376,0.8071329460148492
-49.637533918129314,-13.96992556216371,0.008033850236809182,0.6694231792159263
-49.02892531313834,-18.08196377522082,0.01865012241307699,1.0002445525597314
-51.07932994914115,-18.26387262025502,0.02245960192113708,0.991811774144332
-53.105030914830664,-17.304921054457434,0.017365359967285277,0.8895457444871248
-49.71164492906917,-17.49581305233283,0.013819478465864028,0.8471070798806789
-48.00709167745238,-18.38289939540086,0.016707222013077033,0.9305045960961814
-51.55543704972449,-15.76880191861305,0.015311307848069769,0.7627009434608661
-48.08569426481284,-15.162439101832375,0.025766053071356546,0.9793611834145496
-48.330485179735405,-13.808228811022195,0.013245590864569954,1.5613493469904276
-50.11139523050236,-14.118147584043431,0.008055707237918664,0.6751913656859948
-48.299044144791225,-14.246157512030463,0.015339025797980979,0.9891464557511421
-48.68307392875232,-14.452770027377952,0.015829226262414394,1.4876760972006846
-46.688813998006985,-14.385396381068988,0.03883848371719902,0.6689644896597287
-47.373779402148116,-15.52625679190078,0.027042003881385786,1.1322214810073559
-50.778394328961106,-16.26062953666849,0.015986803575501696,0.9858943963524159
-51.00072736178068,-17.03093489280098,0.01996013399000974,0.7020387068229547
-50.26186304059238,-13.12326340688106,0.011375368143017803,0.7107264086059405
-47.62306189349128,-14.81434192923606,0.023774227910166396,0.9446582656897112
-49.0985447476576,-16.741228213672432,0.024720297181338245,0.7915094765396219
-47.98687958355969,-13.639794695249785,0.014676083236205825,1.1259649426003975
-50.02380949030071,-16.319020030136258,0.01168377409131556,0.8819980612156714
-51.66997224844973,-17.183648491101298,0.027296105957086713,1.1627366899833878
-47.98687958355969,-14.740230918296199,0.0244803822408175,1.0185535081986379
-48.97727218430146,-16.417834711389407,0.02338404998913802,0.9031518685170717
-52.15506250187427,-15.961939704698748,0.014944145875431565,0.6119867946854484
-49.0962989594473,-13.089576583726577,0.019658794396826995,0.5969856987804933
-50.00808897282862,-17.044409622062773,0.015337893292185144,0.7188308423166626
-48.330485179735405,-17.852893377770343,0.016150240740438634,0.8324595975204535
-51.63179384887465,-17.304921054457434,0.027604426665564497,0.7139689033149518
-51.348824534377,-16.770423460406317,0.025893780933308578,0.8251125852407798
-51.10852519587503,-17.98764067038827,0.024642690895316965,0.8234790267116368
-49.64427128276021,-13.210849147082714,0.012244916590218553,0.5131932020365302
-49.37926827394495,-15.292694818029705,0.02514702121593141,1.016933683117671
-49.95643584399174,-17.857384954190938,0.012129879173291664,0.5880628510458549
-48.03853271239657,-17.23305583172787,0.019609029811834117,0.9856086976878521
-49.16816418217686,-13.271485428760782,0.02031183534406708,0.5753359112684896
-50.906404256948136,-18.308788384461,0.021836052286834162,0.9404463329350917
-50.001351608197716,-16.72775348441064,0.015647006242489225,0.7737851992796231
-48.7212523283274,-14.713281459772613,0.03048985474004894,1.1777422903558614
-52.63790696708851,-16.85576341239767,0.02489564480186641,0.7792582399434068
-47.60734137601919,-13.33212171043885,0.02147050467245003,1.7004422194508664
-51.62505648424375,-15.404984228544645,0.01569829168254613,0.49285943124331083
-47.68594396337965,-15.539731521162572,0.018856382363617304,0.8507312816146099
-47.721876574744435,-13.597124719254108,0.016497013204739498,1.0550798573096019
-50.268600405223275,-16.79063555429901,0.01657295240466056,0.7425662650980672
-51.08831310198234,-15.137735431519088,0.013990178168841193,0.53336617325808
-48.54383505971379,-15.782276647874845,0.021218296833352114,1.0427684801618595
-49.61507603602632,-16.570548309689723,0.015041651456138994,0.8985997647088529
-49.177147335018056,-13.112034465829566,0.020003989709287885,0.6207235138479754
-47.582637705705906,-14.782900894291876,0.02398776851239698,1.0314188544343648
-50.66835070665646,-15.447654204540322,0.019227055710117895,0.7118482476942014
-48.57527609465798,-14.83230823491845,0.0317802353455179,1.1662031031234716
-48.97053481967057,-16.97029861112291,0.023259667425729297,0.7580692239008413
-49.19511364070045,-13.489326885159766,0.019856081207944878,0.5753465230276226
-47.614078740650086,-18.124633751216496,0.01579831392200978,0.8684610826610363
-47.76679233895041,-13.880094033751757,0.01694414555018003,0.7079515172377456
-50.102412077661164,-18.400865701083248,0.011811430837602685,0.6328390696087357
-52.95231731653035,-17.100554327320243,0.01870268280550685,0.8169183234781072
-52.68282273129449,-18.571545605065957,0.03292195111834797,0.6887620162360114
-49.00871321924565,-15.661004084518709,0.01816012517542056,1.0205709512747974
-48.352943061838396,-14.962563951115781,0.028477171736025247,1.2029728472181132
-49.63977970633961,-15.130998066888191,0.020249637760447785,0.9261544278323329
-48.577521882868275,-17.60810246284777,0.020386559107168346,0.7653906045318007
-47.25699841521258,-14.302302217287933,0.039939029920795,0.7071920678563296
-50.895175315896644,-17.27572580772355,0.024420594312593708,0.9445444412422025
-48.763922304323074,-15.609350955681837,0.019359350768343494,1.2259777739606947
-49.69817019980738,-16.155077490784446,0.012509869074169868,1.0036716607259553
-48.876211714838014,-15.425196322437333,0.03000394416127739,0.9146719280945
-49.091807383026705,-13.927255586168032,0.017188510166215473,0.6820927657134641
-47.892556478727144,-17.940479117971993,0.015517143095909135,0.8583941793248466
-49.19960521712105,-16.07198332700339,0.020430675840414393,1.2890873757165424
-52.426802875320426,-16.46724205201598,0.014412921476821031,0.7025734158592097
-46.85275653735879,-14.785146682502175,0.03850001058203837,0.4413482952467644
-47.9801422189288,-15.018708656373251,0.024306866678572448,1.2441653492920748
-49.55893133076886,-15.995626527853231,0.013171178181164516,0.9366142894987978
-48.433791437409155,-16.496437298749864,0.015599324210730344,0.8708274767751244
-52.51438861552208,-16.85576341239767,0.02504352493675589,0.9249511428573429
-47.506280906555745,-13.325384345807953,0.02680248487962511,1.390715081923606
-48.54832663613439,-17.637297709581656,0.020283071018967758,0.7812220255321698
-49.514015566562875,-13.848652998807573,0.010534698335179383,0.7180787746411302
-48.786380186426065,-13.511784767262753,0.018727530943287194,0.66507031336547
-49.17040997038716,-16.19999325499042,0.021468809284795387,0.9688622480444605
-52.45150654563371,-17.134241150474725,0.02245835245308037,0.7361230037605385
-49.92948638546816,-15.20735486603835,0.019749552177024076,0.9646593624642815
-51.061363643458755,-15.955202340067851,0.01568750569053572,0.9025370647078145
-49.74757754043395,-14.255140664871657,0.008296452121748496,0.6601092156456381
-50.809835363905286,-17.545220392959404,0.02785710041025517,0.8506429407527777
-48.07671111197164,-14.163063348249407,0.01606537367002381,1.2372512530408906
-52.54133807404567,-16.473979416646877,0.025650606835927587,0.7727719302012463
-48.89642380873071,-17.017460163539187,0.023801012075339568,0.808087158782122
-48.42929986098856,-13.359071168962435,0.01230139385804598,0.8696932117744725
-51.975399445050364,-17.410473100341477,0.025375353105575264,1.190456731049764
-49.455625073095106,-14.45726160379855,0.016878987079318765,1.0855598743112627
-47.86111544378296,-16.166306431835938,0.016739161962661016,0.953728883733793
-48.427054072778255,-14.259632241292255,0.0150852643696654,1.017193413584535
-50.2326677938585,-15.856387658814704,0.01295099263223162,0.9807107321113926
-48.38438409678258,-18.358195725087572,0.016143812255547358,1.0885892838766715
-48.12162687617762,-17.7428497554657,0.015669423474324828,0.8688289567850483
-49.54770238971736,-17.38352364181789,0.014777454477213186,1.0260030737499466
-47.865607020203555,-15.584647285368549,0.01820519416073071,1.0985341252578908
-48.968289031460266,-13.078347642675084,0.019233880495329553,0.8020416986220887
-47.843149138100564,-14.580779955364983,0.025362763059688907,1.2913689494297957
-48.24289943953376,-17.882088624504224,0.01602267061978031,0.7946860998253085
-52.14383356082278,-16.206730619621318,0.014284162844326672,0.6362403999749269
-49.44888770846421,-17.565432486852096,0.02185207623997565,0.9916230466409921
-49.48706610803929,-13.87560245733116,0.015557473067912426,0.6579034293698106
-51.869847399166325,-17.77653657862018,0.01384475416992854,0.883004858045293
-48.43154564919885,-14.704298306931419,0.03024792887740879,1.312159141354465
-49.83067170421501,-14.72226461261381,0.018755344756075244,0.6496110144100864
-50.964794750415905,-18.989262212181536,0.025670592425928503,0.9234636531427372
-47.80946231494609,-17.852893377770343,0.01524104166980227,0.89593452625211
-46.565295646440546,-13.154704441825244,0.030334603000143883,0.9539899507467119
-49.41969246173033,-15.593630438209745,0.020090139882095633,0.9774973474298531
-52.404344993217435,-17.042163833852474,0.022813891243263516,0.7860933493882732
-52.01133205641515,-18.894939107348986,0.023081360423512408,0.6749303097794405
-50.937845291892316,-17.300429478036836,0.0251421217156205,0.9139947176264959
-49.86885010379009,-13.765558835026518,0.007731724183772849,0.5970455262051261
-52.43803181637192,-16.249400595616994,0.014703935096044302,0.9949468018740167
-51.265730370595946,-16.91415390586544,0.023478806923867605,0.8627377407845227
-46.71800924474087,-14.731247765455004,0.03975732436944527,0.9951791301561795
-51.48581761520523,-17.507041993384327,0.024273825414341716,0.6727415178610658
-47.99810852461118,-17.57216985148299,0.015410825613142564,0.9800827882954133
-49.58363500108214,-14.540355767579605,0.019629234790661067,0.8360296203368857
-50.45949240309867,-13.233307029185701,0.011110336700697202,0.6042503587986744
-49.963173208622635,-16.835551318504983,0.01528590795494709,0.6980992037892754
-49.138968935442975,-13.015465572786718,0.01970729970164831,0.6191460231995753
-47.63204504633248,-14.648153601673949,0.024867795422100207,0.9850825918610018
-51.64976015455704,-17.529499875487314,0.013661159103949104,0.7609741891502563
-47.48157723624246,-16.57503988611032,0.026322716332210176,0.8442812421841394
-50.070971042716984,-17.5542035458006,0.012751154808988918,0.7109251275816143
-49.893553774103374,-16.67385456736347,0.01544292889165697,0.7808561558027879
-49.707153352648575,-15.818209259239625,0.013535110448042925,1.3412811662408772
-46.67084769232459,-14.551584708631099,0.04289378137881598,0.4921009388635044
-51.64751436634674,-16.554827792217633,0.02823217224332158,0.9318368902470037
-49.80821382211202,-13.31190961654616,0.012029373755480436,0.5685756994885022
-50.585256542875406,-16.420080499599706,0.016200883083577665,1.194812512012633
-50.14508205365684,-14.279844335184944,0.008240576476528335,0.5712495014059519
-52.87820630559049,-17.76306184935839,0.01765997169151952,0.8928381597520715
-50.18775202965252,-16.213467984252215,0.011841225636908955,0.995102435331041
-48.97053481967057,-13.233307029185701,0.019557371880999253,0.6161703496057672
-48.507902448349014,-16.79063555429901,0.026910764695560134,0.8173233691463994
-49.73185702296186,-17.599119310006575,0.012279201089689296,0.6874400911155051
-47.52200142402784,-14.313531158339426,0.019483839033053483,0.9810162890958668
-50.17652308860102,-16.08994963268578,0.012222417737008991,1.218045070833815
-47.2255573802684,-15.613842532102433,0.02660520313230969,0.6852301595437723
-50.54258656687973,-18.92413435408287,0.027137186304678287,0.9250275028334115
-48.05649901807895,-14.484211062322135,0.019851921833301794,1.174176121284659
-49.455625073095106,-13.487081096949467,0.020737126734287174,0.6301840201385863
-51.847389517063334,-18.730996567997174,0.02109555414239241,1.0629894814220517
-48.979517972511765,-15.964185492909047,0.019291433282005034,1.1739416751551917
-49.41969246173033,-15.860879235235302,0.020522948939152862,0.7896728609134097
-51.22979775923116,-15.196125924986855,0.01338129766578681,0.3989707328638168
-48.01832061850387,-14.553830496841398,0.025896839058904497,1.7041340036549906
-50.457246614888376,-15.418458957806438,0.019949399817570927,1.002891616547431
-50.558307084351824,-14.181029653931796,0.010233399772688893,0.5990869108056914
-47.76230076252981,-17.475600958440143,0.01797901728509785,0.9262039181747482
-49.73634859938246,-13.165933382876737,0.01208142935553928,0.5596211213623353
-51.943958410106184,-16.177535372887434,0.014077003088471722,0.7586237500158219
-50.62118915424019,-16.983773340384705,0.018957031907566146,0.8536521006543669
-51.285942464488635,-15.407230016754944,0.014806607499579622,0.4436828128039407
-50.93110792726142,-17.886580200924822,0.025176880944384184,0.8160738185146812
-46.95830858324284,-14.751459859347692,0.03894265151720476,0.49116357105690955
-53.10727670304097,-17.774290790409882,0.019368986678971165,0.9049692403365229
-49.77003542253694,-14.203487536034785,0.008229067634133981,0.6376612236173389
-52.68956009592539,-17.298183689826537,0.019727028677029947,1.1821920166824629
-51.917008951582595,-15.90130342302068,0.014865797100625742,0.7287156067159618
-51.17140726576339,-18.62544452211313,0.025764351198945518,0.8469582621462933
-51.50827549730822,-18.820828096409127,0.02031283167975479,0.8503731754746315
-49.909274291575464,-13.01321978457642,0.011599679609355791,0.5546521306048654
-50.61445178960929,-18.890447530928387,0.027043855273088734,0.8605068242421866
-48.45175774309154,-18.016835917122155,0.016582399641701266,0.9411984898538952
-46.99199540639732,-13.300680675494666,0.033785467953956504,0.9278157214733612
-48.44726616667094,-16.84453447134618,0.022668055492074672,0.8323903234604483
-48.66286183485963,-15.652020931677514,0.020097718600126737,1.0005153780115188
-48.162051063963,-14.26861539413345,0.016218467249853177,0.8726299810680436
-51.12199992513682,-15.604859379261239,0.01547517855868388,0.8899670694578871
-52.72324691907987,-18.38065360719056,0.022875164251369335,0.5984968364954096
-50.43254294457509,-15.766556130402753,0.013193642189586418,0.7945273765648989
-53.16791298471903,-17.471109382019545,0.018663033395105506,0.8335459083746265
-50.29330407553656,-16.215713772462514,0.01176419468053497,0.8076265105207926
-50.26410882880268,-15.106294396574905,0.018888086190720695,0.8976610448128189
-51.31064613480192,-16.777160825037214,0.024971548636355777,0.8583680388429014
-49.664483376652896,-13.36580853359333,0.012351726765703036,0.6409606000391226
-52.03828151493873,-18.55133351117327,0.02326178202909416,0.977243065616893
-48.08344847660254,-13.603862083885005,0.01397442289322008,1.534404921483145
-50.47970449699136,-18.825319672829725,0.02019852066621555,1.0546036845719493
-51.270221947016545,-15.872108176286796,0.015601070237721417,0.6196787352752393
-50.50440816730465,-15.223075383510443,0.01855845129358157,0.5969229336483617
-49.197359428910744,-15.593630438209745,0.018525444008359114,1.0195565527962644
-47.528738788658735,-14.02607026742118,0.01864640807660615,1.1862146120685817
-48.48319877803573,-15.443162628119724,0.032407364622915096,1.0519765406307051
-48.074465323761345,-18.039293799225142,0.015976773528913885,0.8436403796817049
-47.176150039641826,-13.615091024936499,0.03673966542359167,1.4306240036620046
-47.9711590660876,-17.59462773358598,0.015367294519090533,0.9797174546497381
-52.98375835147453,-17.59462773358598,0.017355240775684018,0.8478758829658942
-46.960554371453135,-14.412345839592573,0.03949938542285512,0.45496045268340174
-53.0376572685217,-17.02419752817008,0.01877113757505138,0.8103688438164421
-49.48706610803929,-14.183275442142095,0.015140126865700402,0.7274137046937291
-50.4011019096309,-18.277347349516816,0.012429461452600666,0.9653776194606278
-52.93210522263766,-17.280217384144144,0.01733206690573249,0.8837434886279242
-50.91314162157903,-17.12525799763353,0.021006599991568082,0.6669530202068845
-50.926616350840824,-17.825943919246754,0.025655730545539105,0.8844593037849525
-47.78925022105339,-16.14384854973295,0.01699298799373591,1.0196037130069822
-50.20796412354521,-14.45501581558825,0.008453746833818592,0.5992007424028342
-50.457246614888376,-17.356574183294306,0.017155255450145377,0.5772844184857929
-50.163048359339236,-13.525259496524546,0.0075730879298144685,0.6688663127201986
-50.762673811489016,-18.515400899808487,0.025644612420927505,0.7132464305339824
-47.44339883666738,-14.612220990309167,0.04251476763479672,1.0982625474270187
-48.96379745503967,-13.094068160147176,0.01924772916295178,0.5909378110397908
-46.217198473844235,-13.381529051065423,0.027262622833852685,1.2976619717951337
-46.8460191727279,-14.041790784893271,0.03748922390531202,0.6524724799883383
-49.35231881542136,-14.976038680377574,0.02512717264085339,0.7756220376009596
-48.19349209890718,-17.632806133161058,0.01574078663981699,0.7502394546307604
-46.62593192811862,-14.53361840294871,0.0432881150048301,0.5685529392217159
-50.67508807128736,-15.22532117172074,0.018097877963133436,0.6355649147425667
-46.37889522498575,-14.746968282927096,0.0251686062793876,0.9513654130622181
-50.778394328961106,-18.42332358318624,0.02087387897037432,0.7796048188570669
-49.76778963432664,-18.13586269226799,0.011475113643700258,0.6585930499258454
-50.124869959764155,-14.843537175969944,0.018439764127553628,0.9190218747115733
-52.49193073341909,-16.56156515684853,0.025534010503686148,1.0187134268558993
-52.42006551068953,-17.841664436718847,0.012666583342467858,0.985166829056253
-50.237159370279095,-18.290822078778607,0.012121308449260335,0.677350484908868
-49.53198187224527,-14.423574780644067,0.008822894613022965,0.7845504871584069
-50.95132002115411,-17.33187051298102,0.02600391335878743,0.9091770409536516
-50.07770840734788,-15.2994321826606,0.01984239461080719,1.0677093538287328
-48.81108385673935,-16.123636455840263,0.0208619191871012,1.0100849027786112
-51.94620419831648,-17.40598152392088,0.025560959547538096,1.0545376382074787
-50.113641018712656,-13.426444815271399,0.011675822246165993,0.5365543322545275
-48.38662988499288,-16.41334313496881,0.015311670855986989,0.8124250006423296
-49.91825744441666,-18.093192716272313,0.011756362825804847,0.8384681809218243
-47.70615605727234,-16.345969488659843,0.01679292074560198,0.8081332083914706
-48.40010461425467,-14.657136754515143,0.029963426834721415,1.2170915340236146
-50.441526097416286,-16.498683086960163,0.012240755937086777,0.8638657489293373
-50.17652308860102,-17.527254087277015,0.013087272348858228,0.6788550099832672
-50.80534378748469,-14.800867199974267,0.01600921020385924,0.6702283049660588
-50.852505339900965,-18.629936098533726,0.02651979399075188,0.7736261674989259
-49.8441464334768,-15.396001075703449,0.02082407977524125,0.9288981051297244
-49.30740305121539,-15.986643375012035,0.020364124475085,0.9200577091502294
-49.04240004240013,-13.136738136142853,0.019560265079510624,0.5579538908394757
-46.78762867926013,-13.035677666679407,0.028383740479874988,1.322305873518609
-50.27084619343358,-13.81945775207369,0.00773255937760893,0.6291724059957816
-46.58999931675383,-14.295564852657035,0.038302397212058525,0.7002670308368729
-47.780267068212204,-14.237174359189266,0.018482000245561604,1.4291621423722514
-50.62568073066078,-14.971547103956976,0.01803352084168126,0.6709596020831432
-49.846392221687104,-14.154080195408211,0.008147240181625123,0.7243019450091777
-51.01195630283218,-16.415588923179108,0.016018221399114033,1.0615516562390541
-49.19960521712105,-16.905170753024247,0.023224959071968188,0.9609238464610587
-50.07995419555817,-18.43455252423773,0.011754965513509366,0.883213825283014
-51.858618458114826,-18.629936098533726,0.02125213211552537,1.1076303180625453
-50.81657272853619,-14.039544996682972,0.009130179705505375,0.8108580589736661
-48.28556941552943,-13.383774839275722,0.01381648890642311,0.9682226012195324
-49.17490154680776,-17.055638563114265,0.022506694933303106,0.8123707891906653
-51.526241802990604,-18.77366654399285,0.01859501528730067,0.6885766567338352
-50.922124774420226,-15.584647285368549,0.015528404343464048,0.5139809923725348
-52.15730829008457,-17.22182689067638,0.02414795913918033,1.0335179064255227
-49.15244366470477,-17.426193617813567,0.02233407399290921,1.005934367070475
-47.83865756167997,-17.81696076640556,0.015241842159413283,0.9259260151477484
-46.05550172270272,-14.329251675811518,0.019939152467145248,0.8615811194875551
-48.59548818855067,-17.426193617813567,0.027259306970690515,0.8408890093629339
-49.145706300073876,-16.58177725074122,0.02638621353218879,0.9448712285115968
-49.06036634808252,-18.216711067838748,0.01815887403043669,1.0316718155490168
-48.25412838058525,-15.083836514471916,0.027323411378310968,0.7916626191593608
-49.165918393966564,-17.06462171595546,0.022474820709725236,0.8236319448902636
-51.5352249558318,-17.718146085152412,0.014683429878796861,0.8759665901895803
-48.171034216804195,-18.308788384461,0.01669223123520658,0.9365260772711553
-50.284320922695365,-17.974165941126476,0.012495875930292551,1.049476627329953
-47.068352205547484,-14.899681881227414,0.0368041496433368,0.4931451727717738
-52.08095149093441,-15.90354921123098,0.01425421690188255,0.7300195471440984
-47.003224347448814,-14.520143673686917,0.04200373701610843,0.6476092772145498
-50.778394328961106,-17.10504590374084,0.020508080493891714,0.7041507755195867
-48.957060090408774,-15.373543193600462,0.02896618391036863,0.857271828535744
-48.73697284579949,-16.754702942934227,0.02703314156388018,0.8772486012102562
-49.61507603602632,-15.119769125836697,0.02029348253288612,0.783745487096625
-47.827428620628474,-14.897436093017115,0.02361961836560109,1.0438737761450423
-50.821064304956785,-14.978284468587873,0.015897609920456714,0.700162548952445
-50.56279866077242,-18.25039789099323,0.02232490093922366,0.9499095322923727
-49.02443373671774,-13.242290182026897,0.01973468445709972,0.5711022240738847
-49.64651707097051,-14.466244756639744,0.008663475345660338,0.7588046678570189
-50.895175315896644,-17.59462773358598,0.027492252923736974,0.7673124131758686
-52.190995113239055,-16.402114193917313,0.013989866706450927,1.4751664328919472
-49.50727820193198,-16.278595842350878,0.016099011656373136,0.879106873514059
-47.2165742274272,-13.752084105764725,0.0374341951640178,1.358830157985351
-50.14732784186714,-16.009101257115024,0.012498128511491569,1.0127374962761713
-46.960554371453135,-15.090573879102813,0.03377778349443555,1.4951338751962873
-47.52649300044844,-14.697560942300521,0.023817828016314522,0.9806869330076221
-49.439904555623016,-15.050149691317435,0.024660725757510167,0.6495551739389712
-49.55893133076886,-15.196125924986855,0.02086843453043641,1.0119641740108478
-48.471969836984236,-13.514030555473052,0.012062032472762049,1.2475250399345568
-51.317383499432815,-17.174665338260102,0.026143563873044236,1.195322049983901
-46.52936303507577,-13.570175260730522,0.03442170325551225,0.7108909623452432
-50.9737779032571,-15.490324180536,0.01636256167399607,0.48982067882206853
-49.633042341708716,-18.187515821104864,0.011223705919494512,0.772958992691997
-46.52487145865517,-13.410724297799307,0.033587807412136336,0.8108788819711887
-50.52237447298704,-17.81920655461586,0.02360757864770508,0.800399784786724
-46.735975550423255,-13.10529710119867,0.029457133058011536,0.7421806540611513
-49.21307994638284,-15.829438200291118,0.01892679286371369,1.0764106835321967
-47.834165985259375,-15.023200232793847,0.023593029544915385,0.895357051982376
-48.06548217092015,-13.900306127644447,0.014941505126950055,1.2875408212892874
-49.60384709497483,-15.65651250809811,0.014198190824881858,0.7291877744467424
-51.232043547441464,-17.596873521796276,0.02794140865412783,0.8280105871483875
-48.15082212291151,-14.028316055631478,0.014926333052063893,1.2795352818393668
-49.8486380098974,-17.437422558865062,0.015363257552598767,0.7485606268982251
-51.467851309522835,-16.381902100024625,0.015638839782247914,1.1236530482912148
-47.61183295243979,-14.789638258922773,0.023914749865787104,0.9539256236750818
-47.452381989508574,-15.072607573420422,0.0364524026277287,0.5929031073598253
-52.22019035997294,-18.841040190301815,0.6823452105287686,0.979151542233773
-51.151195171870704,-19.229561550683506,0.025308259461426,0.6643221645512359
-47.063860629126886,-13.565683684309924,0.03601816886955485,1.451424171775791
-49.71613650548977,-15.937236034385462,0.013143312496132131,0.7736844274559709
-49.02892531313834,-17.7428497554657,0.02005790267797211,0.8481040471332667
-51.05911785524845,-19.249773644576198,0.025387653918565307,0.6593836703157417
-51.03216839672487,-14.859257693442036,0.013585398623197199,0.5589740272817293
-50.83229324600828,-14.430312145274964,0.009621666069457762,0.638858919706501
-50.005843184618314,-14.313531158339426,0.008292692327746251,0.7299598486210809
-48.128364240808516,-15.173668042883868,0.02626403448464551,0.8473263844402035
-49.70939914085887,-15.043412326686537,0.019657512782419978,1.0922103148273112
-47.67471502232816,-13.93174716258863,0.017831323669696555,1.3556816145690067
-50.71551225907274,-13.770050411447116,0.010069046791768139,0.634972102663241
-47.20085370995511,-14.059757090575662,0.038643882960534115,1.5189735683959131
-47.196362133534514,-14.190012806772993,0.039203696299467246,0.6428471311029372
-51.70590485981451,-17.531745663697613,0.013745900143768964,0.7532993564177284
-52.93210522263766,-17.055638563114265,0.019344284025144532,0.7256160652959688
-49.11426526512969,-16.831059742084385,0.023740639978160727,0.9569615152983219
-52.500913886260285,-18.42332358318624,0.017007968867296885,0.7611985379596572
-50.64140124813288,-15.598122014630341,0.01567399672123774,0.7162742313021324
-52.35269186438057,-16.509912028011655,0.020791670078935953,0.8274116161010237
-47.83192019704907,-17.078096445217255,0.017416004754489088,0.9246059355038584
-52.75917953044465,-17.129749574054127,0.0198213960833715,0.876663973694107
-48.3394683325766,-17.48009253486074,0.021384156779829206,1.058237485728916
-49.04464583061043,-15.914778152282473,0.018926204210249518,1.0697847834485898
-48.144084758280606,-15.515027850849286,0.019376946693989067,1.0743885037007663
-49.56117711897915,-14.630187295991558,0.019530041758870582,0.9113043806432279
-48.59773397676096,-16.70754139051795,0.028833041314462494,0.8963526939926213
-49.39274300320674,-13.464623214846478,0.02182507419669013,0.7140871848005418
-47.34458415541423,-14.75819722397859,0.03987349562826268,0.9899890218762059
-48.02730377134507,-17.82145234282616,0.015570334085336247,0.8616346510321636
-49.21307994638284,-16.29880793624357,0.022534382072549885,1.0184742131155067
-49.796984881060524,-14.091198125519846,0.008094326177313925,0.5669521320952157
-48.45849510772244,-17.19487743215279,0.02335920291754848,0.8971346431697903
-48.51014823655931,-17.542974604749105,0.017941552970455056,1.0647825205728563
-48.3439599089972,-13.916026645116538,0.013553078773073554,1.4930459812117371
-47.87009859662415,-14.657136754515143,0.024712399208121905,1.119292319245314
-50.10690365408176,-13.514030555473052,0.007900814537359734,0.6697328816203628
-47.609587164229495,-13.55670053146873,0.01730122092034709,1.2581898614043883
-46.569787222861144,-14.603237837467972,0.042604080238838805,0.6616686795061733
-49.34333566258017,-18.540104570121777,0.021929732155774494,0.7831837075391815
-52.23591087744503,-18.4884514412849,0.016806821405411322,0.9145799431041559
-48.30802729763242,-14.178783865721497,0.014788223309662262,1.0688039640795717
-48.96379745503967,-14.630187295991558,0.028616240071032743,0.8929087788471559
-49.30740305121539,-16.18651852572863,0.021913178110438598,1.1168078242167057
-51.93722104547529,-18.960066965447652,0.018557217450153398,0.8604597755693891
-47.72861393937533,-14.94684343364369,0.023341953914713193,0.9376251557890894
-48.59099661213007,-15.97766022217084,0.021395853004081145,0.8877570516702867
-50.94458265652322,-19.040915341018408,0.02566670269773463,0.900789441580293
-46.48220148265949,-14.053019725944765,0.02248420733230796,1.1114917339526469
-52.86248578811839,-17.129749574054127,0.01887506940049576,0.9163413499889277
-51.521750226570006,-16.063000174162195,0.01323477834721685,0.7698038919273066
-47.10428481691226,-14.668365695566637,0.04037565738689136,0.5405921473556324
-46.77639973820864,-14.42132899243377,0.039146454394037675,0.5434499147253948
-50.4100850624721,-18.60298664001014,0.0200995038043097,0.9712586586412136
-49.22206309922403,-14.488702638742733,0.01895830445293729,0.9495531175764044
-49.61283024781603,-16.797372918929902,0.014490593153122048,0.8332595393299429
-51.55992862614509,-17.733866602624506,0.014562628408166602,0.8636362954735874
-52.27858085344071,-17.89107177734542,0.012981167106102736,0.966501463033188
-46.87296863125148,-14.118147584043431,0.03790162787965999,0.518120264335392
-50.43029715636479,-17.825943919246754,0.0129165968016516,0.8771642835205542
-51.62954806066435,-16.927628635127235,0.02766636336702741,1.0184818608094293
-52.4739644277367,-17.745095543675998,0.012567189766205803,1.0296843853952546
-48.22044155743077,-17.841664436718847,0.015936195425337352,0.8494699093542324
-49.83740906884591,-18.37616203076996,0.01136406244279672,0.6737307576695906
-50.2326677938585,-15.636300414205422,0.013724561821580652,0.777282446856057
-48.9031611733616,-15.764310342192454,0.018672757338479656,1.1641607743583706
-51.66323488381883,-17.729375026203908,0.014317242819194432,0.7208263705645915
-52.08095149093441,-16.57503988611032,0.025568043868046314,1.1184128358082956
-48.90091538515131,-15.721640366196777,0.018605611605874622,1.215645922490492
-47.71289342190324,-14.764934588609487,0.02398963088334937,0.8834418511709846
-46.43503993024322,-13.01097399636612,0.020652266961005326,0.790084195744754
-49.78351015179874,-15.153455948991178,0.019886038475002914,0.9117340879967908
-48.74595599864069,-17.940479117971993,0.01906025008733949,0.9060082385797367
-51.23653512386206,-15.555452038634664,0.015427587136953748,0.7103490546673031
-50.96254896220561,-17.489075687701934,0.029070242175348367,0.7936521152601231
-50.95356580936441,-15.654266719887811,0.015551088916127694,0.45182901105141443
-50.74470750580662,-17.861876530611536,0.025286261184683655,0.8666692727584987
-48.85375383273503,-17.713654508731814,0.0199959828889937,0.9260146631645741
-49.85537537452829,-15.890074481969187,0.01313633179469845,0.8821223547374558
-49.52749029582467,-15.60261359105094,0.014735117644404064,1.0108849741899764
-47.38500834319961,-13.249027546657793,0.030631050114077598,1.3400537640115484
-50.6077144249784,-15.604859379261239,0.015697444000098062,0.7329669031538022
-50.08444577197877,-13.327630134018252,0.011593311842347331,0.6166824107332873
-47.683698175169354,-15.396001075703449,0.024588283829878228,1.124896732954171
-49.518507142983474,-14.488702638742733,0.012701005659487997,0.8486638048512702
-49.63079655349841,-13.994629232476996,0.008063048095919107,0.680771490816185
-52.82879896496391,-16.936611787968427,0.021728850281674667,0.8260054049147451
-48.1575594875424,-16.0517712331107,0.016343506598125116,1.0216500136611786
-47.38949991962021,-14.468490544850043,0.04121037269512974,1.0827816396778835
-50.28881249911596,-18.277347349516816,0.012224339375988278,0.6616375535536573
-47.76679233895041,-15.35557688791807,0.024666496022116634,1.104590601790475
-49.99461424356682,-14.075477608047754,0.008023228220738515,0.6159817693956708
-47.27047314447437,-13.552208955048132,0.03705701765753994,1.487697526691619
-50.52911183761794,-14.650399389884248,0.01937456910518514,0.7772891324092869
-49.32536935689778,-13.740855164713231,0.018144092253636022,0.8500044202771311
-47.78925022105339,-16.08994963268578,0.017120184712567273,0.9705356118276866
-50.275337769854175,-13.213094935293013,0.011293128891046134,0.68999375125111
-52.783883200757934,-17.590136157165382,0.01595273718897922,0.7637652249589432
-47.308651544049454,-15.501553121587493,0.02810502005962726,1.1023436068942374
-51.607090178561364,-19.13299265764066,0.013909947554446755,0.8339029104475215
-48.209212616379276,-15.494815756956598,0.023912148487464348,1.061728684138245
-48.20022946353808,-13.323138557597654,0.01435598265748114,1.306020366234051
-50.69080858875945,-16.772669248616616,0.016424145493536945,0.8633217602866236
-51.76204956507198,-16.14384854973295,0.013993089297612171,0.7233606454705729
-47.42992410740559,-14.919893975120104,0.038169212387330675,1.2466868904261565
-49.95194426757114,-17.7428497554657,0.012296113455046569,0.7010578762428766
-47.807216526735786,-17.019705951749486,0.017111804731504362,0.8001961801682066
-47.602849799598594,-17.282463172354444,0.016323333776848248,0.9293968550765621
-50.569536025403316,-16.045033868479806,0.015953397852993594,0.7926373770135454
-50.702037529810944,-14.841291387759645,0.01715117504733855,0.8540768635924431
-49.257995710588816,-18.086455351641415,0.019090946436048757,0.8809609571712004
-50.15855678291864,-15.139981219729385,0.019114524152729028,0.7281327984634184
-51.81370269390885,-17.852893377770343,0.01398943424951351,0.9233827452962869
-46.47770990623889,-13.567929472520223,0.025576393121746914,1.006732649349661
-48.93011063188519,-15.490324180536,0.02535216792803845,1.0229898071408767
-47.50403511834545,-15.726131942617373,0.02079269211572068,0.8159063125485367
-49.89579956231368,-13.954205044691617,0.007915528151899602,0.7248628363319957
-51.75306641223079,-16.53686148653524,0.02750868418193677,0.9220108683212386
-51.62505648424375,-17.201614796783687,0.027611754419590493,0.9666898886101767
-50.338219839742536,-13.262502275919585,0.011208675586525782,0.6840484568950974
-48.88519486767921,-14.057511302365363,0.016481757643178604,1.1878419269527023
-46.48893884729039,-14.194504383193589,0.023110445920780175,1.1603546472176294
-47.91052278440953,-16.285333206981775,0.016338727582105618,0.9538836603654901
-48.469724048773934,-13.907043492275342,0.013058725185078307,1.3178543329407442
-47.80047916210489,-15.710411425145283,0.018045788722929,0.8461273614459507
-50.344957204373436,-17.603610886427173,0.013072825094145545,0.5640195864956773
-52.34820028795997,-16.813093436401996,0.023508473719316653,0.880780552327053
-49.850883798107695,-14.185521230352395,0.008181139685977407,0.7126922797800598
-48.9054069615719,-14.499931579794227,0.02209782690009224,0.7270827072579712
-51.66323488381883,-18.4884514412849,0.015995754923571387,1.0903301259524396
-52.49642230983969,-16.48296256948807,0.01963020982182997,0.764485156015573
-49.296174110163896,-15.681216178411399,0.01893053429593052,0.9800636575694832
-47.122251122594655,-13.305172251915263,0.03475987640298747,1.3094112008211056
-48.43828301382975,-16.873729718080064,0.022599972705175907,0.8023492278844393
-50.24165094669969,-13.14347550077375,0.011376228801626838,0.7886103070367446
-49.21083415817254,-16.19999325499042,0.021603178509830893,1.094729664945481
-48.00260010103178,-14.767180376819784,0.024471264008342982,1.0619725209365314
-49.796984881060524,-14.077723396258051,0.008079617209009482,0.57197837996019
-47.53996772971023,-14.064248666996258,0.019396962804844434,1.2367348746337203
-51.3510703225873,-18.778158120413448,0.025377583070408733,1.0268291824749092
-48.921127479043996,-15.946219187226657,0.019305532105713258,1.1365894431335262
-50.605468636768094,-18.329000478353688,0.02167654241193128,1.2227565436782364
-46.13410431006318,-14.441541086326458,0.01882222043388281,0.9068983737456388
-47.474839871611564,-17.04890119848337,0.024448895045283286,0.8296861656091452
-49.81045961032232,-15.088328090892514,0.01955754466060985,0.9977899850404713
-49.22206309922403,-16.63792195599869,0.025756379919004847,0.9487534176312792
-51.151195171870704,-18.27060998488592,0.02258043788676457,0.9541213476553217
-46.32724209614887,-13.293943310863769,0.023489714536802254,1.372316492837821
-52.12362146693009,-17.23530161993817,0.02435386242504853,0.9969943174697304
-49.161426817545966,-13.246781758447494,0.02022440937252885,0.585825909763407
-48.218195769220465,-17.859630742401237,0.015951866031227342,0.8595242486778601
-49.761052269695746,-17.9292501769205,0.011765574821500023,0.8523367126118561
-50.11588680692296,-16.29880793624357,0.011655516022369724,0.8496238355277339
-49.788001728219335,-18.36044151329787,0.011292285552296713,0.6931030623330869
-49.857621162738596,-15.463374722012414,0.021077057062383553,0.886942239808895
-50.338219839742536,-17.713654508731814,0.012908793407460262,0.6543496484567684
-47.49954354192485,-13.621828389567394,0.025019416925454816,1.0317686763691787
-48.84926225631443,-13.192882841400323,0.019183701153654337,0.6380585942017526
-51.55992862614509,-16.78614397787841,0.028333617700290657,1.0108043847914048
-50.38313560394852,-13.001990843524926,0.01150290166976459,0.5638590779060818
-49.69367862338678,-17.83492707208795,0.011842719297274998,0.694882676674203
-48.78413439821577,-18.04378537564574,0.018672737062742244,0.9844284312680164
-47.084072723019574,-13.181653900348829,0.032509782445015296,0.792541791999807
-48.867228561996825,-14.28658169981584,0.015979799495894738,0.9063419738954824
-52.426802875320426,-16.247154807406698,0.014687067599745859,0.9858919373312642
-49.81270539853262,-17.68445926199793,0.012219457710273782,0.5684944843922275
-47.80497073852549,-15.328627429394485,0.02468495479184504,1.1763313390273218
-49.48706610803929,-15.047903903107136,0.02310897643886762,0.6791919397013301
-50.58076496645481,-14.715527247982912,0.01878039820810535,0.632010543866738
-50.28656671090567,-16.40660577033791,0.011234304699424177,0.9432374182490529
-49.99686003177712,-14.708789883352015,0.0185080601235505,0.8792752786250827
-49.88232483305188,-13.64877784809098,0.0076157479140936445,0.6400821053790174
-50.326990898691044,-18.504171958756995,0.01693549403283241,0.8289082925483053
-48.77290545716427,-13.462377426636179,0.01987942548871761,0.6768730368125709
-50.35618614542493,-17.27572580772355,0.01668066640827439,0.7989317002894355
-49.58138921287184,-16.262875324878788,0.012369879659566234,1.0727912362304863
-49.38825142678615,-17.190385855732195,0.023018180323545134,0.9189218632664842
-52.63790696708851,-16.72999927262094,0.02703353137338858,0.9632791261199158
-48.117135299757024,-13.846407210597276,0.014439938282053815,1.217431175855009
-47.87459017304475,-16.853517624187372,0.01750889726805947,1.0506846934358756
-50.4145766388927,-13.677973094824864,0.007610729563440285,0.7210257950203433
-51.49255497983612,-16.476225204857176,0.014369033455252271,1.0388340833028458
-52.00234890357395,-16.557073580427932,0.026057796234973236,1.06863738953687
-49.49380347267019,-16.494191510539565,0.01849968651497303,0.9397757144810693
-49.22430888743433,-14.34497219328361,0.016553538361377653,1.126208247263145
-46.661864539483396,-13.399495356747813,0.03462065221144383,0.6450761764256495
-51.344332957956404,-16.217959560672814,0.01582623292074429,0.9255310115365218
-48.925619055464594,-14.863749269862634,0.028456595884075193,1.3232230922962085
-46.8437733845176,-13.951959256481318,0.03707149663172616,0.6540085526491634
-48.334976756156,-13.637548907039486,0.012726399537998033,1.280134415561303
-47.223311592058096,-14.04628236131387,0.03867542496065531,1.5641014505851205
-49.78575594000903,-15.705919848724685,0.013820008196763626,0.8504741225328328
-50.4078392742618,-12.732496258289068,0.012319175884093564,0.48263045498496027
-46.468726753397696,-13.68920203587636,0.024735184522111247,0.9634954241930461
-49.41520088530973,-18.144845845109185,0.01939384566972368,0.885043742814569
-49.482574531618695,-16.91415390586544,0.022370821244727276,0.9310561736345578
-46.634915080959814,-14.362938498966,0.03866488471936539,0.6487896328422027
-49.289436745532996,-16.613218285685402,0.026086259319728976,0.945677420716163
-49.35007302721107,-15.568926767896457,0.01951678534411915,0.9412479525903418
-51.56666599077599,-16.945594940809624,0.02809660139774835,1.1034138942873242
-51.92150052800319,-17.302675266247135,0.025650733292470262,0.8969575623938391
-49.916011656206365,-15.420704746016737,0.020747656143811355,0.8901693480953887
-50.38987296857941,-13.338859075069745,0.011171599323317781,0.7179841850813814
-50.80758957569499,-15.22532117172074,0.016812756830838344,0.6400138306579175
-50.84801376348037,-16.835551318504983,0.016810121743972315,0.8314959661246227
-47.234540533109595,-14.607729413888569,0.04164541084327038,0.8331479278508769
-50.102412077661164,-15.934990246175163,0.012770572921976768,1.1586380820824436
-50.09567471303027,-14.740230918296199,0.01838424276272414,0.9693104488186971
-49.34108987436987,-18.331246266563987,0.018434861915627775,0.8546104590290952
-52.72773849550047,-16.78389818966811,0.025159976649031166,0.933322069487145
-47.068352205547484,-14.771671953240382,0.0387198097809085,0.49381187425269574
-51.232043547441464,-15.41172159317554,0.01506259647354369,0.49726017842132003
-50.16978572397013,-17.1769111264704,0.01592425980039882,0.8314336018787957
-48.45849510772244,-15.092819667313112,0.030471858716534295,1.0484126841779957
-49.31863199226688,-15.84515871776321,0.019645523094146276,1.3193443600353276
-49.94071532651965,-13.839669845966379,0.007785280267095812,0.7308318913788296
-51.317383499432815,-18.4929430177055,0.023021364357785862,0.5786017563515652
-52.15730829008457,-16.123636455840263,0.014502513555608776,0.7135016994259299
-50.52237447298704,-16.754702942934227,0.016570817377305192,1.0776525695114694
-50.461738191308974,-13.06711870162359,0.011350894754935035,0.5908681412226432
-49.87558746842099,-16.19999325499042,0.012167716245467985,1.0246115730491405
-49.90253692694457,-13.747592529344129,0.007703972762840852,0.7313618196758099
-50.50216237909435,-14.371921651807195,0.008450843425330569,0.5823390007313368
-49.94969847936085,-13.058135548782396,0.011820020607115272,0.5700932802678812
-50.605468636768094,-19.03866955280811,0.026941674250198916,0.6448225482574286
-48.9031611733616,-17.23530161993817,0.023606829003466567,0.9080958386262776
-49.680203894124986,-14.724510400824107,0.0190442572712874,1.232830766939957
-49.657746012022,-16.460504687385082,0.011731703524970915,0.9323899707372328
-48.47646141340483,-13.210849147082714,0.010891764576281783,1.256449368972813
-50.26635461701298,-17.174665338260102,0.016283013452021346,0.7519099710435415
-49.909274291575464,-14.428066357064665,0.008447614010519838,0.7718985649629349
-49.540965025086464,-14.47747369769124,0.009599820467249956,0.7373173227084426
-50.12936153618475,-13.464623214846478,0.011628258125619342,0.5343650905827564
-47.60734137601919,-15.290449029819406,0.02368752799839417,1.1850294377257136
-47.795987585684294,-18.144845845109185,0.015897409883419495,0.9651580694184778
-49.73185702296186,-18.08196377522082,0.011499646567254069,0.6115453518960288
-50.4055934860515,-13.448902697374386,0.011321685590361277,0.665810920469302
-50.515637108356145,-17.46212622917835,0.02771063446542674,0.596139993313769
-49.085070018395804,-15.748589824720362,0.018237665464139248,1.0318475263161335
-51.12199992513682,-16.35495264150104,0.01594725912629311,0.841966579199561
-52.393116052165944,-16.67385456736347,0.023636731986817792,0.7704043936521373
-52.71650955444897,-16.65364247347078,0.027443643228189058,1.016116973186469
-50.178768876811326,-17.62382298031986,0.012793309980969286,0.6764572998076389
-52.992741504315724,-18.048276952066338,0.020602692462606997,0.41331955975599816
-48.75718493969218,-17.697933991259724,0.020016118330667226,0.8047635298624832
-50.814326940325884,-16.222451137093408,0.015944667565314097,0.7945390121264094
-52.292055582702496,-18.73773393262807,0.026129281389390305,0.9232259126980712
-47.05038589986509,-14.915402398699506,0.0365366847928491,0.5292277001590752
-49.177147335018056,-14.219208053506877,0.016643362894028665,0.8498279052206607
-47.72412236295473,-14.241665935609864,0.018906173423025918,1.1283359277790324
-50.52911183761794,-14.504423156214825,0.015422172625500385,0.6299960810923401
-46.565295646440546,-13.965433985743111,0.03677831856046944,0.6781133596913081
-47.919505937250726,-15.429687898857932,0.026191334871785873,1.2134070719601462
-53.17689613756023,-17.340853665822213,0.017822269645817478,0.8204824682915217
-48.42031670814736,-18.288576290568308,0.017003524540719378,0.944519257016263
-50.20347254712461,-14.223699629927474,0.00817447056656669,0.6074324860704422
-49.03117110134863,-16.44702995812329,0.023681578489919943,0.9767720328300039
-51.97315365684007,-16.768177672196018,0.0256346935606527,0.8714640665859242
-49.85537537452829,-18.019081705332454,0.011757427604369436,0.7726517649727093
-49.89130798589308,-15.501553121587493,0.017550258681489624,0.9217241031137386
-49.45337928488481,-17.044409622062773,0.02376419661171873,0.8713679701181899
-49.761052269695746,-17.787765519671677,0.011991642275506632,0.7565307973672742
-47.753317609688615,-16.95233230544052,0.016614916933870818,0.9397293917968187
-51.66323488381883,-17.758570272937792,0.01431983236224763,0.7362841194513252
-49.2871909573227,-13.736363588292633,0.018097455350861297,0.8005819745310365
-52.01582363283575,-17.94721648260289,0.013573541130146487,0.7343877462902739
-50.28656671090567,-14.181029653931796,0.00812938534616076,0.6316449459019584
-50.814326940325884,-16.323511606556856,0.016016577136900988,0.8798103412554378
-52.152816713663974,-17.40598152392088,0.024244639748993605,1.1013427127422657
-46.74046712684385,-14.300056429077634,0.038509299707817225,0.6068496921298623
-47.355813096465724,-17.16119060899831,0.022670443039170877,1.270708954469905
-47.54221351792053,-17.32962472477072,0.016090990141419022,0.971242381151301
-49.6510086473911,-17.421702041392972,0.014993760384751054,0.8829987424005589
-47.39174570783051,-15.986643375012035,0.028707205252372858,0.9089178019510779
-47.06610641733718,-14.335989040442414,0.039433178013254834,0.4681655611358085
-49.82618012779441,-13.233307029185701,0.011947800564152133,0.5393832361670695
-48.162051063963,-15.723886154407076,0.01713038778121136,0.8673611129639637
-47.95543854861551,-16.714278755148847,0.018204479548906995,1.030567470991285
-47.2210658038478,-13.799245658181,0.03763847591520601,1.270994971613819
-46.56754143465085,-13.603862083885005,0.03530691580500272,0.5801401167533414
-48.209212616379276,-17.812469189984963,0.015886041697885534,0.8485048069698634
-49.62181340065722,-16.395376829286416,0.011963476616992074,1.1859789565319725
-50.942336868312914,-15.6789703902011,0.01556786976073413,0.4288048834948941
-49.96766478504323,-13.091822371936876,0.011764519816470375,0.575682699081576
-46.39012416603724,-14.335989040442414,0.019343136693442297,1.064089579674478
-52.411082357848336,-18.203236338576954,0.013008314446306752,0.8015809082204092
-50.35618614542493,-13.314155404756459,0.011198146524458606,0.7617694215707794
-47.6050955878089,-17.266742654882353,0.016268029344872613,0.8974670483746237
-50.81657272853619,-18.863498072404802,0.0262562105953621,1.0971373968951175
-48.914390114413095,-13.282714369812275,0.0195457219369137,0.6759475697401651
-49.34333566258017,-18.028064858173646,0.019584400009322826,0.8460938265193391
-50.72224962370363,-15.297186394450302,0.017944172723232205,0.8758394811785633
-48.9031611733616,-17.248776349199964,0.023621484703916194,0.9556068424708513
-50.73347856475513,-17.33187051298102,0.026169571929769323,1.0147481810949197
-48.77739703358487,-16.03155913921801,0.02027565039913205,1.0163566411683906
-51.63179384887465,-18.632181886744025,0.019087443243396795,0.6187618866415416
-47.82069125599758,-13.709414129769048,0.016017125530397216,1.389802363756763
-47.84764071452116,-14.055265514155064,0.017065143845586963,0.8429454970005117
-47.76230076252981,-17.72263766157301,0.015048116870644179,0.9090111564102115
-50.794114846433196,-17.15894482078801,0.021648500408529062,0.8421313539698662
-47.25924420342288,-14.106918642991936,0.03908521529798452,0.8250280473959694
-52.543583862255964,-16.262875324878788,0.027899293808451027,0.961101436024962
-51.37352820469029,-18.596249275379247,0.02559393097596921,0.9832138262858385
-47.36704203751722,-17.560940910431498,0.02035223560588777,0.5931326092620676
-49.07608686555461,-13.983400291425502,0.016996437086568537,0.7814273233656529
-48.245145227744054,-17.82145234282616,0.01596042961912977,0.7730963550101634
-46.147579039324974,-14.861503481652335,0.024404439686506327,0.7276028192111359
-49.033416889558936,-16.622201438526595,0.026216375485676485,0.9329217722592565
-46.80559498494252,-14.901927669437713,0.03675403586157876,1.0660843322519835
-48.876211714838014,-15.894566058389785,0.019206743544342455,0.9704040268469418
-51.23653512386206,-15.070361785210123,0.012479149632233904,0.7473418342664537
-52.21120720713174,-17.257759502041157,0.023823193043285954,1.166340420828043
-48.090185841233435,-17.87310547166303,0.015740069428268895,0.9107114201995045
-50.230422005648194,-17.203860584993986,0.016157357400537583,0.7044702061337459
-47.342338367203936,-15.104048608364605,0.03533306828180547,1.2670097373224338
-52.55705859151776,-17.596873521796276,0.01575424588056915,0.9681143447501174
-48.29006099195003,-16.516649392642552,0.01869103076716069,0.7149493712084128
-50.547078143300325,-14.47522790948094,0.010801783433793097,0.6662327339483937
-49.38151406215525,-16.20448483141102,0.022480319858175907,1.069390440059667
-47.74882603326802,-16.678346143784065,0.016650127590903147,1.0786111444875117
-47.9756506425082,-16.065245962372494,0.0166892193904112,0.9977107420872612
-47.663486081276666,-17.733866602624506,0.01490151040400907,1.0377873049985034
-47.721876574744435,-18.126879539426795,0.01580908530774352,0.9750099102823632
-48.88968644409981,-15.986643375012035,0.019617499819060646,1.0189343895091942
-47.53323036507933,-17.381277853607592,0.014327561748606424,0.9723258560234678
-47.308651544049454,-14.960318162905482,0.03690992099617305,1.0247838088542085
-47.85886965557266,-13.57466683715112,0.015427233448544334,1.55140145464251
-51.827177423170646,-17.38801521823849,0.02633044590669883,0.7848588078962662
-46.95830858324284,-15.153455948991178,0.03306966033317626,1.5496888736225107
-49.59710973034393,-14.13611388972582,0.008232251499304745,0.7464263024955983
-47.80047916210489,-14.10242706657134,0.017628218051493155,1.3820670496702634
-50.531357625828235,-16.047279656690105,0.015727742976098743,0.7678169018695491
-51.317383499432815,-16.97029861112291,0.02455212030233922,0.783165292360995
-47.432169895615885,-14.724510400824107,0.04083358122671824,1.5488230059796342
-48.76841388074367,-13.453394273794984,0.0198558458611269,0.6849071504862759
-51.115262560505926,-17.1791569146807,0.023539646553153916,0.8286404826626713
-49.15468945291507,-18.272855773096218,0.018094958822771488,0.9013774494702594
-51.975399445050364,-18.8702354370357,0.022616878548555864,0.7707795698667864
-48.67184498770083,-17.21958110246608,0.02600689230407493,0.8561868433344056
-46.720255032951165,-13.374791686434527,0.03419583597485709,0.6434316915239785
-49.080578441975206,-14.77616352966098,0.027345580323559836,0.8797975390661628
-47.587129282126504,-14.609975202098868,0.025268056696951625,0.9910028633241206
-49.48482031982899,-18.039293799225142,0.01810898321737919,0.8955098519515733
-51.82044005853975,-17.172419550049803,0.026273053064616494,1.070673784517055
-47.9756506425082,-15.92376130512367,0.017032820919242447,0.8068608581512623
-50.88170058663485,-16.451521534543886,0.016087333610242626,1.039353383550632
-48.144084758280606,-15.063624420579227,0.025828849001245786,1.0020999540699906
-47.86785280841386,-18.077472198800223,0.015783046199557206,0.8153520216038649
-48.68307392875232,-18.075226410589924,0.018603258222108985,1.0809353252817375
-49.41070930888913,-14.097935490150741,0.017346091377565688,0.8768075149836468
-51.74857483581019,-17.071359080586358,0.026761015276483897,1.139251004819928
-49.06710371271342,-14.872732422703828,0.027250222871921137,0.7711794551317684
-51.68569276592182,-18.654639768847016,0.019552350934682373,0.6835232884471606
-47.454627777718876,-16.67610035557377,0.028893110287958684,0.8740733620014057
-51.375773992900584,-18.47497671202311,0.022193938216476132,0.7772899869555663
-48.876211714838014,-14.315776946549725,0.015969566630845818,0.8351432043352326
-49.45337928488481,-16.57503988611032,0.02690031916619196,0.9427768454321709
-49.41070930888913,-17.089325386268747,0.023360787067259785,0.8691611244619725
-51.08606731377204,-15.750835612930661,0.015561869013961822,0.661937887595547
-47.984633795349396,-15.142227007939685,0.024801232800507615,1.023922567215712
-47.667977657697264,-14.279844335184944,0.019523842332233365,1.0029319768551057
-49.257995710588816,-12.979532961421937,0.01773464256537655,0.6049919209981275
-48.15082212291151,-17.677721897367036,0.01568358620545253,0.7848032858226438
-50.24165094669969,-12.921142467954168,0.011755808260049601,0.6448456533192981
-50.87720901021425,-16.096686997316677,0.01583518455694727,0.9697307255551236
-48.44052880204005,-16.020330198166516,0.016014752013291247,0.9430376158048394
-51.490309191625826,-17.38801521823849,0.031561159726748736,0.7133885056464484
-52.86922315274929,-17.248776349199964,0.017765645423303774,1.0288828913695587
-49.745331752223656,-16.925382846916936,0.014643693046528905,0.8422505190108786
-48.914390114413095,-16.4268178642306,0.02352783634532901,0.8502762005042929
-51.29941719375043,-17.19712322036309,0.026254715219037935,1.2918446421019714
-51.258993005965046,-15.62282568494363,0.015459827813347218,0.5731875596733055
-47.62081610528099,-14.666119907356338,0.024736172994444215,0.9756551786696249
-51.20733987712818,-17.098308539109944,0.023453177882083308,1.2593162786675476
-51.65649751918794,-18.293067866988906,0.01465511169908922,0.9133997505233591
-47.56916297644411,-15.184896983935362,0.023181268824826472,0.9297729181125739
-49.91825744441666,-17.5519577575903,0.01256230996118202,0.6353355301882321
-50.349448780794035,-13.59038735462321,0.007521627297536657,0.7237739024783104
-50.322499322270446,-14.165309136459705,0.008114939687194333,0.5880397436322143
-47.42767831919529,-17.129749574054127,0.025548877273203065,0.8717858650427025
-48.51688560119021,-15.2994321826606,0.032459666333182674,0.7651326285466609
-48.83354173884234,-16.080966479844584,0.020418346036039835,1.0083811276600012
-51.104033619454434,-15.818209259239625,0.015595656998589993,0.9004704262353251
-47.304159967628856,-15.369051617179863,0.032426820598339776,1.2231268297907891
-50.24165094669969,-17.655264015264045,0.012840213798650715,0.6154799831544244
-49.877833256631284,-16.159569067205044,0.012281859634841729,0.8485544373197985
-49.498295049090785,-15.130998066888191,0.02223510879265129,0.9089960645638787
-50.291058287326265,-17.06462171595546,0.0163819428475502,0.9971772078860854
-50.57627339003421,-14.050773937734466,0.010231932727939045,0.5700538984592841
-50.814326940325884,-17.785519731461378,0.025910987997072688,0.7073637392660289
-49.094053171237,-13.783525140708909,0.017661914654667574,0.7435215982521813
-51.258993005965046,-16.586268827161817,0.025905595712105267,0.9009761377986106
-51.7238711654969,-18.807353367147332,0.019945738702088534,0.7404943708817249
-49.6555002238117,-16.247154807406698,0.012307926829151244,1.0311072226336435
-48.14633054649091,-17.581153004324186,0.01564809186948244,0.8470670801254899
-50.25512567596148,-16.35719842971134,0.011387570535225506,0.8379673419566309
-50.51114553193555,-18.636673463164623,0.024640005438274944,0.9122733079191443
-47.335601002573036,-15.303923759081199,0.0332016384671293,1.0279729434876652
-48.13061002901881,-15.97766022217084,0.016566938986183225,0.9249397980402239
-48.604471341391864,-13.520767920103948,0.018658832774122804,1.1526004415566462
-53.06685251525558,-17.641789286002254,0.018323454441851895,0.8215440122373181
-52.199978266080244,-17.563186698641797,0.013148836940403374,0.730263260482106
-52.37514974648355,-18.769174967572255,0.7920679461957721,0.7959939547013871
-49.24901255774762,-16.285333206981775,0.022536066669640975,1.0763566808350242
-47.17390425143152,-14.556076285051697,0.04227606760300243,0.6159339243241643
-52.570533320779546,-18.412094642134743,0.023083278974203408,0.7504377086061221
-48.92786484367489,-16.628938803157492,0.026661619362982412,1.0520644459103012
-48.28556941552943,-18.133616904057693,0.01648633036861632,1.1919825376127073
-48.272094686267636,-17.318395783719225,0.022012109895547534,0.8806874335474616
-49.45113349667451,-16.9927564932259,0.023949478853106464,0.8762535228278351
-52.24713981849652,-17.679967685577335,0.013013891966379282,1.1183215567740352
-50.52237447298704,-18.58951191074835,0.026541309607518056,0.9564728484850477
-48.19573788711748,-15.285957453398808,0.027742830223314443,0.7284231808649245
-48.82006700958055,-16.606480921054505,0.027636000551962237,0.9096985835910578
-50.31576195763955,-15.155701737201477,0.01900104773818542,0.9394202627222658
-49.2849451691124,-15.180405407514765,0.025229844390141334,1.1560846367942934
-48.112643723336426,-15.930498669754565,0.01671525145107442,1.0052781936118877
-50.27758355806447,-18.448027253499525,0.012105949803088588,0.8034361873321892
-47.42318674277469,-14.113656007622833,0.039846147726800375,1.542333157987784
-49.19960521712105,-18.26387262025502,0.01823206901244728,0.8975861067990633
-51.68569276592182,-15.54422309758317,0.016130408307977597,0.9238765709937348
-49.88681640947248,-17.841664436718847,0.012058583140870294,0.5767656262530626
-48.3394683325766,-13.6128452367262,0.012642356673253736,1.1283139087156249
-46.62593192811862,-14.47522790948094,0.03936634276797797,0.6691747577329329
-46.99199540639732,-14.385396381068988,0.03945370086666084,0.5070904135758253
-46.643898233801,-13.886831398382654,0.03649207632433011,0.6762062157043345
-50.84127639884947,-14.762688800399188,0.015656348043502927,0.7168528577620504
-46.80559498494252,-14.275352758764347,0.038504387789533925,0.5151563126281328
-47.36928782572752,-13.6105994485159,0.037772255817251014,1.6210613112937924
-48.7190065401171,-13.514030555473052,0.018706423609520163,0.7293152937383955
-49.91152007978577,-15.8653708116559,0.013160783261465064,1.146200569665473
-50.605468636768094,-18.37616203076996,0.021317286964320614,1.1590715560468905
-52.345954499749666,-16.604235132844206,0.02409112841561622,0.9153720081595428
-47.18288740427272,-14.672857271987235,0.04049014711103488,0.45826025721585756
-51.28369667627833,-16.069737538793092,0.015725886985510227,0.7706636234383554
-49.653254435601404,-16.866992353449167,0.01448938976080115,1.0928927426488384
-51.68569276592182,-17.9314959651308,0.014315533996438048,0.9772069112775386
-51.56217441435539,-15.326381641184186,0.015675493174218784,0.6514358692697533
-50.333728263321944,-12.728004681868471,0.012305954854038195,0.5093526552213737
-48.016074830293576,-15.780030859664546,0.017300775198431338,0.8212661397858295
-47.61632452886039,-13.314155404756459,0.021383662572123856,1.6024221704489126
-50.252879887751185,-15.647529355256916,0.013675370051080996,0.8557949301701052
-50.52686604940764,-16.545844639376437,0.018939464806173915,0.8362751560443454
-49.48931189624959,-17.096062750899645,0.020669443132165732,1.0040671045141958
-48.58201345928887,-14.901927669437713,0.031713182709535055,1.2275501316810693
-50.79636063464349,-17.374540488976695,0.027108466991827954,0.8481947822248861
-47.288439450156766,-14.387642169279287,0.04044626974762249,1.3101528523766235
-51.08831310198234,-15.26349957129582,0.01472828220759155,0.6590917195249127
-50.102412077661164,-16.53910727474554,0.016545418933011504,0.9162974734938304
-50.306778804798356,-13.159196018245842,0.011294706917884145,0.6030130126576084
-48.57976767107858,-14.306793793708529,0.01581910787502731,1.3008226521876325
-51.06810100808965,-18.470485135602512,0.021089129411322564,0.744093531590675
-50.52911183761794,-16.224696925303707,0.015720744859765743,1.0117158443536571
-48.62243764707425,-13.576912625361418,0.018326259622359432,1.2673085949119682
-48.658370258439035,-17.79899446072317,0.019615307280320935,0.9745462450593836
-50.43703452099569,-17.212843737835183,0.01698869678215496,0.9180897249120322
-49.552193966137956,-15.811471894608728,0.013755845994975816,0.9047814062797421
-46.25088529699872,-13.832932481335483,0.017195766548920816,1.3538307329869657
-51.80921111748825,-16.588514615372116,0.027100247188385235,1.0960058957427465
-49.17939312322836,-17.482338323071037,0.021908237659185575,0.8731561240967382
-48.02730377134507,-15.764310342192454,0.017315309667309414,0.7941383453658957
-49.745331752223656,-16.500928875170462,0.010659279917839399,0.9185068229189907
-48.66061604664933,-14.097935490150741,0.01612751970291395,1.1303727184556733
-50.0372842195625,-16.882712870921257,0.015507213112592363,0.7696832903174476
-49.86885010379009,-15.097311243733708,0.01945644592624003,0.9712703644447965
-49.846392221687104,-17.581153004324186,0.012430389696116097,0.7284804973839768
-50.72224962370363,-15.555452038634664,0.01560871514818358,0.7159535360717619
-49.58363500108214,-14.237174359189266,0.008352091152688288,0.6674773458097296
-47.25699841521258,-15.13324385509849,0.03448151117670451,1.471526743286473
-48.519131389400506,-16.002363892484126,0.021054511115270593,0.8040315271711411
-49.97889372609473,-14.174292289300901,0.00813660065893797,0.7640349764327579
-51.95743313936798,-18.072980622379625,0.0137835915431928,0.7932691857429722
-51.692430130552715,-16.817585012822594,0.027355383973719394,0.9959656351670668
-52.07645991451381,-16.12812803226086,0.014372793956008286,0.7262226977836903
-49.36130196826256,-16.0517712331107,0.02117262603989275,0.9043842720717382
-51.23653512386206,-16.604235132844206,0.025171862170757585,0.9224308854297858
-50.72674120012423,-14.94459764543339,0.016878094258716232,0.7494599898274917
-50.80085221106409,-17.40148994750028,0.027849617902539148,0.8399759395975431
-50.81881851674648,-15.333119005815083,0.01725524382240764,0.6200162509220276
-48.89417802052041,-14.293319064446736,0.016018195614299215,0.9570375584062347
-48.89193223231011,-15.447654204540322,0.029970212544577178,0.9218523114408975
-48.30128993300152,-17.037672257431876,0.021495934466351424,0.8153516904611698
-48.80659228031875,-17.63056034495076,0.02031666636349544,0.8031914162599039
-49.428675614571524,-16.31677424192596,0.023704834265699564,1.0031643280346447
-49.309648839425684,-15.353331099707772,0.02587611678641581,0.9756328800913043
-50.38313560394852,-14.798621411763968,0.018117660627686723,0.7641163209873234
-51.26797615880624,-15.501553121587493,0.015176439176949738,0.728949487412991
-48.30578150942212,-16.14384854973295,0.015911254962974245,1.03669844861804
-47.38051676677902,-15.324135852973887,0.033331833178165834,0.6945234757589027
-52.03154415030784,-16.321265818346557,0.01388628204052561,0.6956436073127535
-50.37190666289702,-13.320892769387354,0.011182159447123571,0.6948052677046465
-49.39948036783764,-13.451148485584685,0.021883270322015626,0.7184093334898227
-49.475837166987795,-17.637297709581656,0.02068989318430651,1.040545681377523
-47.438907260246786,-15.737360883668869,0.028104469089903595,0.7627822430314777
-50.156310994708335,-17.381277853607592,0.016062170687823965,0.7351303396233732
-49.10977368870909,-14.279844335184944,0.016420466127199,0.6664080586219182
-50.37864402752792,-16.321265818346557,0.011409625164860906,0.7913717099222461
-52.41332814605863,-17.27123423130295,0.022620578391865324,1.1360368234264469
-47.46361093056007,-16.640167744208988,0.02900703811509039,0.8702571120904631
-46.40135310708874,-13.695939400507255,0.02489026873861221,1.054323789216545
-47.057123264495985,-15.616088320312732,0.02622881030513457,1.0690618256188147
-50.365169298266125,-12.799869904598033,0.012072648081208741,0.5021667013293853
-46.0914343340675,-14.711035671562314,0.02544739499695007,0.7871652610344766
-51.757557988651385,-17.136486938685024,0.026692531878773414,0.8833251165613003
-49.34333566258017,-15.95744812827815,0.020423034471632472,0.8770291514064086
-48.00709167745238,-14.585271531785581,0.025495581289794157,1.6542934147689003
-52.12811304335069,-16.8063560717711,0.024704725755674287,0.9113863282180833
-50.30453301658806,-16.30105372445387,0.01150979080669661,0.9821461313439341
-51.89455106947961,-17.38576943002819,0.02588204086213677,0.8858063167041514
-49.421938249940624,-13.318646981177055,0.021596059012853424,1.0677028718172772
-48.52137717761081,-16.808601859981398,0.02815403755805099,0.8453394865431666
-50.05749631345519,-13.996875020687295,0.007927548614976094,0.635043096340704
-49.680203894124986,-13.774541987867714,0.007816533922757978,0.7819397363133787
-51.788999023595565,-17.68445926199793,0.014025527600601353,0.900427653134599
-51.59361544929957,-17.747341331886297,0.014483405735698817,0.7714751993375639
-49.332106721528675,-16.361690006131937,0.023597922218856326,1.0016696009148287
-52.53684649762507,-18.64116503958522,0.029666504130063175,0.8185466700267933
-49.22880046385493,-16.828813953874086,0.02390858000339827,0.917930832312886
-47.319880485100946,-14.459507392008849,0.04089563296201359,1.5046093622356678
-51.38475714574178,-16.460504687385082,0.016023899158376282,1.1107182283675356
-49.48482031982899,-13.502801614421559,0.016956882746422774,0.8257313071294027
-48.98400954893236,-17.772045002199583,0.019872687469615326,0.7502213529245685
-47.667977657697264,-17.868613895242433,0.015069342976146548,1.6403202695610686
-49.390497214996444,-13.655515212721877,0.018525922656004046,0.7960170603354754
-48.60671712960216,-16.869238141659466,0.027685423122327003,0.9770898585465121
-51.007464726411584,-16.768177672196018,0.019094074570092816,0.9436310768854569
-46.92237597187806,-13.085085007305981,0.026603645758444972,0.8552288346857829
-52.97028362221274,-17.39924415928998,0.01742640802730818,0.7613054815535333
-48.55955557718588,-13.846407210597276,0.017255215305026547,1.1389054685984317
-49.738594387592755,-17.49581305233283,0.013852961070902683,0.798139855438953
-46.72923818579236,-14.53361840294871,0.04283004740967559,0.5367263773121634
-47.76005497431951,-18.15382899795038,0.01590260015372141,0.9574570884644494
-50.097920501240566,-14.9243855515407,0.018605401037382,0.948079952466398
-48.99973006640445,-15.988889163222334,0.019430231421189707,1.1767457319933847
-46.75618764431594,-13.435427968112593,0.03536892119974742,0.610980304030072
-47.582637705705906,-13.516276343683352,0.01775901980730173,1.0621794613184925
-47.041402747023895,-15.818209259239625,0.02696617072580431,0.8785576205890084
-49.83067170421501,-15.312906911922394,0.020461230354570367,0.917716059718973
-47.003224347448814,-14.79412983534337,0.038294338330315036,0.41210043840025756
-49.2849451691124,-14.821079293866957,0.02587503791900026,0.8609263781344553
-48.058744806289255,-17.033180681011277,0.019261100117314373,0.9718588519360956
-49.43765876741272,-17.99213224680887,0.020056627045221213,0.8707986593906867
-49.525244507614374,-16.658134049891377,0.015290330007791517,0.8049889026973281
-50.16978572397013,-18.634427674954324,0.01822418615517141,0.887506696346455
-49.80147645748112,-13.280468581601976,0.012014808681351496,0.5501011743881686
-48.171034216804195,-15.800242953557234,0.01692030813246111,0.9618172230558746
-49.235537828485825,-13.451148485584685,0.02111250791645643,1.080338447913323
-47.64327398738397,-18.050522740276637,0.015567682401999128,1.240366541515315
-49.17939312322836,-14.922139763330403,0.026302318237451012,0.7329210875893716
-46.97852067713553,-14.32476009939092,0.039130640737398914,0.5590662691443494
-51.371282416479985,-15.598122014630341,0.015437765296148608,0.6779241003841122
-53.00172465715692,-17.902300718396916,0.019471554259946264,0.7682179798492736
-48.09916899407463,-18.236923161731436,0.01643326002671337,0.8198485271487456
-50.25512567596148,-13.920518221537135,0.007836771661275522,0.6364981117555025
-49.6510086473911,-14.594254684626776,0.019298777226512635,0.9441525454408418
-49.54321081329676,-16.78614397787841,0.014364319714813587,0.8876307041855312
-51.3465787461667,-18.47497671202311,0.022080833365197415,0.6737776227974428
-50.64813861276377,-18.91290541303138,0.02686131018650643,0.7216897840631682
-47.00547013565912,-14.392133745699885,0.03952230363626332,0.5368428304764853
-52.6603648491915,-18.443535677078927,0.023493267114293385,0.5790628794016661
-49.15693524112537,-14.908665034068608,0.026492376030676803,0.8010343642017118
-48.7302354811686,-13.269239640550483,0.019237356654607362,0.6530057187587088
-49.41969246173033,-15.330873217604784,0.0252502225000825,0.8467475716550154
-50.88170058663485,-18.60074085179984,0.02648140447810478,0.7188181348527337
-47.37602519035842,-15.92376130512367,0.028384627655900784,0.8335974224604318
-52.68956009592539,-17.471109382019545,0.019945093984940907,0.8454243729850196
-52.72773849550047,-17.44415992349596,0.01990025146460769,0.6734313864697562
-48.25412838058525,-15.577909920737653,0.0173323962285976,1.254903648413951
-49.05587477166192,-17.644035074212553,0.020528104934256015,0.8614263410021393
-50.416822427103,-13.076101854464785,0.011341963352778038,0.6114926806250053
-48.519131389400506,-16.927628635127235,0.027458900195559403,0.8377511734637411
-50.59199390750631,-17.201614796783687,0.02388364811902641,0.7537061373847278
-48.46747826056364,-17.29144632519564,0.02373303063501805,0.9289363396094846
-49.24676676953732,-15.562189403265561,0.018834660885542098,1.0538271506552814
-47.69043553980025,-13.583649989992315,0.01671335711979923,1.1015266015764156
-47.80946231494609,-15.032183385635044,0.023507233825675693,0.8503364930816488
-51.146703595450106,-15.966431281119347,0.015675966239392332,0.640465900799302
-46.576524587492045,-13.38602062748602,0.03442707319765354,0.6500983974292288
-49.95643584399174,-17.338607877611913,0.015425447039658516,0.72042711939187
-50.933353715471725,-17.322887360139823,0.02571480493834785,0.9175528912710399
-46.500167788341884,-14.657136754515143,0.032773580563733425,1.3642107191352617
-51.928237892634094,-15.948464975436956,0.014720313066765014,0.625300558484581
-48.20696682816897,-15.690199331252593,0.017129474368652815,0.9041596745381275
-50.2191930645967,-15.009725503532055,0.01866003317255641,0.7739877800224937
-52.08095149093441,-18.897184895559285,0.8177397087607352,0.7999531691116847
-48.62692922349485,-17.632806133161058,0.020275125624161595,0.8135043276534026
-48.00709167745238,-13.379283262855123,0.016835450330540066,1.3816606219819192
-49.32536935689778,-13.608353660305601,0.018584039183292374,0.8554028905882519
-48.09916899407463,-14.517897885476618,0.02512557588369763,1.0658647429740145
-50.472967132360466,-13.437673756322893,0.011286726803639251,0.5294528316345033
-52.42904866353072,-17.769799213989284,0.012630681325907488,0.985625398109562
-52.137096196191884,-18.876972801666597,0.64285464900242,0.9239304569562704
-50.80758957569499,-17.224072678886674,0.02315211342396094,0.8857095952635684
-47.497297753714555,-16.550336215797035,0.021631550612238797,0.8693163587604308
-49.64202549454991,-16.058508597741596,0.012867158242059556,1.0873167134184956
-50.57627339003421,-14.122639160464027,0.010200823264075605,0.5991121398055695
-49.79024751642963,-13.206357570662115,0.011998460928834559,0.5359711782710014
-49.90702850336517,-17.25326792562056,0.015181314485596913,0.8312986568068103
-51.00072736178068,-17.655264015264045,0.027097363690422902,0.8910437591762141
-47.79823337389459,-15.404984228544645,0.02519794357335085,1.1403373826571086
-47.54221351792053,-14.394379533910183,0.02109432387004751,0.9828768543810741
-49.273716228060906,-15.618334108523031,0.018817393559094397,0.9802359867008211
-51.9147631633723,-18.762437602941358,0.02181369544765658,0.6022418417088811
-51.47234288594343,-17.563186698641797,0.027837207508579966,0.6056862979406373
-52.07421412630352,-18.216711067838748,0.01367142543522915,1.2533509010796176
-46.286817908363496,-13.812720387442793,0.020914324517486923,1.2011305457719252
-48.79985491568786,-13.89356876301355,0.01697581138132861,1.2405425625805417
-49.11201947691939,-13.702676765138152,0.017968992821346647,0.8098307022999575
-50.73572435296543,-16.161814855415344,0.015938692653463874,0.7880381245201691
-47.452381989508574,-14.459507392008849,0.04144926343506718,0.8290250194873945
-48.642649740966945,-15.045658114896836,0.031206496996125526,1.1320984247670267
-48.32374781510451,-17.224072678886674,0.022165519517819653,0.8008740832389595
-47.73310551579593,-13.44216533274349,0.020465550350103067,1.147138774034884
-52.0921804319859,-18.025819069963347,0.013457215423492912,0.8584054464823293
-47.962175913246405,-14.879469787334726,0.024100062455775412,1.4449553966735413
-51.59586123750987,-16.613218285685402,0.028427760762208765,1.096322531941652
-50.35394035721463,-14.515652097266319,0.015834192423973017,0.5525881779592307
-50.0462673724037,-16.08770384447548,0.012331395995831534,0.8306594347868878
-48.925619055464594,-13.765558835026518,0.017551143930035863,0.9446652204238967
-48.411333555306165,-15.71490300156588,0.016734430070545172,1.0833171346972175
-49.332106721528675,-17.927004388710202,0.01995676025293771,1.0042121715662744
-49.89804535052397,-13.433182179902294,0.012034972122000564,0.6026790563780188
-51.634039637084946,-18.98252484755064,0.019722500244273973,1.114153589250833
-50.028301066721305,-14.940106069012792,0.018727518518720603,0.8271672083809584
-48.47870720161513,-14.428066357064665,0.015573625390535492,1.1438687444701985
-48.55955557718588,-13.372545898224228,0.01965932068727774,1.219880515428733
-51.634039637084946,-17.78327394325108,0.014392260789934188,0.752263321982643
-52.00234890357395,-18.486205653074602,0.01608266975181679,0.7656630869030708
-49.80596803390172,-16.530124121904347,0.015091017650816647,0.9131747914546303
-49.974402149674134,-14.612220990309167,0.018583112988606855,0.9827524296054296
-52.17078301934636,-16.197747466780122,0.014346369845331716,0.7676013263374122
-47.64776556380457,-13.96992556216371,0.0181862901782151,1.6041549443905823
-48.546080847924095,-15.05913284415863,0.03222480379545661,1.3891186763328724
-48.162051063963,-13.320892769387354,0.014768703749957405,1.2017345632507341
-47.679206598748756,-16.271858477719984,0.017042814314650653,0.9069347393243118
-49.653254435601404,-15.993380739642932,0.013048966169841055,0.8790174312732777
-51.45886815668164,-15.652020931677514,0.015466842852309029,0.5175364688924551
-46.89318072514418,-13.354579592541837,0.034262533099125025,1.2553271898600042
-51.37352820469029,-18.861252284194503,0.025295389766827384,0.8074196894179737
-48.330485179735405,-15.474603663063908,0.029461626831910042,1.0668967617050074
-51.13322886618832,-17.83492707208795,0.025878940049731115,0.738416651912586
-50.012580549249215,-15.119769125836697,0.01926065847388076,1.099178798393702
-47.84539492631087,-13.74310095292353,0.015928923311594432,1.3987317373472294
-50.94682844473351,-17.882088624504224,0.02522828041660036,0.7886651241595178
-51.227551971020866,-17.25326792562056,0.026386976805625566,0.7274459117100444
-47.79374179747399,-14.389887957489586,0.019318336912696098,1.3961980838724368
-47.402974648882,-16.923137058706637,0.027023335728272722,0.8395352526369951
-50.326990898691044,-12.93461719721596,0.011681160500764818,0.6532745511887827
-49.70266177622798,-17.43966834707536,0.015112020404737206,0.8629523183888795
-47.62755346991188,-14.369675863596896,0.020335976023650428,1.1506020049438834
-47.45687356592917,-15.539731521162572,0.027725541448810422,0.9275797777086647
-49.21307994638284,-14.432557933485263,0.016444017264330712,1.0004541289912798
-48.422562496357656,-14.791884047133072,0.029764934625366838,1.3907509429468172
-48.817821221370245,-13.642040483460084,0.017995380234820148,0.7969907731176687
-50.00808897282862,-13.165933382876737,0.011665276876738444,0.6535914608971385
-47.95543854861551,-14.987267621429067,0.02410356764820597,0.9597617036870906
-48.73472705758919,-16.03380492742831,0.02057371245993394,0.9737892632742536
-48.31925623868391,-15.75308140114096,0.01677788746352643,1.0173003005209829
-49.68694125875589,-14.353955346124804,0.008436497664728272,0.7207008155062211
-50.98949842072919,-15.162439101832375,0.014904306512129468,0.5769563724966761
-47.13572585185644,-13.567929472520223,0.03638176651104621,1.614742944506893
-50.9782694796777,-16.4268178642306,0.016036349097467085,0.9071421726630319
-48.00260010103178,-17.32962472477072,0.019678378163745975,0.896178361821426
-50.47970449699136,-13.19962020603122,0.011354531754496366,0.6875820151082769
-51.70815064802481,-17.711408720521515,0.014211581507400178,0.8380910905800231
-49.49155768445989,-14.913156610489207,0.02279626155364668,0.7087209682318322
-50.31800774584985,-15.991134951432633,0.012456887868933944,0.8785192847617176
-47.68818975158995,-14.416837416013172,0.020202994879802455,1.3495526607591397
-49.89579956231368,-14.818833505656658,0.018707811489132347,1.121736974461025
-46.60571983422593,-14.58976310820618,0.0426077968482601,0.5025764116483783
-48.144084758280606,-13.44441112095379,0.01570362211276064,2.0526525734729844
-47.775775491791606,-14.648153601673949,0.02476143735132682,1.1127443369836483
-50.81881851674648,-17.19712322036309,0.02249068815078246,0.7698906030175457
-48.23840786311316,-17.81920655461586,0.015945879023029328,0.7789041983136101
-47.38051676677902,-14.688577789459327,0.041060813913222076,1.2831624755420834
-51.382511357531484,-18.023573281753052,0.025119716203979597,0.803525024141805
-48.164296852173294,-14.257386453081956,0.016126796738425087,0.8578674952660186
-47.74658024505772,-17.450897288126857,0.018307264527822758,0.9367799630963413
-47.811708103156384,-17.713654508731814,0.015124345640808848,0.934738058713164
-48.096923205864336,-15.288203241609107,0.026679741464180607,0.9710872581236653
-50.09567471303027,-14.12039337225373,0.008059504436878537,0.614310590732024
-47.52424721223814,-16.6154640738957,0.015787360402102216,0.8803612322480096
-47.9801422189288,-18.178532668263667,0.01615258400816463,0.8668630786271873
-47.025682229551805,-14.172046501090602,0.03854770577230473,0.5209539416093484
-47.63204504633248,-14.547093132210502,0.025811625594022457,1.0084248857191598
-47.39623728425111,-15.519519427269884,0.027215544727216514,1.1148091266853715
-53.08706460914827,-17.282463172354444,0.017317064956888235,0.8400753037181453
-50.94682844473351,-18.76019181473106,0.026015939477758532,0.9426749159518005
-47.53772194149993,-17.976411729336775,0.01531715343276593,0.9528403054372191
-49.68694125875589,-13.17940811213853,0.012163268719831338,0.5406760067413164
-46.02855226417913,-14.300056429077634,0.020238846282513843,1.0051803330513551
-47.95543854861551,-16.224696925303707,0.016366114421128695,0.9341151180398374
-50.38987296857941,-12.63368157703592,0.011850309474032854,0.6424988915229837
-52.63790696708851,-16.986019128595004,0.022982288130345193,0.8034630923988476
-52.476210215947,-17.587890368955083,0.012604095556847114,0.9663434209822834
-49.296174110163896,-15.8653708116559,0.019584369293978308,0.9998283004371605
-49.0962989594473,-14.67959463661813,0.02749335095879604,0.7950538037273841
-49.2804535926918,-17.51827093443582,0.02154799291939215,0.9671860763945977
-49.51626135477318,-16.649150897050184,0.016556722690956465,0.8031160083622725
-51.360053475428494,-18.998245365022733,0.025226841610284833,0.6882556514169517
-49.386005638575845,-17.491321475912233,0.022602050193691596,0.763805936679857
-48.91888169083369,-16.50317466338076,0.025511803680343805,0.8916255204919507
-50.291058287326265,-14.773917741450681,0.018181078133393376,0.5993872225101862
-46.54732934075816,-14.360692710755702,0.03857243490070717,1.0737718241025789
-51.494800768046424,-18.668114498108807,0.022386733776982325,0.7695470736522472
-50.42131400352359,-17.89331756555572,0.012821903841715962,1.0501710516975338
-51.258993005965046,-17.563186698641797,0.02826329747153859,0.7993304457952636
-48.51014823655931,-15.438671051699128,0.03276369360250973,1.0603514088866093
-52.50540546268088,-16.46275047559538,0.02079475030812337,0.7354185342924952
-46.07571381659541,-14.657136754515143,0.025890029316430467,0.9201557199928866
-52.96579204579214,-17.185894279311597,0.017810824462749137,0.987192597868785
-51.564420202565685,-18.183024244684265,0.01476519083187328,1.0117833293882952
-46.43054835382262,-14.239420147399565,0.0201618011182496,1.0665449453446099
-52.19324090144935,-16.251646383827293,0.014265239521398205,1.2668045385521767
-48.41357934351647,-17.003985434277393,0.022511067384054954,0.8036757978342598
-52.72998428371076,-16.70754139051795,0.02637664609956451,0.8539421171750896
-48.507902448349014,-14.335989040442414,0.0144772794802391,1.1926272871527064
-47.67696081053845,-14.362938498966,0.019946450583214894,1.32664165976713
-51.11750834871622,-16.265121113089087,0.015882014745236702,1.0158540388476336
-48.49891929550782,-16.397622617496715,0.019924882329346246,0.8532176666921766
-48.55281821255499,-16.756948731144526,0.028980000616242847,0.8218015683749998
-49.648762859180806,-15.683461966621696,0.014051833646095127,0.8425131939488373
-47.45687356592917,-15.860879235235302,0.028614190621638065,0.8073847452670622
-47.31538890868035,-14.035053420262374,0.03902328402051496,1.532645595574978
-49.48482031982899,-16.022575986376815,0.019829390462641257,0.8520264770857208
-48.78188861000547,-14.621204143150363,0.030127227857156453,1.0172389378964333
-47.75780918610921,-14.973792892167275,0.023358688614927146,0.8567874557542136
-47.892556478727144,-14.367430075386597,0.01852695536705024,1.418097854783736
-49.24901255774762,-17.02644331638038,0.02279193737919683,0.8599404012756868
-51.01644787925278,-16.685083508414962,0.019944973040348656,1.024973459534449
-50.70877489444184,-15.92151551691337,0.015803089688209662,0.7474616153419525
-48.68082814054202,-17.82369813103646,0.01951492786514233,1.0161763019654966
-52.71650955444897,-17.50255041696373,0.01525262840230085,0.774155397677669
-50.17427730039073,-16.981527552174406,0.015953367257378726,0.8856740372680619
-47.33784679078334,-15.027691809214446,0.03622114953513617,1.5546916305028085
-51.06360943166905,-15.492569968746299,0.01590627783426982,0.5507603620532379
-51.65200594276734,-18.32226311372279,0.014696252081961358,0.9450556980273696
-49.00646743103535,-16.01583862174592,0.019620087101919488,1.1702689249034923
-46.576524587492045,-13.01097399636612,0.02800547300452399,0.7385135738832597
-49.54321081329676,-15.609350955681837,0.014435603187226287,0.9725776938417793
-50.30004144016746,-15.37803477002106,0.0198803850390671,0.8971189458570099
-52.15057092545367,-17.10504590374084,0.02421698231942606,0.9603994419650204
-47.402974648882,-15.638546202415721,0.02759086133044328,0.8208790971281417
-49.93622375009905,-14.13835967793612,0.008105188963290781,0.975611470681269
-51.917008951582595,-18.185270032894564,0.01396958202408415,0.667265486853068
-52.2898097944922,-17.055638563114265,0.023445246656965433,0.9415374464941241
-51.7261169537072,-18.903922260190182,0.02016878038167566,1.0123858034830395
-48.77739703358487,-17.40373573571058,0.025179255899004552,0.6928723721686928
-51.510521285518514,-15.272482724137015,0.013467901441397501,0.6036810324644926
-50.34046562795284,-17.886580200924822,0.012692200023505225,0.8881015363206926
-48.83803331526294,-15.550960462214068,0.018957242231158824,1.2152900794019452
-47.984633795349396,-17.924758600499903,0.01563420244791872,0.9322021791202104
-46.49792200013158,-14.331497464021817,0.025778717499014815,1.1530443107612427
-51.654251730977634,-17.10504590374084,0.027404555590909853,1.066899348199044
-51.7328543183381,-18.692818168422093,0.01997308841354287,0.7160453402371049
-50.62118915424019,-16.359444217921638,0.016135547301523206,1.1818533758995928
-47.234540533109595,-16.84004289492558,0.02548995562291212,0.9462161110396118
-48.57078451823738,-13.48034373231857,0.01971817999134515,1.220162650829745
-51.1556867482913,-18.92862593050347,0.025399016142120055,1.1431827069739375
-51.73959168296899,-16.599743556423608,0.027510683939737934,1.0168642586641325
-48.67184498770083,-17.51602514622552,0.020462096926931295,0.8275220495846676
-50.13160732439505,-17.282463172354444,0.01586734039951423,0.8199561839966911
-47.5961124349677,-17.136486938685024,0.015785686198499745,0.9154284711051354
-49.305157263005086,-16.644659320629586,0.025804635611746764,0.9074331198386787
-48.15082212291151,-14.75819722397859,0.025681943822466795,1.6800440656138473
-48.941339572936684,-17.953953847233787,0.019074419820297346,0.9133427924091092
-47.86336123199326,-14.488702638742733,0.02089831950882568,1.4928446910176179
-52.42904866353072,-17.76530763756869,0.012630169966244465,0.9817127929165115
-49.617321824236626,-14.1765380775112,0.008266505012698743,0.6784402640530122
-50.32474511048075,-17.102800115530542,0.016511292595382823,0.8509838096223983
-50.10465786587147,-15.840667141342612,0.013082717138023682,1.0294127795169759
-50.62343494245049,-17.59238194537568,0.02750276508062132,0.6161177681592811
-51.49704655625672,-15.290449029819406,0.012353692818629995,0.6302728319659184
-50.605468636768094,-17.228564255307273,0.02440974619089063,0.7441373581908329
-50.57627339003421,-16.669362990942872,0.016999081090367855,1.2415838424987535
-50.48419607341196,-17.358819971504605,0.018061774129713003,0.6082372319788524
-47.432169895615885,-16.84678025955648,0.027607759413784377,0.8879199010241846
-49.12100262976059,-13.826195116704586,0.017554213093291585,0.7635096323224144
-49.71613650548977,-13.437673756322893,0.012368666068872358,0.6732656621073715
-50.585256542875406,-13.734117800082334,0.010499654699098903,0.7402404560186718
-49.91825744441666,-13.93399295079893,0.007888194360051292,0.7053989768483321
-50.10690365408176,-14.08221497267865,0.008015824809849689,0.64168908350956
-51.84514372885304,-16.489699934118967,0.01734126241706186,1.18518911888375
-51.55768283793479,-15.667741449149606,0.015701871025625275,0.755239146566283
-47.30191417941855,-17.039918045642175,0.0261155678350527,0.9023974894639405
-50.16753993575983,-13.552208955048132,0.007478718641649439,0.645229825288242
-49.07384107734431,-17.19487743215279,0.022494448138894042,0.827228168096284
-50.821064304956785,-17.56767827506239,0.027676945033721766,0.7953137258852737
-50.569536025403316,-18.748962873679563,0.027459202887617096,0.9255288248736148
-48.49667350729752,-16.029313351007712,0.018745232582536017,0.8621396351915065
-47.497297753714555,-16.054017021321,0.02251664991751904,0.7717746145538492
-47.14021742827704,-17.017460163539187,0.017318085128137727,1.0434407284922405
-48.69430286980381,-14.742476706506498,0.030698748362624307,0.8254506068264451
-52.22019035997294,-16.060754385951896,0.01476406616430036,0.7076236504430841
-48.84252489168354,-13.839669845966379,0.01720905777092872,1.1561440606112967
-48.159805275752696,-17.83268128387765,0.015817137107291452,0.8515686659685068
-47.83865756167997,-17.38352364181789,0.01860067879432175,0.7046761897525449
-48.299044144791225,-16.543598851166138,0.02138407835462088,0.8493725453033747
-49.15468945291507,-14.94684343364369,0.026442265200606437,0.7661163782930527
-51.94844998652678,-16.91415390586544,0.025550311313221708,1.1063446269130128
-50.88170058663485,-17.72263766157301,0.02644959618862199,0.7472548720399562
-48.705531810855305,-13.709414129769048,0.01772344858124467,1.1972311041448185
-51.84065215243244,-16.29431635982297,0.013693145008997749,0.6277024721071206
-49.87558746842099,-13.525259496524546,0.007535912429225416,0.6898278290399298
-48.604471341391864,-14.791884047133072,0.03151023739236379,0.9009561956539783
-46.848264960938195,-13.482589520528869,0.03595941084020992,1.1355937591298892
-50.39211875678971,-14.255140664871657,0.0082324807909859,0.6407977786409895
-49.56117711897915,-13.6105994485159,0.007730087109312044,1.024503538816483
-48.10815214691583,-14.10018127836104,0.015526874060317433,1.0530039434801963
-47.89480226693744,-14.109164431202235,0.016992093181834634,0.8938004734914807
-51.26797615880624,-17.417210464972374,0.03097762776219801,0.775666357849543
-48.914390114413095,-17.677721897367036,0.020197834401276742,0.9128742037808113
-49.59037236571304,-16.491945722329266,0.009977113019814562,1.032582676881259
-48.379892520361985,-17.729375026203908,0.016132851374827752,0.820629790860058
-50.28881249911596,-18.627690310323427,0.019584293662186194,0.825048447524868
-48.51463981297991,-14.538109979369306,0.03171003991187622,1.1819210425009772
-52.38413289932475,-18.64565661600582,0.02719643563800872,0.7348593373271166
-51.85188109348393,-18.82756546104002,0.021197809560523702,0.7243386608620458
-48.55281821255499,-16.03829650384891,0.022010647621701327,0.8763694788346134
-50.25063409954088,-12.851523033434905,0.008576380138449021,0.6039723989316109
-50.54932393151063,-17.408227312131178,0.029717044077454045,0.6082558064792277
-51.157932536501605,-15.595876226420044,0.015462525574211277,0.9269228122685161
-51.11077098408533,-16.222451137093408,0.015852902854139383,1.105987987699633
-48.63815816454635,-13.195128629610622,0.018990734927668812,1.0350336721143212
-47.05487747628569,-15.782276647874845,0.02683811979781365,0.9450206514500805
-52.768162683285844,-17.23081004351757,0.018827842344379363,1.2943486476930308
-49.138968935442975,-14.387642169279287,0.01635142628707274,0.9092662019734004
-49.70041598801768,-16.52114096906315,0.013677697670713706,0.8510881049808924
-50.54034077866943,-13.848652998807573,0.010494522230861026,0.6373643674601677
-50.91314162157903,-15.369051617179863,0.01669763275612866,0.5921878896152307
-50.423559791733894,-14.219208053506877,0.008195889754892558,0.5842085396545074
-51.119754136926524,-17.01072279890829,0.021259665292848413,1.1696070493093462
-47.16716688680063,-15.023200232793847,0.03540130255318341,0.7183617129052383
-47.79374179747399,-16.67160877915317,0.016983638218899744,0.9678738755303394
-47.67471502232816,-15.142227007939685,0.023166077082753082,0.8854437403189559
-47.501789330135146,-13.262502275919585,0.028065734675225305,1.0781153151034597
-51.04339733777636,-15.586893073578848,0.015487262747654268,0.5375881713748123
-47.33335521436274,-16.768177672196018,0.02813483351532287,0.8571127731764814
-47.29742260299796,-14.241665935609864,0.03983046867752871,1.4946032362032773
-51.88781370484871,-18.98027905934034,0.019953272451265974,0.9286368902431247
-50.53584920224883,-17.942724906182292,0.024588076277324344,0.7242926920567302
-49.648762859180806,-14.037299208472673,0.008099181315600659,0.6773790245753321
-48.77515124537457,-14.241665935609864,0.015874245491310186,0.9165016952240062
-50.439280309205984,-17.284708960564743,0.017028173560739376,0.9354550438651724
-47.66573186948696,-18.19425318573576,0.01600292924120832,1.0967375032869109
-49.969910573253536,-13.114280254039866,0.011744904478438888,0.5921454760145752
-48.49891929550782,-13.794754081760402,0.013654511391117344,1.1813410865188385
-47.881327537675645,-16.835551318504983,0.01756064466705225,1.0528533421391295
-51.31289192301222,-18.4951888059158,0.02318545825521177,0.5797099351106156
-47.373779402148116,-15.146718584360283,0.03505743575193198,1.076787754014747
-53.01744517462901,-17.83717286029825,0.01909096156978812,1.18710650837939
-49.6555002238117,-17.960691211864685,0.01159932561100677,0.7110073588509699
-49.819442763163515,-17.68445926199793,0.012227053119140349,0.5573219599724722
-50.589748119296004,-13.747592529344129,0.010467873002959446,0.7552476794320321
-52.687314307715084,-18.4951888059158,0.02750549364486624,0.53917030011837
-50.96254896220561,-14.863749269862634,0.014281360191536618,0.5609654852630795
-47.355813096465724,-17.62382298031986,0.0194100095190817,0.7786843760285412
-52.880452093800784,-18.21221949141815,0.021598092764005265,0.5332496347602556
-47.95319276040521,-14.976038680377574,0.02407626455463095,0.9481471224474188
-47.95319276040521,-18.095438504482612,0.01592427044089918,0.7939077940986173
-49.81045961032232,-13.165933382876737,0.011963528495728345,0.5954860170168863
-48.75269336327158,-14.28658169981584,0.015804356128845527,1.037178263237618
-52.23141930102443,-16.211222196041916,0.014414444475084607,0.9776587289851406
-48.86947435020712,-16.72775348441064,0.026073216647834834,0.9692434671778024
-50.05075894882429,-13.419707450640502,0.011762155663777933,0.633071493649113
-50.380889815738215,-15.661004084518709,0.013585219173508878,0.9051549985828372
-48.957060090408774,-13.377037474644824,0.01991701239674378,0.6676353799794889
-49.82393433958411,-13.6105994485159,0.0076003615651285454,0.5122362520555753
-53.02418253925991,-17.062375927745162,0.018916137175647045,0.7866926836932655
-48.379892520361985,-18.016835917122155,0.016452092970626615,0.8310958248379072
-50.15855678291864,-16.96805282291261,0.0159004522202374,0.8000346574760778
-46.789874467470426,-14.389887957489586,0.039020155292813045,0.6082711502565047
-48.283323627319135,-17.82369813103646,0.016032814758073458,0.8396235847776506
-51.3533161107976,-17.733866602624506,0.027186227134588865,0.8649152417567921
-51.66548067202913,-15.250024842034028,0.010984091508509725,0.9446704929135009
-50.54034077866943,-13.925009797957733,0.010421081978014252,0.689080267599847
-47.185133192483015,-13.430936391691997,0.037437569064719366,1.0979147906128617
-49.73634859938246,-16.01808440995622,0.012868162187095671,0.8150427131481536
-47.13572585185644,-13.484835308739168,0.03724459619441839,1.4786034308452713
-51.966416292209175,-17.792257096092275,0.01362956774051872,0.9019424168647827
-51.62505648424375,-17.994378035019167,0.014489714766244706,1.0939020273301112
-46.72474660937176,-13.749838317554426,0.03599272838852762,0.5061566637476204
-46.96504594787373,-14.81209614102576,0.03799652111117676,0.5314417591391017
-49.39498879141704,-16.52114096906315,0.026272605204044296,0.8479060072217317
-49.749823328644254,-17.08258802163785,0.014655362890394485,0.9448616147456042
-48.74595599864069,-13.83742405775608,0.01718647213954378,1.2365281268526596
-48.54383505971379,-16.37291894718343,0.024456425949160723,0.8115753501841004
-49.63528812991901,-14.753705647557991,0.01915486088599205,1.213770490177579
-49.52749029582467,-14.129376525094925,0.008842317003697097,0.8012880938002788
-50.627926518871085,-15.083836514471916,0.018173173152662234,0.5800606876831728
-46.419319412771124,-13.091822371936876,0.02184063068272512,1.0225496478862477
-47.50403511834545,-15.609350955681837,0.020857832981286656,0.8596355859932882
-51.281450888068036,-17.78102815504078,0.02663190666225482,0.9070122531868442
-51.750820624020484,-15.986643375012035,0.014484025113892931,0.5788877289058608
-47.45013620129828,-15.369051617179863,0.03346650077082819,1.5107595779535867
-49.4646082259363,-15.681216178411399,0.020404561737279236,0.7620203186957498
-49.48482031982899,-15.829438200291118,0.019259674110342174,0.8558718733735177
-47.33335521436274,-17.01072279890829,0.026340697959345592,0.9463103252527539
-47.91726014904043,-18.016835917122155,0.015704269053424865,0.8135446942486103
-49.309648839425684,-15.429687898857932,0.026389678501368672,0.9749730460489103
-51.05013470240726,-14.749214071137395,0.010260491588007703,0.9351563210191488
-48.08794005302314,-16.756948731144526,0.01931250538417704,0.978727893913636
-47.35132152004513,-17.758570272937792,0.014789221342884186,0.9380054221776798
-49.77901857537814,-18.039293799225142,0.011623220518394034,0.7186691123339007
-47.34907573183483,-13.66674415377337,0.03782389623894612,1.5136443085334788
-49.75431490506485,-17.859630742401237,0.011867686613948089,0.820883814617842
-49.049137407031026,-15.398246863913748,0.02822816704511718,0.9038052770094098
-51.115262560505926,-16.58177725074122,0.023105117055476614,0.8158288941477326
-50.026055278511,-14.971547103956976,0.018802509954981863,0.8546850308169751
-48.12162687617762,-13.399495356747813,0.015651432891624396,1.667026508201756
-51.69692170697331,-16.35495264150104,0.013428016924587597,1.0563093829387975
-51.40272345142417,-17.149961667946815,0.027346477780432987,0.9763654512889272
-48.29455256837063,-15.717148789776179,0.016906029348868878,1.035146466167906
-47.230048956689,-14.008103961738788,0.03853924866843543,1.2803344943711654
-50.80309799927439,-18.427815159606833,0.020844714718597834,0.7676387975106054
-49.93397796188876,-17.16343639720861,0.015164199845136719,0.8967011168556599
-46.405844683509336,-12.945846138267454,0.019155460855114742,0.9524652830062393
-46.61021141064652,-13.59038735462321,0.03527919967438989,0.6340113300402402
-49.82168855137381,-17.432930982444464,0.015300264919152184,0.7557598322975645
-52.99498729252603,-18.124633751216496,0.021273933976856643,0.45951914935232446
-50.782885905381704,-16.548090427586736,0.019333691026660882,1.0001937215417172
-52.57951647362074,-18.189761609315163,0.020739132730365515,0.9019347193917097
-50.80309799927439,-15.730623519037971,0.01565269633634925,0.6421639036246934
-49.04464583061043,-12.93461719721596,0.019009853433187115,0.6593755187437825
-47.20309949816541,-13.96992556216371,0.0382644808251213,1.1545453218133879
-50.9670405386262,-17.34309945403251,0.02635645533347047,0.9150013651142128
-46.87746020767208,-14.428066357064665,0.03937773379848095,0.6112354824036925
-48.213704192799874,-13.880094033751757,0.01401495962191913,1.2192118983569982
-48.23616207490286,-15.739606671879166,0.016950795622234237,1.0338962993738974
-51.1601783247119,-17.545220392959404,0.02820848459681652,0.8952444215305292
-51.735100106548394,-16.25613796024789,0.013671384024887961,0.7544409360211097
-49.99236845535652,-16.934365999758132,0.015308318109232725,1.0296741069386448
-50.461738191308974,-12.988516114263133,0.011526221064334133,0.607533392925663
-47.73310551579593,-14.185521230352395,0.018537651944538575,1.1559174825131135
-47.99586273640089,-13.749838317554426,0.014902702243162525,1.3584165684427087
-50.9760236914674,-14.731247765455004,0.01421718930137982,0.6933913353521245
-52.17527459576696,-18.15607478616068,0.013400591031905149,0.8445194266868187
-48.016074830293576,-17.63056034495076,0.015439140038569181,0.9683057557718463
-48.64040395275664,-18.317771537302193,0.01817286611588634,1.0942678767713618
-46.58101616391264,-13.30966382833586,0.033025575105615476,0.7353142360434385
-47.50403511834545,-14.064248666996258,0.0231691904794409,1.3565366677500632
-48.59773397676096,-13.210849147082714,0.015045067237174066,1.0255840894212653
-51.77552429433377,-17.156699032577713,0.026571913744225746,1.1261317681893799
-48.95930587861908,-16.404359982127612,0.02325659829858204,0.9063161283064861
-49.990122667146224,-18.1178963865856,0.01184365260230669,0.7624748718918495
-48.3462056972075,-15.613842532102433,0.017080663336221213,1.317084919978692
-50.63466388350198,-16.63118459136779,0.017421767106155072,1.028987934545703
-48.47646141340483,-13.621828389567394,0.012240991953349805,1.2536670567998225
-47.51526405939694,-17.637297709581656,0.012632892822872376,0.8489649547520917
-48.74146442222009,-16.929874423337534,0.025834225203183552,0.8906605928854817
-52.03828151493873,-16.63792195599869,0.025610529729474554,1.3041631842788417
-50.42805136815449,-15.604859379261239,0.013782820640127468,0.752512169843916
-49.691432835176485,-17.805731825354066,0.011888788493753412,0.7755732353752308
-51.479080250574334,-18.537858781911478,0.02459172960681772,1.0290549873096497
-52.04501887956963,-16.617709862106,0.025632947600649884,1.328524154670667
-49.862112739159194,-17.44415992349596,0.015405419166946335,0.7421961846324262
-46.4664809651874,-14.549338920420801,0.028367131186480942,1.6471406608098678
-49.07384107734431,-14.012595538159387,0.016910283727251226,0.8051711221229941
-50.12262417155385,-15.95969391648845,0.012675232241918839,1.127364355147292
-52.790620565388835,-17.27797159593385,0.018275794556565805,1.075816493284118
-52.71650955444897,-16.716524543359146,0.02648906345333779,0.8488648353954374
-50.13609890081565,-15.503798909797792,0.016941482489239112,0.796017984097015
-51.054626278827854,-16.961315458281717,0.019979634536059193,0.9348749324732694
-49.107527900498795,-16.95682388186112,0.022728084484686863,0.8668162024447016
-47.36030467288632,-16.67610035557377,0.02883452781585636,0.7756581156911984
-49.053628983451624,-17.621577192109566,0.020622916151828173,0.8486569570386305
-52.60871172035463,-16.74347400188273,0.027121913867250675,0.9350056375566901
-46.95381700682224,-14.443786874536757,0.03963228586819835,0.4732200725236014
-50.403347697841205,-15.086082302682215,0.018715755499271913,0.8666196599094378
-47.81844546778728,-13.8014914463913,0.016299334077797538,0.7016173894380758
-50.27309198164387,-17.203860584993986,0.016318745244980983,0.6924541464820759
-47.76005497431951,-18.302051019830103,0.01633728258520205,0.8429766909484645
-47.38276255498931,-14.452770027377952,0.04112078975089979,1.231565203504727
-48.93460220830578,-13.832932481335483,0.01730569018529384,1.0823301350489154
-50.681825435918256,-13.662252577352772,0.010316215705238647,0.5740366847665264
-50.70877489444184,-13.87560245733116,0.00997900202010566,0.5658580678415016
-46.26211423805021,-14.749214071137395,0.02568057000178074,0.8316126790098904
-48.75269336327158,-17.769799213989284,0.01972388672213666,1.0596774012955212
-48.368663579310486,-13.6128452367262,0.012520933156825832,0.9963162815466965
-50.681825435918256,-14.81434192923606,0.017409230136738882,0.6331122119504082
-48.77515124537457,-15.104048608364605,0.02994600404284418,1.2198062642401004
-48.952568513988176,-16.696312449466458,0.025806342445632617,1.0058055301970306
-48.37764673215168,-16.815339224612295,0.021983885816910916,0.7839385581870575
-49.10528211228849,-14.389887957489586,0.01629034705234684,0.7751042033499885
-52.094426220196205,-16.496437298749864,0.018577751340395837,1.0187240320680082
-52.864731576328694,-18.245906314572633,0.021871599507394895,0.6231609659779436
-50.216947276386406,-13.141229712563451,0.011405748775065533,0.8191236971250339
-48.36641779110019,-16.714278755148847,0.021873074675915483,0.8802330100925008
-47.865607020203555,-14.353955346124804,0.018612029676293513,1.305842135642205
-50.681825435918256,-13.471360579477375,0.01243667718465155,0.767008702078952
-49.74757754043395,-14.203487536034785,0.008237761808360545,0.5939539156560535
-49.39948036783764,-17.67098453273614,0.021238612788492896,1.0622131360686276
-48.86947435020712,-13.6128452367262,0.018126772642959095,0.6690548062545617
-50.00808897282862,-14.23043699455837,0.008195629843746052,0.7965169105920813
-49.370285121103755,-16.03605071563861,0.021124508153657833,0.9305467466330196
-48.04527007702746,-15.876599752707394,0.016989815653145664,1.0196265924328172
-50.20122675891431,-17.702425567680322,0.012711241928170395,0.7568482943698309
-46.569787222861144,-13.249027546657793,0.03195827165179798,0.6881511062396077
-48.43828301382975,-14.711035671562314,0.03033268084741853,1.368103460305355
-48.04077850060686,-16.07198332700339,0.016526971248389342,1.0539978581387583
-46.97627488892523,-14.183275442142095,0.03845994075707325,0.588960668609103
-50.69530016518005,-15.604859379261239,0.01564606585705361,0.6667061723604654
-50.56055287256212,-16.770423460406317,0.016817995967791103,1.0650175226304954
-46.71351766832027,-14.574042590734088,0.04233663256250987,0.6050878521347172
-50.778394328961106,-15.970922857539943,0.015798195298226476,0.6333190706086731
-50.98500684430859,-15.068115996999824,0.014536112797863598,0.5112296614819328
-49.18613048785925,-13.563437896099625,0.018562140509545594,0.9555417950231364
-50.28656671090567,-15.730623519037971,0.013364197291922845,0.7909037535224788
-48.45624931951214,-16.69406666125616,0.02273899780504429,0.8954673324117985
-50.333728263321944,-13.015465572786718,0.011492718730311921,0.6478609260402176
-49.963173208622635,-15.157947525411776,0.019487102291253416,0.9376268720335599
-48.38438409678258,-18.22569422067994,0.01682128517300785,0.8740944087866298
-49.70939914085887,-18.236923161731436,0.011267160621645329,0.7413112142617385
-49.87558746842099,-14.549338920420801,0.018839266322648752,0.7730591395931393
-51.654251730977634,-15.669987237359903,0.015648641546888737,0.49036466776325033
-50.95805738578501,-16.85576341239767,0.018193133996667686,0.839498326110049
-52.431294451741024,-17.78102815504078,0.012627629377296183,0.997812063085964
-48.1665426403836,-15.757572977561557,0.017035972307748382,0.8542852332982548
-48.06997374734075,-15.492569968746299,0.023584916051346605,1.0594209459267125
-47.93298066651252,-14.241665935609864,0.017463255332109306,1.295521697731217
-46.94258806577075,-14.185521230352395,0.03838203739636242,0.584090071299659
-52.46048969847491,-16.871483929869765,0.02278491579208298,0.7929645861299255
-50.178768876811326,-18.086455351641415,0.012194465178941924,0.7768400866185825
-51.22306039460027,-17.94497069439259,0.025229930477273423,0.9525610231190692
-51.87658476379722,-16.56156515684853,0.026770041998086507,0.9990935868737668
-48.09916899407463,-17.127503785843828,0.019828252120265115,0.9320952316809045
-48.80659228031875,-15.73511509545857,0.019132983911314207,1.1233166504510066
-48.62692922349485,-14.490948426953032,0.020318979171685566,0.9052817921201538
-51.355561899007895,-16.134865396891755,0.015767899804235645,0.9565585755763552
-51.27246773522684,-16.31677424192596,0.015900427715245212,1.001976505326936
-46.26660581447081,-14.773917741450681,0.025500495891340274,0.8124256377810811
-49.12549420618119,-15.946219187226657,0.019158392919723915,1.2067424828437041
-50.00808897282862,-13.361316957172733,0.011748388610074711,0.6632206047376902
-48.620191858863954,-14.955826586484884,0.03135052744715278,0.8899085619880461
-49.96541899683294,-14.686332001249028,0.018555247677326702,0.9199996742025562
-46.44626887129471,-14.277598546974646,0.019832042900989465,0.9507057053624832
-49.72511965833097,-15.84515871776321,0.013426226243602771,1.4004033552578896
-47.71963078653413,-16.09219542089608,0.017324520432213452,1.0213490138926475
-49.94969847936085,-17.21958110246608,0.015256703338942834,0.8203522536194149
-50.275337769854175,-15.928252881544266,0.012686245616575356,0.7821894076885502
-48.3551888500487,-17.21733531425578,0.02244030846653099,0.8085027190885056
-48.88968644409981,-14.88845294017592,0.02875450724744722,1.1936179715104112
-49.98787687893593,-13.374791686434527,0.011797658061082844,0.6972201032805513
-50.439280309205984,-13.570175260730522,0.0075192770679830614,0.7690376949467548
-51.22306039460027,-18.337983631194884,0.02229032578808011,0.9943716137570181
-48.45849510772244,-17.43966834707536,0.024220809318137453,1.0097064525560913
-49.4646082259363,-17.228564255307273,0.023329954718095902,0.9707843895634166
-49.45337928488481,-15.420704746016737,0.025705530354339378,0.8503549823772483
-50.82331009316708,-14.684086213038729,0.016052736552635165,0.6435622072483401
-47.94196381935372,-14.848028752390542,0.024050876817375492,1.2134029483638045
-49.17040997038716,-13.38826641569632,0.02064497775181558,0.6312812784688324
-47.614078740650086,-13.774541987867714,0.017779831438512212,0.86417680374032
-47.587129282126504,-13.940730315429825,0.01854603588671782,1.710663699019659
-50.605468636768094,-15.274728512347314,0.01899225938261007,0.7565650819173698
-50.52012868477674,-18.221202644259346,0.020438029550881243,0.9439004456454883
-52.77040847149615,-18.245906314572633,0.021605372466573347,0.7610105888290805
-47.014453288500306,-14.019332902790284,0.037810845765450386,0.9085795467953496
-48.11938108796732,-15.202863289617753,0.02634757231267192,0.830510763291845
-49.85986695094889,-18.560316664014465,0.018077012875542735,0.6939967933338586
-49.22655467564463,-17.7406039672554,0.02045276779368724,0.9078471616215635
-47.378270978568715,-15.869862388076497,0.028196320550320043,0.8435358431906282
-50.005843184618314,-12.959320867529248,0.010454222273656184,0.6969900947907512
-48.77515124537457,-14.010349749949087,0.01651386500224943,1.2037092583417637
-51.31962928764312,-18.567054028645362,0.025679387630075694,0.7499415803777114
-47.51750984760724,-14.749214071137395,0.023710823344476894,1.159575325298676
-52.59074541467224,-17.28920053698534,0.021307709494782372,1.2979531110289204
-47.62306189349128,-14.13835967793612,0.01911558019424105,1.0121508093681166
-47.88581911409624,-15.557697826844963,0.01822512095318011,1.1617788102286573
-52.581762261831045,-18.517646688018786,0.03197671705080886,0.67746537145469
-50.36966087468672,-13.983400291425502,0.007915291138205499,0.5791136815930262
-50.25063409954088,-13.89356876301355,0.007808171912825804,0.6498929909596121
-51.660989095608535,-15.618334108523031,0.015851267091645232,0.5142292286726211
-47.0391569588136,-15.84515871776321,0.02706958369907985,0.8128221157065231
-50.06198788987579,-13.183899688559128,0.01158297766547682,0.6882088940873591
-47.49954354192485,-14.414591627802873,0.02560778536318511,0.9775536984835159
-50.54483235509003,-17.78102815504078,0.026034846631156044,0.9716093376786041
-51.05238049061756,-18.15382899795038,0.023249513120575365,1.0470505689685272
-50.450509250257475,-17.61259403926837,0.013226956309650971,0.6880253850497002
-50.38987296857941,-16.810847648191697,0.017059083189622522,0.7224604863523126
-48.42480828456796,-16.723261907990043,0.022428462861705186,0.9390765330299367
-51.58238650824808,-18.38065360719056,0.01491923152631812,0.9151784115537903
-52.190995113239055,-16.622201438526595,0.024835534119602643,1.0873300419547658
-51.59361544929957,-16.909662329444842,0.027937452608343044,1.038374969305335
-48.97053481967057,-14.484211062322135,0.018199656127003798,0.8533320414966173
-49.24676676953732,-14.641416237043051,0.02666189606706103,1.1663092543618712
-51.591369661089274,-17.913529659448407,0.014531450396451774,0.916293999743107
-48.37090936752079,-17.88882598913512,0.016265484633773832,0.9197795531230506
-48.75718493969218,-15.162439101832375,0.030240698148857794,1.0229005498875117
-48.90091538515131,-13.237798605606299,0.019398237962218616,0.6293325088280776
-47.44115304845708,-13.305172251915263,0.03741911757317773,1.145499296034485
-49.296174110163896,-18.470485135602512,0.017916041239807546,0.8446653909206906
-50.794114846433196,-18.823073884619426,0.026393564634338156,1.1830851881250495
-48.86273698557623,-17.99213224680887,0.018876122848304363,0.9223561956518712
-48.32823939152511,-14.580779955364983,0.0293187435709453,1.1522308041755387
-49.36579354468316,-17.902300718396916,0.020164335601334397,1.0643078657169696
-49.54321081329676,-17.145470091526217,0.014328299683956155,1.083469984853163
-49.72062808191037,-14.021578691000581,0.00804935805035172,0.6976479683360349
-46.83479023167641,-13.50055582621126,0.03548861690799165,1.0474150576985932
-51.79349060001616,-16.725507696200342,0.026838322005112887,0.9098658490357447
-48.96379745503967,-14.62344993136066,0.0286354693516522,0.9117514354109275
-50.53584920224883,-14.178783865721497,0.010235913138851693,0.5714302111371573
-50.52462026119734,-16.208976407831617,0.01539471077984966,1.0692765613274016
-49.48931189624959,-16.03380492742831,0.01917685360516221,0.8231516280244334
-48.3506972736281,-16.815339224612295,0.021726900577968444,0.8034952810139359
-50.84127639884947,-13.785770928919208,0.007944956784357079,0.8300399927044113
-52.08319727914471,-17.998869611439762,0.013457723380925005,0.6324985353911048
-46.6573729630628,-13.922764009747434,0.03666228969626346,0.6706530082764893
-51.44314763920955,-17.7406039672554,0.027408932022153446,0.8612480245929642
-47.169412675010925,-14.32251431118062,0.03970828770385227,0.9880830572003433
-49.46236243772601,-18.344720995825778,0.018891746567321628,0.794411155176323
-51.40496923963447,-16.516649392642552,0.027437910344806516,1.0103561262107081
-47.474839871611564,-17.304921054457434,0.022240852710618347,1.1232284232800755
-51.548699685093595,-17.46212622917835,0.028209657641312558,0.7469496584044526
-50.38987296857941,-18.4906972294952,0.0151145394794135,0.8749278333144247
-50.724495411913935,-16.909662329444842,0.017225740439475286,0.785443898399652
-48.41357934351647,-16.134865396891755,0.01580793790552336,0.9251412282606629
-49.00197585461475,-17.971920152916177,0.019062256850747937,0.8859750407050804
-46.64165244559071,-14.270861182343749,0.03823868841653753,0.6348120920736795
-50.044021584193395,-16.289824783402373,0.011744303441966678,0.9773928260318548
-47.935226454722816,-18.302051019830103,0.016429289976843207,0.8493671572840916
-52.39985341679684,-16.754702942934227,0.02337819676436665,0.9839310091255574
-48.3439599089972,-16.545844639376437,0.021795595701084334,0.8808593445361034
-49.49380347267019,-15.164684890042674,0.0226933948900755,0.8957123290569102
-50.83229324600828,-18.072980622379625,0.023626200364275835,1.1228125479913589
-50.19673518249371,-17.50030462875343,0.014470235979392676,0.6548449564952746
-47.57590034107501,-14.423574780644067,0.021028929497124257,1.1174805211085486
-48.485444566246024,-15.218583807089844,0.03131339850674715,0.8664373528349113
-47.33784679078334,-16.73449084904154,0.028388252579316247,0.8575375616882748
-51.5352249558318,-17.852893377770343,0.014711596039497359,0.8115170033711463
-47.98238800713909,-14.297810640867334,0.01749603131100746,1.4409269731071184
-46.518134094024276,-14.690823577669626,0.03887408950073257,1.417248005203385
-48.5415892715035,-17.226318467096974,0.027572214751152384,0.932513500462854
-48.61794607065365,-18.20997370320785,0.018243317081949324,0.9464262345702193
-48.79536333926726,-15.211846442458947,0.02997526601905418,0.9366048951834113
-47.31538890868035,-16.660379838101676,0.02840786639789113,0.8515136632386926
-47.966667489667,-14.928877127961298,0.024109069330972035,1.4221414529538574
-50.4011019096309,-17.316149995508926,0.01688954476502979,0.9386241360844761
-49.50503241372168,-18.27060998488592,0.014358877008908564,0.8884463616801543
-51.917008951582595,-17.311658419088328,0.025684715021582028,1.018034149625673
-51.12199992513682,-15.961939704698748,0.015677919710847962,0.6729005826055013
-46.55631249359935,-13.862127728069368,0.0363269185484872,0.7136646608017089
-48.314764662263315,-17.01072279890829,0.02157686888572805,0.7908041109585029
-50.55606129614152,-16.667117202732573,0.01705716206212387,1.2005426148200855
-50.98500684430859,-16.217959560672814,0.015880610646558272,0.8060006723540308
-48.716760751906804,-14.877223999124427,0.03038286816190392,1.0604436738181349
-50.194489394283416,-18.517646688018786,0.018145006347515254,0.692524203009913
-46.179020074269154,-14.181029653931796,0.021109522495177502,1.1126072824504891
-48.79087176284666,-15.00074235069086,0.029677325746768023,0.85030331944929
-47.939718031143414,-16.56156515684853,0.01826776169532199,0.8955026177870565
-47.53772194149993,-14.75595143576829,0.0241468727268877,1.0390088898390344
-48.48319877803573,-15.283711665188509,0.031564389093676155,0.7233396793571591
-46.41707362456083,-14.214716477086279,0.020376902882654483,1.0429653182824963
-48.77739703358487,-14.616712566729765,0.030176124530763165,1.0303904306591867
-47.420940954564394,-16.685083508414962,0.028800669670166486,0.8147022903480133
-50.43254294457509,-17.940479117971993,0.012788537651570042,0.8299987145380722
-50.001351608197716,-15.196125924986855,0.01956041429644085,0.8936011692709404
-51.92150052800319,-17.266742654882353,0.025634540230693528,0.8883958684414132
-50.65487597739467,-17.38801521823849,0.02818544203315715,0.8987051674493688
-49.13447735902238,-14.704298306931419,0.02715588013517189,0.8275815869547762
-48.88744065588951,-15.404984228544645,0.02979264203899215,0.9812256855113607
-51.27246773522684,-15.950710763647255,0.015649529674584696,0.7915766880710314
-49.92948638546816,-16.920891270496337,0.015112109395129553,0.8173207630582412
-47.87234438483445,-17.051146986693666,0.017693010521052814,0.9896144266024002
-46.89767230156477,-15.654266719887811,0.0264561826783711,0.9392546251162885
-48.10366057049523,-17.062375927745162,0.019718993428219745,1.0045606608595379
-48.411333555306165,-16.498683086960163,0.01587491130191211,0.8361927156106926
-51.831668999591244,-16.125882244050562,0.01409735425950356,0.634021723670222
-48.314764662263315,-16.65364247347078,0.021416650601164235,0.9278145417286154
-47.470348295190966,-16.943349152599325,0.026020395886915442,0.8805882024580565
-52.4829475805779,-18.00111539965006,0.013052939445780199,0.9481141087665654
-48.39785882604437,-15.178159619304466,0.029847368135149346,0.7935357967008126
-47.95543854861551,-16.59300619179271,0.018341378604830146,0.9368913305629504
-52.20446984250084,-18.014590128911856,0.01321213805478662,1.31752869091365
-49.33435250973897,-14.259632241292255,0.016888765953471985,0.8462064305134751
-49.21757152280344,-17.94721648260289,0.01955521961672787,0.7911567562922929
-50.61894336602989,-16.543598851166138,0.018937015255298343,1.0420931050220423
-49.21083415817254,-13.293943310863769,0.020542562777757786,0.5924376725473554
-52.972529410423036,-17.51153356980492,0.01634822068941814,0.7962056698431326
-46.13185852185288,-14.327005887601219,0.01976841352503776,0.9114945573079036
-48.88519486767921,-15.427442110647632,0.029928273632658486,0.9304773618983165
-47.27496472089497,-13.812720387442793,0.037946040096353884,1.3541095700110777
-51.40047766321387,-15.016462868162952,0.009455982903565781,0.9611068825835859
-52.48743915699849,-18.22794000889024,0.013858390881462925,0.9352236337217338
-50.86148849274216,-18.56929981685566,0.026606754783457132,0.8578249076664507
-47.16716688680063,-15.092819667313112,0.03451048923664265,0.6033637120779466
-51.15344096008101,-19.216086821421715,0.025301746692058757,0.6584418945860926
-49.04240004240013,-17.965182788285283,0.01914187408978878,0.9595866482968757
-50.306778804798356,-14.073231819837455,0.008007608610113456,0.8002992113289907
-46.50690515297278,-13.34784222791094,0.028877939527655407,0.8792970381514165
-49.68244968233529,-17.68670505020823,0.01208096792908161,0.7385111182087555
-48.29679835658093,-15.494815756956598,0.024473952128413173,1.1542060740817155
-47.90153963156833,-13.439919544533192,0.018353706774100947,1.423721562700859
-48.03404113597597,-15.456637357381517,0.027365245001538467,1.042311460024871
-50.73572435296543,-17.82145234282616,0.025611141047849135,0.8447481712475104
-48.29230678016033,-18.34022941940518,0.016125598930480118,1.060032843790337
-50.72898698833453,-17.601365098216874,0.027393648708210865,0.8625373620075815
-49.954190055781446,-18.124633751216496,0.011777463433932519,0.8035411910528939
-51.85188109348393,-17.044409622062773,0.026079323011633907,0.8170770257077972
-48.503410871928416,-15.975414433960541,0.01943372684774739,0.8352504445317619
-51.007464726411584,-18.108913233744406,0.023521517961448135,0.8462277064315789
-50.73572435296543,-16.763686095775423,0.016403414293635444,0.8819741795130653
-49.761052269695746,-17.969674364705877,0.011703353100684016,0.8029577793063818
-47.56916297644411,-16.934365999758132,0.015356693620334871,1.002082594280503
-50.2281762174379,-14.28882748802614,0.008252388524578104,0.5313569815377898
-50.012580549249215,-13.523013708314247,0.007581406875657562,0.6770049670284148
-51.9057800105311,-18.090946928062014,0.013910999376268354,0.7795590433232179
-50.001351608197716,-15.209600654248648,0.019613103170959427,0.8792908226107313
-48.26535732163674,-17.531745663697613,0.015758316490568393,0.7667819051708925
-47.53547615328963,-14.556076285051697,0.025644068288176725,0.8624420452419154
-49.916011656206365,-17.644035074212553,0.012407494655277313,0.6943649156961365
-49.439904555623016,-16.920891270496337,0.024228515037864107,0.8258033187919761
-50.02380949030071,-17.38352364181789,0.01567435997728673,0.6716104238498982
-50.33148247511164,-14.097935490150741,0.008038382698604917,0.8015100117605605
-47.034665382393,-15.645283567046617,0.026319473711828616,1.099722571060971
-47.94870118398461,-16.84453447134618,0.018116097139891003,0.9258791210978842
-50.28881249911596,-16.86250077702857,0.016541886341646793,0.7285720916775418
-52.45150654563371,-17.29144632519564,0.02239563729055627,0.9911637797123344
-48.46298668414304,-14.845782964180243,0.030333807962980602,1.4771354207186154
-50.0327926431419,-18.526629840859982,0.018281287018570392,0.8978815269800718
-49.94969847936085,-13.66898994198367,0.007615968598313465,0.7706635402372278
-50.24389673490999,-15.422950534227036,0.020141520931524697,1.0958739609271815
-46.6641103276937,-14.21247068887598,0.037991333088035636,0.5912331217955847
-49.03566267776923,-15.932744457964864,0.019034611852627333,1.0045020378155063
-47.699418692641444,-14.529126826528111,0.025560077713373448,1.2213364266087787
-53.15443825545724,-17.531745663697613,0.018725945868682748,0.8639748203435397
-48.21145840458957,-17.426193617813567,0.021922444490526743,0.7973565031507192
-52.186503536818456,-17.857384954190938,0.013163231239408293,0.8813556639338228
-47.74658024505772,-14.973792892167275,0.02333474888883632,0.8705074071426031
-50.059742101665485,-16.72999927262094,0.015856995017674326,0.7867252720663883
-47.68818975158995,-15.946219187226657,0.017776765060017442,1.0493443634755348
-48.09243162944374,-18.21221949141815,0.01636735289656893,0.7923401801610153
-51.76654114149258,-16.703049814097355,0.027070114837735377,0.9832529015430014
-47.79823337389459,-14.596500472837075,0.025206633730322288,1.2065049660701408
-52.03828151493873,-17.475600958440143,0.023080384921487153,1.0463560804753238
-46.33622524899007,-14.605483625678271,0.027229480010951334,1.247556282802787
-47.234540533109595,-15.71490300156588,0.026989620267521584,0.7085415647520837
-48.57078451823738,-18.32001732551249,0.018035713553623326,1.074244967218901
-50.627926518871085,-15.205109077828052,0.018507188435117748,0.7093569614767484
-49.311894627635986,-17.32962472477072,0.022553466396602218,1.0251204017196704
-47.62755346991188,-16.774915036826915,0.01572957904769724,0.9164920755327702
-49.862112739159194,-14.270861182343749,0.00827513305016809,0.8642906058612256
-47.207591074586006,-13.642040483460084,0.036990568836061846,1.1375630452899992
-46.91114703082656,-13.814966175653092,0.03660048365949393,1.0565551210122945
-49.129985782601786,-17.653018227053746,0.020622084449387512,0.8048628494321509
-46.59673668138473,-14.241665935609864,0.03805689639863678,0.6712709227676911
-50.09567471303027,-15.465620510222713,0.020466731236175723,0.9156844098130907
-48.26535732163674,-15.014217079952653,0.027229217557932773,1.0464572124557974
-50.99848157357039,-15.016462868162952,0.014236676032366993,0.6317182341235424
-51.79124481180587,-16.642413532419287,0.027062707224798893,0.9987438007392403
-51.26123879417535,-15.78901401250574,0.01555247924173087,0.9044595061453191
-52.74121322476226,-17.25326792562056,0.019053024637657918,1.220919441536347
-51.50153813267732,-17.810223401774664,0.0199245461236043,0.7796542706128168
-51.467851309522835,-18.65688555705731,0.02526588150836496,0.7637751292157056
-47.730859727585624,-16.772669248616616,0.016430680007879207,0.9402297637647328
-50.17652308860102,-15.211846442458947,0.01934633746660333,1.0473629714320636
-50.48419607341196,-15.786768224295441,0.01242054696962368,0.7951089780704508
-47.05487747628569,-13.873356669120861,0.03728140497184997,1.081465548446985
-52.93210522263766,-17.448651499916558,0.01808373941577963,0.8399989836934146
-48.20472103995868,-15.13324385509849,0.026913565576394866,0.911361413843446
-46.36991207214455,-14.598746261047374,0.02744216325714408,1.3559030981457234
-50.268600405223275,-17.08258802163785,0.016287194767172223,0.9959618572808412
-46.639406657380405,-13.531996861155443,0.03506603864785869,0.6008732854182081
-52.1056551612477,-18.578282969696854,0.023983495079861108,0.7033409277697237
-48.80659228031875,-18.216711067838748,0.01806429952005314,1.2793222420597699
-49.63528812991901,-16.78614397787841,0.014555812351370438,0.8419590364795192
-50.04851316061399,-17.969674364705877,0.012113740595203287,0.7648594542566385
-48.96604324324997,-17.417210464972374,0.023473289872982327,0.7762557790705801
-47.53772194149993,-18.08196377522082,0.01564206888368741,0.905223583927581
-46.677585056955486,-14.839045599549346,0.03821430630298111,1.1602918566045872
-47.82967440883878,-13.770050411447116,0.016121363655854752,1.0118905891519803
-50.35394035721463,-13.783525140708909,0.007703589374221274,0.5793056364779061
-48.334976756156,-18.122387963006197,0.016547128143246354,0.8971332174964344
-47.753317609688615,-14.502177368004526,0.022720814153604746,1.280043949195164
-47.73310551579593,-15.173668042883868,0.023482450487735593,1.0774260568966725
-47.82069125599758,-13.597124719254108,0.015751865015562635,1.3594146448687343
-51.48132603878463,-15.429687898857932,0.013218621436796243,0.5444753069381978
-46.41033625992993,-13.08733079551628,0.02184441140235243,1.0226274375252988
-49.572406060030644,-13.433182179902294,0.01264574701307799,0.7299953964925403
-50.836784822428875,-14.41908320422347,0.009607515388248231,0.6403076067673983
-49.803722245691425,-14.991759197849666,0.019237225720193485,0.839133308995089
-48.73921863400979,-17.201614796783687,0.025235105293911285,0.837629847996119
-51.84514372885304,-17.59238194537568,0.013912824978475848,1.001926538969758
-49.79923066927083,-15.24553326561343,0.02024101313914653,1.0289549252194017
-49.900291138734275,-16.55931936863823,0.015821871863094188,0.9054636153359613
-48.9121443262028,-16.11016172657847,0.020479371520143407,1.0303266688152268
-49.749823328644254,-17.51377935801522,0.012937274181188474,0.7305946630234518
-46.585507740333234,-13.287205946232874,0.032615247801114564,0.6928426201898542
-52.020315209256346,-18.221202644259346,0.013787496405261534,1.0487460041898211
-49.70490756443827,-18.389636760031756,0.01114845633594222,0.8740051323588376
-50.574027601823914,-17.358819971504605,0.02810572062327434,0.6340066404781729
-51.95743313936798,-16.251646383827293,0.013922766268789756,0.6842516410343701
-47.45687356592917,-16.359444217921638,0.030668342883354936,0.8047943195312327
-49.24676676953732,-13.228815452765105,0.020534869848509822,0.64960372449705
-48.79985491568786,-13.72513464724114,0.01765171850144901,1.212616401128408
-47.06161484091658,-13.49831003800096,0.03641488855901938,1.1828020919385562
-50.49542501446346,-13.107542889408968,0.012463583262285092,0.5196052305269647
-48.3484514854178,-17.318395783719225,0.022715766792822747,0.8236225176883938
-52.35493765259086,-18.481714076654008,0.015601597508193784,0.8852533844007535
-47.769038127160705,-16.69182087304586,0.016778370075137206,1.0451562464214617
-48.86498277378652,-17.87310547166303,0.019347643150801258,0.8846243679258511
-49.219817311013735,-17.224072678886674,0.022345949330788983,0.8573133303921101
-48.696548658014116,-13.996875020687295,0.01653523711376512,1.0069320144836513
-51.375773992900584,-17.884334412714523,0.02612357400605737,0.8563562744956764
-50.18999781786282,-15.739606671879166,0.013377793351609038,0.7784118152109746
-50.75144487043752,-16.458258899174783,0.016145761600538114,1.0402872011588946
-48.13510160543941,-17.5542035458006,0.015627713628615186,0.865632481779793
-50.044021584193395,-17.394752582869383,0.015747988173793748,0.7031438913883395
-52.95905468116124,-18.108913233744406,0.020961672726733806,0.45592357870746875
-50.25737146417178,-17.711408720521515,0.012784515991821704,0.6896911684757181
-46.890934936933874,-15.741852460089465,0.026760785293655893,0.8383983668988712
-51.04339733777636,-18.894939107348986,0.02560903340714533,0.8488729698599696
-50.43254294457509,-13.790262505339806,0.007722521619961555,0.7313861250829449
-50.68407122412855,-17.093816962689345,0.0206535382736548,0.8323292077404268
-46.57877037570234,-14.34497219328361,0.0385241137524169,0.6103388617253275
-48.19349209890718,-13.653269424511578,0.013453387322597972,1.2481963186043596
-47.79374179747399,-15.739606671879166,0.017987543585410846,0.9395610734460326
-52.330233982277576,-18.465993559181914,0.013712029478325236,0.9645669873151141
-48.802100703898155,-14.937860280802493,0.029552204355417923,1.0606071073010366
-47.99137115998029,-17.695688203049425,0.01541527498690115,1.0123504209928875
-52.8422736942257,-17.772045002199583,0.0175490616942111,0.9521369521560817
-51.018693667463076,-15.090573879102813,0.014331373722067022,0.6242669859206932
-47.5916208585471,-17.08483380984815,0.015654651162131914,0.8998919135963269
-49.556685542558554,-14.001366597107893,0.008109941744468925,0.6439511045090166
-49.803722245691425,-16.13261960868146,0.01244450147853583,0.8028916522264552
-46.78762867926013,-13.222078088134207,0.031556310774098144,0.7494582381293734
-49.58138921287184,-16.74796557830333,0.014508106713689541,0.7486140345289097
-50.86598006916276,-15.236550112772235,0.016334516064705436,0.8611387486626688
-48.63815816454635,-16.384147888234924,0.024018420538268446,0.9025560015522983
-47.373779402148116,-18.00336118786036,0.014459680875938487,0.7095743961698929
-50.50665395551495,-15.986643375012035,0.013454626830799529,0.7558417055698324
-50.80534378748469,-19.220578397842313,0.025944315527179206,0.5260337967800954
-50.0417757959831,-15.344347946866577,0.020103470878371006,0.7926517916510463
-50.17652308860102,-16.328003182977454,0.01152568705857415,0.8104543083909409
-50.118132595133254,-15.629563049574525,0.01380854698302876,0.9899489491430608
-47.13348006364615,-15.50829048621839,0.027051374936995713,0.9082522121009943
-50.9692863268365,-16.78389818966811,0.01839534055914609,0.8637337925075889
-46.87746020767208,-13.080593430885383,0.029060003627581772,1.4655046221238186
-51.87209318737662,-16.336986335818647,0.013650512044764793,0.6277878487389451
-49.177147335018056,-16.78614397787841,0.024208732486381994,0.9125455391309522
-48.9121443262028,-14.98277604500847,0.028509367825768628,1.2483378354008416
-47.4097120135129,-13.799245658181,0.03858802915534996,0.9591308110570208
-49.71164492906917,-18.369424666139064,0.011168736435504633,0.8042395854030692
-50.38987296857941,-13.540980013996638,0.007485356298465949,0.8526087185328336
-49.73185702296186,-16.056262809531297,0.012757933069361125,0.7689558434173533
-51.7328543183381,-17.262251078461755,0.02688703809564378,0.9548423500970346
-48.546080847924095,-14.883961363755322,0.03207203652120662,1.4550355319956234
-47.402974648882,-16.58177725074122,0.027974896191400346,0.9102302304435922
-50.44826346204718,-13.323138557597654,0.011095238054194918,0.6081194673401588
-49.20185100533134,-14.145097042567016,0.016830322065270985,0.9713266674295533
-49.33435250973897,-14.407854263171975,0.016693363349217002,1.2781406061054474
-51.586878084668676,-16.193255890359524,0.013792206439952066,0.8070269474817228
-47.063860629126886,-13.190637053190024,0.032551632181434205,0.8428225740897265
-50.942336868312914,-14.335989040442414,0.008738327041054763,0.826136707814701
-50.461738191308974,-18.221202644259346,0.012566889937109296,1.0523869016331142
-52.880452093800784,-18.58502033432775,1.4467042163284842,0.6042243729696448
-48.98176376072206,-17.307166842667733,0.02308542011829204,0.7876555898056741
-52.523371768363276,-18.04378537564574,0.0183081633762003,0.9934387517290667
-49.79923066927083,-18.396374124662653,0.01129046866990399,0.6824018155035608
-48.058744806289255,-14.991759197849666,0.024757770361660776,1.087805916377831
-49.17265575859746,-13.186145476769427,0.020130748832087587,0.6132199189453224
-51.14221201902951,-17.304921054457434,0.026597088708937473,0.6890955315190195
-52.393116052165944,-18.43904410065833,0.01340607109656759,1.0184724687981683
-48.91888169083369,-13.889077186592953,0.01708596349592578,1.2507744425491032
-47.44564462487768,-16.586268827161817,0.029471998087948315,0.8385195424414428
-50.09342892481997,-17.870859683452732,0.01231287439687244,0.6328560492327004
-49.13223157081208,-16.36842737076283,0.0230029800234967,0.9249607581846595
-51.467851309522835,-17.504796205174028,0.02827051986264484,0.6745701318092712
-51.94171262189588,-16.532369910114646,0.02611849248720388,0.9998802824594714
-49.15244366470477,-13.507293190842155,0.018907987311554155,0.7628126911127749
-50.14732784186714,-16.588514615372116,0.01658000311715612,0.900241068606865
-51.02093945567338,-17.637297709581656,0.02726533822992367,0.9209042972147592
-49.44888770846421,-18.290822078778607,0.01903086094758527,0.852769251478918
-49.64427128276021,-15.37803477002106,0.021415044193321558,0.845830324719114
-50.0395300077728,-14.627941507781259,0.018471129172817253,0.8551415855622991
-51.586878084668676,-18.692818168422093,0.01866279426669055,0.7360281802180845
-51.034414184935166,-19.07909374059349,0.025455627697372356,0.703367915105202
-46.23516477952663,-13.004236631735223,0.01755126288314872,1.3104460979455403
-47.452381989508574,-16.289824783402373,0.03031590152367427,0.8065703169286977
-46.293555272994396,-14.329251675811518,0.019476462404597737,1.2772294207079282
-50.933353715471725,-14.248403300240762,0.008080354511740998,0.765969815975247
-49.91376586799606,-15.984397586801736,0.012775767627067443,0.8141837891339412
-49.4735913787775,-15.887828693758888,0.020520015941545906,0.8264412227701046
-50.89292952768634,-15.672233025570202,0.015583555340971542,0.4579433998773954
-49.73634859938246,-14.095689701940442,0.00812265104996964,0.7132342952810128
-52.76142531865495,-17.035426469221576,0.02091036054222312,0.7303721325432356
-51.479080250574334,-16.97479018754351,0.02801440960660852,0.9877971032943494
-48.00260010103178,-14.039544996682972,0.015919173048247408,0.796667909005521
-50.717758047283034,-18.072980622379625,0.0236077035276088,1.08904452378689
-50.12262417155385,-18.313279960881594,0.011900023727841104,0.7220362711450478
-47.83192019704907,-17.81920655461586,0.015233154747663513,0.9299671442702143
-47.28619366194646,-15.13324385509849,0.03465037871996866,1.2460112758364745
-50.942336868312914,-14.37865901643809,0.009398732038715132,0.7674387971880915
-47.88581911409624,-17.9292501769205,0.015486532057238388,0.8818012762554529
-49.931732173678455,-16.70978717872825,0.015460113262370507,0.711797179721731
-49.707153352648575,-14.207979112455382,0.008259568727197792,0.6092813723763136
-50.82331009316708,-16.119144879419665,0.015871351146102167,0.7164757882075429
-52.46048969847491,-17.538483028328507,0.012588421730939789,0.9679169597845725
-47.95768433682581,-14.746968282927096,0.024360349362738128,0.9906383565069584
-52.19548668965965,-18.236923161731436,0.013453090526705177,0.8739297370974115
-50.95132002115411,-14.726756189034406,0.014499124928071155,0.559463309673811
-52.013577844625445,-16.444784169912992,0.013675561501608305,1.2114867430107588
-52.08993464377561,-18.81184494356793,0.023833695464941105,0.6126663453415608
-51.60933596677166,-15.586893073578848,0.0159969215858328,0.7206926357814732
-53.19037086682202,-17.62382298031986,0.0194334206236016,0.8035741294744572
-47.672469234117855,-15.885582905548588,0.01797838324643238,0.9827233586269272
-51.362299263638796,-17.03093489280098,0.02562143464927828,1.161666373033386
-46.051010146282124,-14.261878029502554,0.019541967267476906,1.1508760125954987
-49.4780829551981,-16.644659320629586,0.024764456581666573,0.9639168558163408
-50.80085221106409,-13.839669845966379,0.009758392481670116,0.6837671711634034
-50.88843795126574,-16.29880793624357,0.015969807586571304,0.9662576011060482
-52.43803181637192,-16.961315458281717,0.022740823124996833,0.8339873956574287
-49.02892531313834,-14.524635250107513,0.02720825782502945,1.0760667937668031
-48.79985491568786,-14.010349749949087,0.016534345978446472,1.2625620983312034
-49.2826993809021,-16.388639464655522,0.023641217203174837,1.1167904739802028
-47.62979925812218,-16.451521534543886,0.016833602833451335,0.7672633781179697
-49.579143424661545,-17.40373573571058,0.014860932862305281,0.9607665699486603
-48.77964282179517,-17.170173761839504,0.024792767322216903,0.8749618231950014
-52.849011058856604,-17.437422558865062,0.018457459544820386,0.7913124859014324
-51.44763921563015,-18.43904410065833,0.02248532889747956,0.724390015411348
-50.17652308860102,-18.034802222804544,0.012245716428415102,1.0335977198575808
-51.52399601478031,-15.178159619304466,0.014632829758208912,0.598220479555215
-48.43603722561945,-17.66649295631554,0.01619852965045236,1.1495946766245588
-49.46236243772601,-18.187515821104864,0.019397347452303888,0.9413749442921288
-50.46398397951927,-17.87759704808363,0.012862536686082929,1.00272706799119
-49.61956761244692,-15.849650294183808,0.013543106217253948,0.9585898896811943
-49.02218794850744,-17.70916293231122,0.020193056069851893,0.8243172324092258
-50.14508205365684,-13.170424959297335,0.011474394899241902,0.7534311441051272
-50.086691560189074,-17.34759103045311,0.01580135047344942,0.7020111401114426
-51.02992260851457,-17.787765519671677,0.026078118389402865,0.7732291849627555
-47.75107182147832,-15.324135852973887,0.024373567660443216,1.064922684366548
-50.7873774818023,-15.43417947527853,0.01811814707367228,0.7775187081267405
-48.14183897007031,-18.290822078778607,0.016613346989573983,0.8733303347659381
-52.404344993217435,-17.19712322036309,0.022691205325017182,0.8139653748016878
-48.51688560119021,-13.942976103640124,0.015318453099583452,1.2235622111118107
-49.83740906884591,-13.664498365563071,0.0076453787897683605,0.6498543784878263
-49.68694125875589,-14.955826586484884,0.019405111256471864,1.1417530258039108
-49.36130196826256,-17.646280862422852,0.02122696081722062,1.0843291337205343
-48.46298668414304,-14.407854263171975,0.016217187042672918,1.156512799741239
-49.12549420618119,-17.51153356980492,0.02110629453316307,0.8737283898671305
-48.41582513172676,-18.05950589311783,0.016581648360998257,0.8296193475606223
-50.553815507931226,-13.91378085690624,0.010392745431382343,0.6893381679355982
-52.222436148183235,-16.375164735393728,0.014082637376944169,1.368206613925791
-47.908276996199234,-17.5542035458006,0.015286967105313496,0.8839613089783636
-49.70939914085887,-17.037672257431876,0.014550961292636583,1.157026410292161
-47.919505937250726,-17.662001379894942,0.015287276203144807,1.001715439391411
-48.631420799915446,-13.064872913413291,0.01758486060312013,1.0052636721187946
-50.825555881377376,-14.976038680377574,0.015846477820446927,0.695062613191508
-50.4055934860515,-14.300056429077634,0.00828974883224032,0.60830650832722
-46.255376873419316,-14.731247765455004,0.025801356843432235,0.8395725833330531
-50.102412077661164,-15.238795900982533,0.019554257816424243,1.2150080194505077
-49.188376276069555,-15.24328747740313,0.026252018027372346,1.1535763628849738
-48.80659228031875,-15.041166538476238,0.02955272289234393,1.0059366115474255
-47.9644217014567,-17.27572580772355,0.019129861704995487,0.8967966782340852
-50.30902459300865,-13.916026645116538,0.007835463045697339,0.6396242933797787
-49.17265575859746,-15.84740450597351,0.018824644034965702,1.0810845393107051
-47.80946231494609,-14.04403657310357,0.017288883067626375,1.0831374575245374
-49.87109589200039,-15.425196322437333,0.020892335136424196,0.885241648296175
-48.48993614266662,-17.49805884054313,0.01784055256988787,1.0925954820969868
-51.14894938366041,-15.966431281119347,0.0156755586164204,0.6388821113858106
-47.5961124349677,-18.124633751216496,0.015804697077979542,0.8421962640120254
-48.55057242434469,-13.862127728069368,0.01720168632070557,1.2453378288536225
-48.02954955955537,-17.83941864850855,0.015593942011907835,0.9074949013750144
-48.55506400076529,-17.61034825105807,0.02038603242907882,0.7474978378330155
-47.9801422189288,-15.501553121587493,0.021397321468489643,1.0444306175607658
-48.186754734276285,-15.290449029819406,0.027668743796352754,0.7161840191802997
-50.67284228307706,-18.00560697607066,0.024153827957230263,0.814630055762526
-49.653254435601404,-13.482589520528869,0.011019413277076815,0.5293917493452734
-49.080578441975206,-14.003612385318192,0.016946608126464292,0.7877121143547025
-47.11775954617406,-14.69980673051082,0.03991540773044549,0.5351502983726146
-47.62755346991188,-13.864373516279665,0.017956283670230916,0.909437416707838
-48.988501125352954,-17.264496866672054,0.022981002947144658,0.7706688038867155
-50.61894336602989,-18.09768429269291,0.0234576452594408,0.984803931456017
-49.05812055987222,-17.675476109156737,0.020394504357898056,0.8649785962671667
-51.89679685768991,-18.124633751216496,0.013958408091693714,0.7508946679332246
-51.362299263638796,-17.927004388710202,0.025763704417783563,0.7701790163357347
-50.477458708781064,-15.369051617179863,0.019334824740393414,0.8558729590831495
-48.78188861000547,-14.282090123395243,0.015848188272906457,0.980016109592628
-52.79286635359913,-16.929874423337534,0.022130102087654792,0.8158516522220963
-51.64976015455704,-18.650148192426418,0.019231053803685044,0.6612915183100447
-52.42006551068953,-16.606480921054505,0.023710985378735096,0.9210434826890629
-50.082199983768476,-14.603237837467972,0.01842529174307405,0.9487707860656833
-48.97053481967057,-13.540980013996638,0.018461450158903856,0.6017647358579419
-51.211831453548776,-18.13810848047829,0.023738477498862993,0.773387539562718
-49.34108987436987,-16.280841630561177,0.022909255791201694,0.9827329876432961
-51.436410274578655,-17.675476109156737,0.027874085792610265,0.7824485620328473
-50.416822427103,-14.933368704381897,0.01831470542630569,0.8707075338655333
-48.9076527497822,-14.347217981493909,0.01599719666565985,0.7528174746432331
-48.78862597463636,-14.607729413888569,0.030101118890544617,0.9986574151418889
-52.6603648491915,-16.74796557830333,0.026471368549013892,1.0067988586138148
-48.82006700958055,-15.454391569171218,0.030705264116184895,1.1266086257587997
-49.788001728219335,-13.0469066077309,0.00919821079195213,0.6271680191278893
-51.308400346591625,-15.20735486603835,0.013040622816723982,0.49086009431103483
-50.627926518871085,-13.713905706189646,0.010399412313818907,0.5810618817307012
-52.35269186438057,-18.486205653074602,0.01652450685294607,0.8831399751859639
-47.560179823602915,-17.23530161993817,0.015828992358724783,0.977899032760853
-50.91987898620993,-14.771671953240382,0.01476420589888698,0.573721275487029
-48.41807091993706,-17.68221347378763,0.0161737875016307,1.0539810079686311
-49.52749029582467,-15.638546202415721,0.014626628046431344,0.8155785279959087
-48.5370976950829,-16.514403604432253,0.02858748505599226,0.8324067028440797
-46.94034227756045,-14.670611483776936,0.04023212295832975,0.4182786691827784
-46.93585070113985,-13.68695624766606,0.03609859035296894,1.4691543626775967
-50.419068215313295,-13.244535970237196,0.01113134419538243,0.5448407694661005
-51.366790840059394,-17.44640571170626,0.033292571777021045,0.7490797531276635
-50.20571833533491,-15.328627429394485,0.019773690992359993,0.98666212343403
-47.34907573183483,-14.574042590734088,0.04260418177918173,1.2489266970495114
-51.409460816055066,-17.033180681011277,0.02667023220778268,1.2633220588525058
-51.50378392088762,-16.449275746333587,0.01200896481509707,1.1222689009499958
-48.7212523283274,-16.89618760018305,0.02623738276659323,0.8912804423910542
-49.44664192025392,-16.723261907990043,0.02560270843530949,0.9119485343192468
-50.76491959969931,-13.805983022811896,0.009889372745633136,0.4904705296383723
-47.9756506425082,-14.933368704381897,0.024156980216558776,1.4075019698268862
-49.35681039184196,-15.104048608364605,0.024847477610269748,0.7680355159451465
-49.70041598801768,-16.660379838101676,0.014973721845363431,0.8403057930831098
-50.600977060347496,-17.83941864850855,0.025519099222466698,0.8140866379221561
-46.85275653735879,-14.194504383193589,0.03821615966813397,0.4804014142232478
-46.762925008946844,-13.305172251915263,0.032985879257614606,0.6220609935937313
-46.360928919303355,-13.403986933168412,0.02699398157255357,1.0806737415223449
-49.235537828485825,-13.832932481335483,0.01770808596046852,0.6992513851021264
-48.016074830293576,-14.821079293866957,0.024441026377546717,1.061568306695705
-47.25475262700228,-15.780030859664546,0.027302473631371425,0.7545435258325517
-49.89579956231368,-15.777785071454247,0.013466791180422441,1.1880959210138309
-51.65649751918794,-18.951083812606456,0.019760638599349352,1.1213973266888668
-51.420689757106565,-15.135489643308789,0.012036201344256741,0.6338535625809473
-52.25163139491712,-17.787765519671677,0.01300572262028044,1.189817173957526
-47.834165985259375,-15.063624420579227,0.023649284572654635,1.0667102014149756
-48.352943061838396,-17.1769111264704,0.02230280183936802,0.7857081853915533
-50.86373428095246,-18.187515821104864,0.022744021410414796,1.1323416477649235
-48.492181930876924,-14.580779955364983,0.03116395052717036,1.2300569996179613
-51.22979775923116,-17.01521437532889,0.023070861011513843,1.0086412894374213
-50.36292351005583,-14.585271531785581,0.01806511753273517,0.5688465968000397
-47.4097120135129,-15.995626527853231,0.028836661575054216,0.9192303083584455
-49.289436745532996,-15.737360883668869,0.019029146905606715,1.007472531475254
-47.459119354139474,-14.495440003373629,0.041988774058716434,0.8038375346059422
-49.23329204027553,-15.928252881544266,0.019538604486448678,0.9183604644438322
-50.0395300077728,-14.553830496841398,0.018539901934609658,0.8212722149581057
-51.88107634021782,-18.883710166297494,0.02158882635824082,0.7490733067084964
-50.95132002115411,-17.841664436718847,0.0255543723022787,0.8056404042602731
-47.45687356592917,-16.170798008256536,0.02981023849107892,0.7750305452203703
-50.49093343804286,-18.540104570121777,0.02137586183315862,0.9392815731716442
-50.0372842195625,-15.986643375012035,0.012655082196477286,0.9987925319330281
-48.406841978885566,-14.311285370129127,0.015548673313248797,1.2262838758971315
-52.19773247786995,-18.47273092381281,0.014377351914773047,0.9256548247410789
-53.053377785993796,-18.236923161731436,0.022561614513655685,0.6637191140702848
-50.026055278511,-18.36493308971847,0.011695559364102909,0.8593493581421788
-47.234540533109595,-14.185521230352395,0.03933006961346575,0.7781487179943293
-50.439280309205984,-14.841291387759645,0.01812983017815304,0.8780494387715608
-52.485193368788195,-16.397622617496715,0.01668664431065227,0.803749144271929
-48.22044155743077,-15.964185492909047,0.01643652557015749,0.9529705796533784
-48.15082212291151,-16.193255890359524,0.016037512167925358,1.0831467758656403
-47.378270978568715,-16.887204447341855,0.027271539142780736,0.8682864448098021
-47.50403511834545,-16.795127130719603,0.018160634532670358,0.8627151452198949
-47.63653662275308,-14.416837416013172,0.020560253069983183,1.1002608805996181
-49.60833867139543,-17.882088624504224,0.01168412473542386,0.7801777699683644
-46.78762867926013,-14.295564852657035,0.03856729284359445,0.5411087520530183
-46.82356129062491,-13.850898787017872,0.03657637220315043,0.6605649869182272
-48.59099661213007,-14.02607026742118,0.016477898258863293,1.1476166300955604
-51.1691614775531,-16.680591931994364,0.022826789879576193,1.184581038340376
-52.97477519863333,-17.583398792534485,0.01722601105135415,0.8776279229933528
-51.61607333140256,-15.584647285368549,0.01600297345167127,0.7138873346254818
-50.69979174160065,-15.970922857539943,0.01583653525897386,0.6827171723837037
-51.541962320462694,-18.05726010490753,0.014725828025691282,0.7394461957182199
-50.00808897282862,-13.713905706189646,0.007646125242872345,0.7701669990735552
-49.633042341708716,-15.151210160780881,0.02036375656126178,0.9330452646941948
-47.564671400023514,-14.387642169279287,0.020893394129699153,0.9786128036983538
-46.54508355254786,-13.978908715004904,0.03682675669367186,0.7105010823700648
-49.69367862338678,-16.779406613247513,0.014694991274417793,0.9170626213255559
-51.06810100808965,-16.997248069646496,0.020411381350090574,0.8690771818093004
-52.12137567871979,-18.627690310323427,0.02412560401689942,0.6759834872728389
-48.95930587861908,-15.995626527853231,0.019527663657798146,1.2025051882085067
-50.798606422853794,-15.575664132527354,0.015578609582657872,0.7519129682888214
-50.4145766388927,-17.637297709581656,0.013135196597910268,0.6613737766491564
-48.01382904208328,-17.527254087277015,0.015359855539706665,0.9154644796032575
-51.15344096008101,-15.348839523287175,0.014932808232352521,0.6346059993163059
-49.92499480904756,-15.687953543042294,0.013746479171521414,1.3389307367133645
-47.39174570783051,-14.609975202098868,0.04227113015668586,1.5224674221605905
-48.65612447022873,-15.43193368706823,0.03224137659480588,0.7898107598602362
-48.00709167745238,-15.613842532102433,0.017761164051839813,0.8106418727379765
-49.197359428910744,-14.091198125519846,0.016937662749950504,0.7490866331318501
-52.37964132290415,-16.608726709264804,0.023906414842611322,0.8648531947831941
-46.08020539301601,-14.246157512030463,0.01962270849402836,1.213075248719984
-48.186754734276285,-17.82369813103646,0.01585643010849948,0.8838342759426742
-48.99973006640445,-18.25264367920353,0.017962169128649935,1.1774765223381034
-49.92050323262696,-16.626693014947193,0.015664287796880078,0.808153519433973
-50.53360341403854,-17.62382298031986,0.026928679977179563,0.8396717069133571
-50.4100850624721,-15.73511509545857,0.013310722000711872,0.8196870621907898
-50.53584920224883,-18.47722250023341,0.021386361020561163,1.0363630400141732
-50.19224360607311,-14.524635250107513,0.01732945271033212,0.5655270200032508
-48.70328602264501,-16.63343037957809,0.028378861717976496,0.9272733428831482
-51.265730370595946,-16.2449090191964,0.015848334084242067,0.8276429356819186
-46.464235176977105,-13.700430976927853,0.02476741516197514,0.994416654618098
-52.08993464377561,-17.102800115530542,0.024578977880230345,1.1205068474497741
-50.96030317399531,-16.247154807406698,0.015908613147160758,0.8441507959966438
-48.38213830857228,-16.853517624187372,0.02204515776211016,0.805799751431845
-52.0989177966168,-16.25389217203759,0.014114393021335483,0.6781521147585282
-49.514015566562875,-15.259007994875223,0.02172608565313406,1.2218940927311832
-50.044021584193395,-18.32001732551249,0.011755882182522147,0.695849732358544
-49.909274291575464,-14.165309136459705,0.008141980574781705,1.0914973731406727
-51.285942464488635,-18.36493308971847,0.02231121043200868,0.8877596061095935
-46.163299556797064,-14.273106970554048,0.020151563243186125,0.9610478767895759
-49.96092742041234,-15.607105167471538,0.01399898928478496,0.8274314314371352
-48.93235642009549,-17.565432486852096,0.020702598686482502,0.936230003274838
-48.454003531301844,-15.73286930724827,0.01663578594680271,0.9731413480435992
-51.41619818068597,-17.846156013139446,0.02653764057026748,0.8550291788236447
-47.58039191749561,-15.76880191861305,0.018581145779345536,0.8165866257249131
-49.89804535052397,-13.563437896099625,0.007532808735679581,0.5556855125883277
-49.150197876494474,-17.282463172354444,0.022313290089164918,0.8910650580746499
-49.82393433958411,-15.894566058389785,0.01315507503350708,0.8684254918473951
-48.21145840458957,-16.75021136651363,0.02042126951734575,0.9681937182079645
-51.66772646023943,-16.82207658924319,0.02752141521942523,0.9710051224814991
-52.37065817006295,-16.79063555429901,0.02344164011385697,0.9580095228708205
-48.64938710559784,-17.199369008573388,0.026267364223425713,0.8806793965753021
-50.026055278511,-13.080593430885383,0.011696279677580862,0.7483545099673209
-50.19224360607311,-15.364560040759267,0.01994595116122237,1.00559537934939
-51.67221803666003,-16.098932785526976,0.01409426472269292,0.6527219692383026
-50.24165094669969,-15.205109077828052,0.019244933304048466,0.9604840791346353
-48.85824540915563,-13.152458653614945,0.019109372082665367,0.6666172447762267
-51.97989102147096,-16.01583862174592,0.014562167610075758,0.845746299020579
-51.49255497983612,-15.101802820154306,0.011720378017758656,0.6246481160687095
-48.30128993300152,-15.479095239484506,0.028334678889072755,1.159278159602865
-50.713266470862436,-15.773293495033649,0.015719390306562993,0.7882170243729846
-51.928237892634094,-17.19487743215279,0.02557222388631972,0.8964979364425596
-50.821064304956785,-16.267366901299386,0.015973353331909107,0.7730499268253751
-49.14121472365328,-14.124884948674326,0.016756105403252456,0.824549681910471
-48.77290545716427,-17.30941263087803,0.024982179698227497,0.8248558121464745
-49.572406060030644,-16.738982425462133,0.014506439974714114,0.8200452149036264
-46.4664809651874,-13.085085007305981,0.02133044600245564,0.7924215463015961
-46.33397946077977,-13.617336813146798,0.02560251714733719,0.8470901466124691
-50.926616350840824,-15.80922610639843,0.01564353605286362,0.6025099308038232
-50.92437056263053,-14.913156610489207,0.014723373478092565,0.5494481359371558
-50.46847555593987,-17.38801521823849,0.01708795608212389,0.5437882595647751
-50.493179226253154,-16.307791089084763,0.012096800151167778,1.0308528275582136
-47.566917188233816,-13.6105994485159,0.017749619702653558,1.2660055285752447
-52.244894030286225,-17.78327394325108,0.013019387584879838,1.1425192286753998
-46.839281808097,-14.724510400824107,0.03949505941485754,0.4172744027547741
-47.27945629731557,-13.266993852340184,0.03650057566631159,1.4611697355810624
-48.9166359026234,-16.965807034702312,0.02379867816504103,0.7669388382500211
-50.88170058663485,-15.373543193600462,0.016972808556521616,0.6227237584166051
-48.95032272577788,-18.165057939001876,0.018256789432900628,1.1047373610662112
-49.835163280635605,-18.58951191074835,0.01789494804199831,0.7286507076398702
-50.10690365408176,-17.790011307881976,0.012444951052018705,0.8104864109550607
-46.30927579046649,-14.45501581558825,0.018394596168193743,1.2451211683589156
-46.174528497848556,-13.597124719254108,0.016274494301078225,1.244924531068307
-47.65899450485607,-13.87560245733116,0.017749639752951595,0.8189804618961397
-51.45437658026104,-16.25613796024789,0.015858938442594558,1.1111401070333138
-51.69467591876302,-16.2381716545655,0.013687106850288492,0.7171078476519203
-52.43354023995132,-17.34534524224281,0.022507982042931775,0.8316286229110214
-47.057123264495985,-13.657761000932176,0.03635267211967285,1.3035766475883812
-50.416822427103,-18.13586269226799,0.012568298773294361,0.9295813977251917
-51.054626278827854,-19.216086821421715,0.025384931442073443,0.6540419330268823
-47.80047916210489,-17.131995362264426,0.01729019310943059,0.894634609957333
-48.3484514854178,-14.45501581558825,0.016938999286681192,1.1471797694361119
-50.79636063464349,-14.892944516596518,0.01607682534472445,0.6799952724843451
-51.654251730977634,-15.76880191861305,0.015267046006895215,0.4761094298015402
-51.618319119612856,-17.089325386268747,0.027658649793553085,0.9957755999705483
-47.38725413140991,-14.544847344000203,0.04322267732512142,1.3054276190465222
-51.04339733777636,-19.330622020146954,0.024322089278904495,0.8604521960109487
-47.250261050581685,-14.767180376819784,0.03931274069822859,0.5043345043181267
-46.61470298706712,-14.904173457648012,0.03754604408135882,1.524272621106668
-51.41844396889626,-17.03093489280098,0.026876615489019658,1.2927495056657257
-47.694927116220846,-17.769799213989284,0.014958274106895672,0.9855418161323729
-48.67633656412142,-13.080593430885383,0.018711404595240382,1.0052930515513356
-49.370285121103755,-17.02868910459068,0.023333182246022023,1.0987083310305221
-52.98600413968483,-17.493567264122532,0.016751448712381784,0.8144975206879904
-46.77639973820864,-13.208603358872415,0.031295069082174824,0.7791358063257062
-50.84801376348037,-15.454391569171218,0.01776302032981136,0.7282320881601478
-51.479080250574334,-18.64116503958522,0.024439613430336782,0.7860809560744428
-48.936847996516086,-14.88845294017592,0.028331345665952308,1.328985532791885
-51.28818825269893,-16.628938803157492,0.02595469947397282,0.8169244999637434
-52.13035883156098,-17.942724906182292,0.013322299425935229,0.6666004763664726
-51.59361544929957,-15.310661123712094,0.015465182741537405,0.5722223144207129
-50.36292351005583,-16.880467082710958,0.01683509469186243,0.6937921412047654
-49.67795810591469,-16.983773340384705,0.014480441399655977,1.0862681750852865
-50.531357625828235,-14.971547103956976,0.018991970842526153,0.6543083772446242
-47.90603120798893,-17.581153004324186,0.015274497888461112,0.8958290700207819
-50.86598006916276,-18.333492054774286,0.021607995595911516,0.8458586737881099
-48.15082212291151,-15.530748368321378,0.0178154381927548,1.0863449610443423
-48.41582513172676,-16.35046106508044,0.015400335053423666,1.0275420784975036
-51.40272345142417,-16.640167744208988,0.02847330476321622,0.9676735105693308
-48.37764673215168,-18.27060998488592,0.016900279463606678,0.923987957776014
-51.05687206703816,-17.565432486852096,0.02788712859517591,0.8335228300364044
-49.305157263005086,-17.688950838418528,0.020880583342708443,0.9573162099649456
-51.27246773522684,-18.19649897394606,0.023485741389837934,0.774760811944231
-51.580140720037775,-15.975414433960541,0.014535333844653444,0.6999598067136693
-46.2823263319429,-13.572421048940821,0.025945032015627513,0.9369535145812713
-50.360677721845526,-16.548090427586736,0.017567332382711638,0.9831414119754682
-50.782885905381704,-17.27123423130295,0.02438764243887345,0.9534445398793125
-50.24389673490999,-15.438671051699128,0.020213809615707495,1.0765419943299899
-53.046640421362895,-16.965807034702312,0.016865815517355384,0.7911156544457899
-50.85475112811126,-18.124633751216496,0.023231627154664623,0.8371419785571382
-49.386005638575845,-13.981154503215203,0.017566598753327216,0.7151251606071751
-47.993616948190585,-13.698185188717554,0.014775942646944392,1.1552525973138208
-48.64489552917724,-14.839045599549346,0.0310929582990151,0.8697179985484662
-46.89767230156477,-14.053019725944765,0.03765454687857255,0.6836318698529066
-47.25699841521258,-16.875975506290363,0.027317830850306823,0.8596940408434204
-50.44826346204718,-16.712032966938548,0.017512620157867514,0.8823224668696495
-48.844770679893834,-13.094068160147176,0.01896788376224195,0.6067271270800747
-47.362550461096625,-16.682837720204663,0.02878492676616459,0.7776711470203582
-50.13834468902594,-15.034429173845343,0.01881673741121957,0.8720810100500603
-50.91763319799963,-14.68184042482843,0.015002847647886149,0.5072113629104079
-47.2188200156375,-15.270236935926716,0.03279483769172854,1.1775743348646384
-47.769038127160705,-17.691196626628827,0.015056696013874328,0.8887778926182203
-49.12100262976059,-12.975041385001338,0.019592780161791397,0.6162198724387388
-49.02892531313834,-16.25838374845819,0.021789448859677644,1.0205258875406555
-47.58039191749561,-17.167927973629205,0.01575762461749632,0.9254160669825925
-51.30390877017103,-17.619331403899267,0.02793202440321249,0.8042578686317395
-51.746329047599886,-18.85002334314301,0.020215332708595452,0.8750165970801818
-47.737597092216525,-18.079717987010522,0.015680830217551338,0.8662583443946567
-51.375773992900584,-18.10217586911351,0.02452464022759177,0.8265580547021593
-47.35356730825543,-17.7406039672554,0.01639436979875524,0.9604892822682319
-48.957060090408774,-17.983149093967672,0.01897056092533773,1.0134570885207788
-52.372903958273255,-18.69955553305299,0.027070673022881207,0.6934966508374972
-50.17427730039073,-15.324135852973887,0.019796550459033148,0.9911359462018504
-47.67471502232816,-15.636300414205422,0.018625816295699617,0.9530000324367096
-47.16042952216973,-15.117523337626398,0.034176514757204644,0.6275256631596052
-47.46585671877037,-16.000118104273827,0.028891083931925583,0.8144671781648071
-50.27084619343358,-18.553579299383568,0.019610288155450944,0.8045272838839462
-48.92337326725429,-17.49581305233283,0.02144659233495892,0.9509781649885557
-51.01195630283218,-14.935614492592196,0.013898847316441972,0.5643171466139408
-49.18388469964896,-14.740230918296199,0.026721396190810383,0.9196599984193371
-48.27883205089854,-13.25351912307839,0.012872622781207665,0.7236902603717832
-49.58588078929244,-14.23268278276867,0.008345813298905951,0.6722703521803365
-52.60646593214433,-17.542974604749105,0.015526415348024587,1.0029452820929352
-50.35843193363523,-16.95906967007142,0.016727804476016604,0.836828850155678
-47.92624330188163,-18.407603065714145,0.016717108845922896,0.8325973417878184
-47.795987585684294,-15.755327189351258,0.017939522065290186,1.080450789215812
-50.2191930645967,-13.729626223661738,0.0076420568634513126,0.6181013255155521
-48.86498277378652,-15.308415335501797,0.029589637063240748,1.1583154361406378
-48.159805275752696,-14.960318162905482,0.02562472028390624,1.205505889763077
-46.93360491292955,-14.762688800399188,0.03877133307087109,0.5067153865247631
-47.65225714022517,-16.451521534543886,0.016753925298277593,0.7927108268667276
-51.510521285518514,-15.13324385509849,0.013297682620053429,0.5719867005881726
-52.15057092545367,-18.023573281753052,0.013331747258885238,0.9325447726477023
-51.78450744717497,-16.599743556423608,0.027223318939531015,1.0730822237904396
-47.75556339789892,-16.700804025887056,0.016670774953984977,1.0959310976713312
-50.16529414754953,-18.075226410589924,0.012183100592121548,0.8521240983770596
-50.830047457797974,-14.502177368004526,0.013183180734820724,0.6672191074493484
-49.07384107734431,-15.00074235069086,0.02704341606093803,1.1944737009851705
-49.83291749242531,-16.530124121904347,0.015167856594917905,0.9124358644753584
-49.22206309922403,-18.021327493542753,0.019260160339992217,0.9531479869023937
-49.11875684155029,-17.361065759714904,0.022405378326586695,0.8431041676371508
-49.94296111472995,-13.642040483460084,0.007592364068984762,0.5239169585099207
-49.11201947691939,-15.65651250809811,0.018180767075651964,0.9650312480292396
-47.7735297035813,-16.18202694930803,0.01695048389681534,1.032560640281347
-47.843149138100564,-15.580155708947952,0.018279675304532554,1.0630171431991167
-48.7145149636965,-17.192631643942494,0.025512228722679393,0.8520549307061992
