field,crop,framing,lag_km_center,gamma,n_pairs,sill,nugget,nugget_share,window_km,range_km,block_km,n_side,struct_shared_at_block,n_sub,seed
suit_soybean,soybean,suit,5.0,0.1323089689822905,15962,0.1729177456754282,0.1323089689822905,0.7651555279389219,400.0,155.0,130.1157315927784,6,0.23939066248356983,6000,42
suit_soybean,soybean,suit,15.0,0.14300606678051947,46612,0.1729177456754282,0.1323089689822905,0.7651555279389219,400.0,155.0,130.1157315927784,6,0.23939066248356983,6000,42
suit_soybean,soybean,suit,25.0,0.14842346651165392,76275,0.1729177456754282,0.1323089689822905,0.7651555279389219,400.0,155.0,130.1157315927784,6,0.23939066248356983,6000,42
suit_soybean,soybean,suit,35.0,0.1501339883922512,104750,0.1729177456754282,0.1323089689822905,0.7651555279389219,400.0,155.0,130.1157315927784,6,0.23939066248356983,6000,42
suit_soybean,soybean,suit,45.0,0.15249864612161293,130842,0.1729177456754282,0.1323089689822905,0.7651555279389219,400.0,155.0,130.1157315927784,6,0.23939066248356983,6000,42
suit_soybean,soybean,suit,55.0,0.1543979380258702,156791,0.1729177456754282,0.1323089689822905,0.7651555279389219,400.0,155.0,130.1157315927784,6,0.23939066248356983,6000,42
suit_soybean,soybean,suit,65.0,0.15642769068375473,179936,0.1729177456754282,0.1323089689822905,0.7651555279389219,400.0,155.0,130.1157315927784,6,0.23939066248356983,6000,42
suit_soybean,soybean,suit,75.0,0.15736433989040371,201516,0.1729177456754282,0.1323089689822905,0.7651555279389219,400.0,155.0,130.1157315927784,6,0.23939066248356983,6000,42
suit_soybean,soybean,suit,85.0,0.15776327507769103,222365,0.1729177456754282,0.1323089689822905,0.7651555279389219,400.0,155.0,130.1157315927784,6,0.23939066248356983,6000,42
suit_soybean,soybean,suit,95.0,0.15941294555795293,242040,0.1729177456754282,0.1323089689822905,0.7651555279389219,400.0,155.0,130.1157315927784,6,0.23939066248356983,6000,42
suit_soybean,soybean,suit,105.0,0.1611197033457189,259935,0.1729177456754282,0.1323089689822905,0.7651555279389219,400.0,155.0,130.1157315927784,6,0.23939066248356983,6000,42
suit_soybean,soybean,suit,115.0,0.16171151039874723,276984,0.1729177456754282,0.1323089689822905,0.7651555279389219,400.0,155.0,130.1157315927784,6,0.23939066248356983,6000,42
suit_soybean,soybean,suit,125.0,0.16258675077475554,293745,0.1729177456754282,0.1323089689822905,0.7651555279389219,400.0,155.0,130.1157315927784,6,0.23939066248356983,6000,42
suit_soybean,soybean,suit,135.0,0.1637784335954799,308412,0.1729177456754282,0.1323089689822905,0.7651555279389219,400.0,155.0,130.1157315927784,6,0.23939066248356983,6000,42
suit_soybean,soybean,suit,145.0,0.1640665925887983,323772,0.1729177456754282,0.1323089689822905,0.7651555279389219,400.0,155.0,130.1157315927784,6,0.23939066248356983,6000,42
suit_soybean,soybean,suit,155.0,0.16611196033469025,335219,0.1729177456754282,0.1323089689822905,0.7651555279389219,400.0,155.0,130.1157315927784,6,0.23939066248356983,6000,42
suit_soybean,soybean,suit,165.0,0.16734986337312174,346747,0.1729177456754282,0.1323089689822905,0.7651555279389219,400.0,155.0,130.1157315927784,6,0.23939066248356983,6000,42
suit_soybean,soybean,suit,175.0,0.16719819718204534,357160,0.1729177456754282,0.1323089689822905,0.7651555279389219,400.0,155.0,130.1157315927784,6,0.23939066248356983,6000,42
suit_soybean,soybean,suit,185.0,0.16893402656026713,365848,0.1729177456754282,0.1323089689822905,0.7651555279389219,400.0,155.0,130.1157315927784,6,0.23939066248356983,6000,42
suit_soybean,soybean,suit,195.0,0.1693334814537085,373142,0.1729177456754282,0.1323089689822905,0.7651555279389219,400.0,155.0,130.1157315927784,6,0.23939066248356983,6000,42
suit_soybean,soybean,suit,205.0,0.16967124167299769,379243,0.1729177456754282,0.1323089689822905,0.7651555279389219,400.0,155.0,130.1157315927784,6,0.23939066248356983,6000,42
suit_soybean,soybean,suit,215.0,0.17060798330792715,385705,0.1729177456754282,0.1323089689822905,0.7651555279389219,400.0,155.0,130.1157315927784,6,0.23939066248356983,6000,42
suit_soybean,soybean,suit,225.0,0.17042557926375465,389698,0.1729177456754282,0.1323089689822905,0.7651555279389219,400.0,155.0,130.1157315927784,6,0.23939066248356983,6000,42
suit_soybean,soybean,suit,235.0,0.1706401358463025,393470,0.1729177456754282,0.1323089689822905,0.7651555279389219,400.0,155.0,130.1157315927784,6,0.23939066248356983,6000,42
suit_soybean,soybean,suit,245.0,0.1706995774022562,395565,0.1729177456754282,0.1323089689822905,0.7651555279389219,400.0,155.0,130.1157315927784,6,0.23939066248356983,6000,42
suit_soybean,soybean,suit,255.0,0.17055068930591025,397802,0.1729177456754282,0.1323089689822905,0.7651555279389219,400.0,155.0,130.1157315927784,6,0.23939066248356983,6000,42
suit_soybean,soybean,suit,265.0,0.1710448768284932,399764,0.1729177456754282,0.1323089689822905,0.7651555279389219,400.0,155.0,130.1157315927784,6,0.23939066248356983,6000,42
suit_soybean,soybean,suit,275.0,0.17186024078316373,401680,0.1729177456754282,0.1323089689822905,0.7651555279389219,400.0,155.0,130.1157315927784,6,0.23939066248356983,6000,42
suit_soybean,soybean,suit,285.0,0.17125081735868244,401431,0.1729177456754282,0.1323089689822905,0.7651555279389219,400.0,155.0,130.1157315927784,6,0.23939066248356983,6000,42
suit_soybean,soybean,suit,295.0,0.17206966103372887,399265,0.1729177456754282,0.1323089689822905,0.7651555279389219,400.0,155.0,130.1157315927784,6,0.23939066248356983,6000,42
suit_soybean,soybean,suit,305.0,0.17114596193460055,397468,0.1729177456754282,0.1323089689822905,0.7651555279389219,400.0,155.0,130.1157315927784,6,0.23939066248356983,6000,42
suit_soybean,soybean,suit,315.0,0.17131037798710946,394768,0.1729177456754282,0.1323089689822905,0.7651555279389219,400.0,155.0,130.1157315927784,6,0.23939066248356983,6000,42
suit_soybean,soybean,suit,325.0,0.1716349134157446,390426,0.1729177456754282,0.1323089689822905,0.7651555279389219,400.0,155.0,130.1157315927784,6,0.23939066248356983,6000,42
suit_soybean,soybean,suit,335.0,0.1723029353120518,384275,0.1729177456754282,0.1323089689822905,0.7651555279389219,400.0,155.0,130.1157315927784,6,0.23939066248356983,6000,42
suit_soybean,soybean,suit,345.0,0.1717924983238769,379952,0.1729177456754282,0.1323089689822905,0.7651555279389219,400.0,155.0,130.1157315927784,6,0.23939066248356983,6000,42
suit_soybean,soybean,suit,355.0,0.17244753391778647,373981,0.1729177456754282,0.1323089689822905,0.7651555279389219,400.0,155.0,130.1157315927784,6,0.23939066248356983,6000,42
suit_soybean,soybean,suit,365.0,0.17339969498715477,368866,0.1729177456754282,0.1323089689822905,0.7651555279389219,400.0,155.0,130.1157315927784,6,0.23939066248356983,6000,42
suit_soybean,soybean,suit,375.0,0.17315608060633408,362585,0.1729177456754282,0.1323089689822905,0.7651555279389219,400.0,155.0,130.1157315927784,6,0.23939066248356983,6000,42
suit_soybean,soybean,suit,385.0,0.1739123070503083,355709,0.1729177456754282,0.1323089689822905,0.7651555279389219,400.0,155.0,130.1157315927784,6,0.23939066248356983,6000,42
suit_soybean,soybean,suit,395.0,0.1752033720865874,346294,0.1729177456754282,0.1323089689822905,0.7651555279389219,400.0,155.0,130.1157315927784,6,0.23939066248356983,6000,42
suit_soybean,soybean,suit,10.0,0.14027734438694814,62574,0.19103108095062743,0.14027734438694814,0.7343168645064791,800.0,490.0,130.1157315927784,6,0.5481945859792389,6000,42
suit_soybean,soybean,suit,30.0,0.14941325889940457,181025,0.19103108095062743,0.14027734438694814,0.7343168645064791,800.0,490.0,130.1157315927784,6,0.5481945859792389,6000,42
suit_soybean,soybean,suit,50.0,0.15353396500699953,287633,0.19103108095062743,0.14027734438694814,0.7343168645064791,800.0,490.0,130.1157315927784,6,0.5481945859792389,6000,42
suit_soybean,soybean,suit,70.0,0.15692250995728607,381452,0.19103108095062743,0.14027734438694814,0.7343168645064791,800.0,490.0,130.1157315927784,6,0.5481945859792389,6000,42
suit_soybean,soybean,suit,90.0,0.15862305531916684,464405,0.19103108095062743,0.14027734438694814,0.7343168645064791,800.0,490.0,130.1157315927784,6,0.5481945859792389,6000,42
suit_soybean,soybean,suit,110.0,0.16142500281319166,536919,0.19103108095062743,0.14027734438694814,0.7343168645064791,800.0,490.0,130.1157315927784,6,0.5481945859792389,6000,42
suit_soybean,soybean,suit,130.0,0.16319710535355347,602157,0.19103108095062743,0.14027734438694814,0.7343168645064791,800.0,490.0,130.1157315927784,6,0.5481945859792389,6000,42
suit_soybean,soybean,suit,150.0,0.1651070409870468,658991,0.19103108095062743,0.14027734438694814,0.7343168645064791,800.0,490.0,130.1157315927784,6,0.5481945859792389,6000,42
suit_soybean,soybean,suit,170.0,0.1672729084674242,703907,0.19103108095062743,0.14027734438694814,0.7343168645064791,800.0,490.0,130.1157315927784,6,0.5481945859792389,6000,42
suit_soybean,soybean,suit,190.0,0.16913572536248167,738990,0.19103108095062743,0.14027734438694814,0.7343168645064791,800.0,490.0,130.1157315927784,6,0.5481945859792389,6000,42
suit_soybean,soybean,suit,210.0,0.17014356911525583,764948,0.19103108095062743,0.14027734438694814,0.7343168645064791,800.0,490.0,130.1157315927784,6,0.5481945859792389,6000,42
suit_soybean,soybean,suit,230.0,0.170533374243293,783168,0.19103108095062743,0.14027734438694814,0.7343168645064791,800.0,490.0,130.1157315927784,6,0.5481945859792389,6000,42
suit_soybean,soybean,suit,250.0,0.17062492344954247,793367,0.19103108095062743,0.14027734438694814,0.7343168645064791,800.0,490.0,130.1157315927784,6,0.5481945859792389,6000,42
suit_soybean,soybean,suit,270.0,0.17145353344494058,801444,0.19103108095062743,0.14027734438694814,0.7343168645064791,800.0,490.0,130.1157315927784,6,0.5481945859792389,6000,42
suit_soybean,soybean,suit,290.0,0.17165913165014565,800696,0.19103108095062743,0.14027734438694814,0.7343168645064791,800.0,490.0,130.1157315927784,6,0.5481945859792389,6000,42
suit_soybean,soybean,suit,310.0,0.1712278897897054,792236,0.19103108095062743,0.14027734438694814,0.7343168645064791,800.0,490.0,130.1157315927784,6,0.5481945859792389,6000,42
suit_soybean,soybean,suit,330.0,0.1719662723712687,774701,0.19103108095062743,0.14027734438694814,0.7343168645064791,800.0,490.0,130.1157315927784,6,0.5481945859792389,6000,42
suit_soybean,soybean,suit,350.0,0.17211742224476367,753933,0.19103108095062743,0.14027734438694814,0.7343168645064791,800.0,490.0,130.1157315927784,6,0.5481945859792389,6000,42
suit_soybean,soybean,suit,370.0,0.17327893376012812,731451,0.19103108095062743,0.14027734438694814,0.7343168645064791,800.0,490.0,130.1157315927784,6,0.5481945859792389,6000,42
suit_soybean,soybean,suit,390.0,0.17454918192929492,702003,0.19103108095062743,0.14027734438694814,0.7343168645064791,800.0,490.0,130.1157315927784,6,0.5481945859792389,6000,42
suit_soybean,soybean,suit,410.0,0.17627715829714666,665424,0.19103108095062743,0.14027734438694814,0.7343168645064791,800.0,490.0,130.1157315927784,6,0.5481945859792389,6000,42
suit_soybean,soybean,suit,430.0,0.1776321529559456,624067,0.19103108095062743,0.14027734438694814,0.7343168645064791,800.0,490.0,130.1157315927784,6,0.5481945859792389,6000,42
suit_soybean,soybean,suit,450.0,0.1784785082016062,577001,0.19103108095062743,0.14027734438694814,0.7343168645064791,800.0,490.0,130.1157315927784,6,0.5481945859792389,6000,42
suit_soybean,soybean,suit,470.0,0.18013830830900207,527322,0.19103108095062743,0.14027734438694814,0.7343168645064791,800.0,490.0,130.1157315927784,6,0.5481945859792389,6000,42
suit_soybean,soybean,suit,490.0,0.18308271062825976,478860,0.19103108095062743,0.14027734438694814,0.7343168645064791,800.0,490.0,130.1157315927784,6,0.5481945859792389,6000,42
suit_soybean,soybean,suit,510.0,0.18536314066942938,431364,0.19103108095062743,0.14027734438694814,0.7343168645064791,800.0,490.0,130.1157315927784,6,0.5481945859792389,6000,42
suit_soybean,soybean,suit,530.0,0.18737342821653993,383333,0.19103108095062743,0.14027734438694814,0.7343168645064791,800.0,490.0,130.1157315927784,6,0.5481945859792389,6000,42
suit_soybean,soybean,suit,550.0,0.18958245528297105,334318,0.19103108095062743,0.14027734438694814,0.7343168645064791,800.0,490.0,130.1157315927784,6,0.5481945859792389,6000,42
suit_soybean,soybean,suit,570.0,0.19031286953289334,290917,0.19103108095062743,0.14027734438694814,0.7343168645064791,800.0,490.0,130.1157315927784,6,0.5481945859792389,6000,42
suit_soybean,soybean,suit,590.0,0.19103108095062743,248683,0.19103108095062743,0.14027734438694814,0.7343168645064791,800.0,490.0,130.1157315927784,6,0.5481945859792389,6000,42
suit_soybean,soybean,suit,610.0,0.1907860365271105,211715,0.19103108095062743,0.14027734438694814,0.7343168645064791,800.0,490.0,130.1157315927784,6,0.5481945859792389,6000,42
suit_soybean,soybean,suit,630.0,0.19074587454141387,179924,0.19103108095062743,0.14027734438694814,0.7343168645064791,800.0,490.0,130.1157315927784,6,0.5481945859792389,6000,42
suit_soybean,soybean,suit,650.0,0.19046351251125343,153229,0.19103108095062743,0.14027734438694814,0.7343168645064791,800.0,490.0,130.1157315927784,6,0.5481945859792389,6000,42
suit_soybean,soybean,suit,670.0,0.18974036150568174,129102,0.19103108095062743,0.14027734438694814,0.7343168645064791,800.0,490.0,130.1157315927784,6,0.5481945859792389,6000,42
suit_soybean,soybean,suit,690.0,0.18848885047689418,106676,0.19103108095062743,0.14027734438694814,0.7343168645064791,800.0,490.0,130.1157315927784,6,0.5481945859792389,6000,42
suit_soybean,soybean,suit,710.0,0.18950887651568216,86491,0.19103108095062743,0.14027734438694814,0.7343168645064791,800.0,490.0,130.1157315927784,6,0.5481945859792389,6000,42
suit_soybean,soybean,suit,730.0,0.19057917196612992,69064,0.19103108095062743,0.14027734438694814,0.7343168645064791,800.0,490.0,130.1157315927784,6,0.5481945859792389,6000,42
suit_soybean,soybean,suit,750.0,0.18704559586920455,53679,0.19103108095062743,0.14027734438694814,0.7343168645064791,800.0,490.0,130.1157315927784,6,0.5481945859792389,6000,42
suit_soybean,soybean,suit,770.0,0.18719135290822786,42457,0.19103108095062743,0.14027734438694814,0.7343168645064791,800.0,490.0,130.1157315927784,6,0.5481945859792389,6000,42
suit_soybean,soybean,suit,790.0,0.18947644110183332,32539,0.19103108095062743,0.14027734438694814,0.7343168645064791,800.0,490.0,130.1157315927784,6,0.5481945859792389,6000,42
pres_soybean,soybean,pres,5.0,0.08244580879589024,15962,0.12240803773055824,0.08244580879589024,0.6735326398856917,400.0,115.0,130.1157315927784,6,0.06618102079868318,6000,42
pres_soybean,soybean,pres,15.0,0.09150004290740582,46612,0.12240803773055824,0.08244580879589024,0.6735326398856917,400.0,115.0,130.1157315927784,6,0.06618102079868318,6000,42
pres_soybean,soybean,pres,25.0,0.09802687643395608,76275,0.12240803773055824,0.08244580879589024,0.6735326398856917,400.0,115.0,130.1157315927784,6,0.06618102079868318,6000,42
pres_soybean,soybean,pres,35.0,0.10040572792362769,104750,0.12240803773055824,0.08244580879589024,0.6735326398856917,400.0,115.0,130.1157315927784,6,0.06618102079868318,6000,42
pres_soybean,soybean,pres,45.0,0.10272695311902906,130842,0.12240803773055824,0.08244580879589024,0.6735326398856917,400.0,115.0,130.1157315927784,6,0.06618102079868318,6000,42
pres_soybean,soybean,pres,55.0,0.10726699874355033,156791,0.12240803773055824,0.08244580879589024,0.6735326398856917,400.0,115.0,130.1157315927784,6,0.06618102079868318,6000,42
pres_soybean,soybean,pres,65.0,0.10845522852569803,179936,0.12240803773055824,0.08244580879589024,0.6735326398856917,400.0,115.0,130.1157315927784,6,0.06618102079868318,6000,42
pres_soybean,soybean,pres,75.0,0.11155689870779492,201516,0.12240803773055824,0.08244580879589024,0.6735326398856917,400.0,115.0,130.1157315927784,6,0.06618102079868318,6000,42
pres_soybean,soybean,pres,85.0,0.1133519213905066,222365,0.12240803773055824,0.08244580879589024,0.6735326398856917,400.0,115.0,130.1157315927784,6,0.06618102079868318,6000,42
pres_soybean,soybean,pres,95.0,0.1145099983473806,242040,0.12240803773055824,0.08244580879589024,0.6735326398856917,400.0,115.0,130.1157315927784,6,0.06618102079868318,6000,42
pres_soybean,soybean,pres,105.0,0.1151807182564872,259935,0.12240803773055824,0.08244580879589024,0.6735326398856917,400.0,115.0,130.1157315927784,6,0.06618102079868318,6000,42
pres_soybean,soybean,pres,115.0,0.11787323455506456,276984,0.12240803773055824,0.08244580879589024,0.6735326398856917,400.0,115.0,130.1157315927784,6,0.06618102079868318,6000,42
pres_soybean,soybean,pres,125.0,0.1194930977548554,293745,0.12240803773055824,0.08244580879589024,0.6735326398856917,400.0,115.0,130.1157315927784,6,0.06618102079868318,6000,42
pres_soybean,soybean,pres,135.0,0.12002127024888785,308412,0.12240803773055824,0.08244580879589024,0.6735326398856917,400.0,115.0,130.1157315927784,6,0.06618102079868318,6000,42
pres_soybean,soybean,pres,145.0,0.12138789024375178,323772,0.12240803773055824,0.08244580879589024,0.6735326398856917,400.0,115.0,130.1157315927784,6,0.06618102079868318,6000,42
pres_soybean,soybean,pres,155.0,0.12240803773055824,335219,0.12240803773055824,0.08244580879589024,0.6735326398856917,400.0,115.0,130.1157315927784,6,0.06618102079868318,6000,42
pres_soybean,soybean,pres,165.0,0.1214978067582416,346747,0.12240803773055824,0.08244580879589024,0.6735326398856917,400.0,115.0,130.1157315927784,6,0.06618102079868318,6000,42
pres_soybean,soybean,pres,175.0,0.12173115690446859,357160,0.12240803773055824,0.08244580879589024,0.6735326398856917,400.0,115.0,130.1157315927784,6,0.06618102079868318,6000,42
pres_soybean,soybean,pres,185.0,0.12156278017099997,365848,0.12240803773055824,0.08244580879589024,0.6735326398856917,400.0,115.0,130.1157315927784,6,0.06618102079868318,6000,42
pres_soybean,soybean,pres,195.0,0.12048764277406457,373142,0.12240803773055824,0.08244580879589024,0.6735326398856917,400.0,115.0,130.1157315927784,6,0.06618102079868318,6000,42
pres_soybean,soybean,pres,205.0,0.1206403282328217,379243,0.12240803773055824,0.08244580879589024,0.6735326398856917,400.0,115.0,130.1157315927784,6,0.06618102079868318,6000,42
pres_soybean,soybean,pres,215.0,0.1197962173163428,385705,0.12240803773055824,0.08244580879589024,0.6735326398856917,400.0,115.0,130.1157315927784,6,0.06618102079868318,6000,42
pres_soybean,soybean,pres,225.0,0.11909606926389153,389698,0.12240803773055824,0.08244580879589024,0.6735326398856917,400.0,115.0,130.1157315927784,6,0.06618102079868318,6000,42
pres_soybean,soybean,pres,235.0,0.1187180725341195,393470,0.12240803773055824,0.08244580879589024,0.6735326398856917,400.0,115.0,130.1157315927784,6,0.06618102079868318,6000,42
pres_soybean,soybean,pres,245.0,0.11802611454501788,395565,0.12240803773055824,0.08244580879589024,0.6735326398856917,400.0,115.0,130.1157315927784,6,0.06618102079868318,6000,42
pres_soybean,soybean,pres,255.0,0.11749186781363594,397802,0.12240803773055824,0.08244580879589024,0.6735326398856917,400.0,115.0,130.1157315927784,6,0.06618102079868318,6000,42
pres_soybean,soybean,pres,265.0,0.11702779639987593,399764,0.12240803773055824,0.08244580879589024,0.6735326398856917,400.0,115.0,130.1157315927784,6,0.06618102079868318,6000,42
pres_soybean,soybean,pres,275.0,0.1175799143596893,401680,0.12240803773055824,0.08244580879589024,0.6735326398856917,400.0,115.0,130.1157315927784,6,0.06618102079868318,6000,42
pres_soybean,soybean,pres,285.0,0.11668007702444505,401431,0.12240803773055824,0.08244580879589024,0.6735326398856917,400.0,115.0,130.1157315927784,6,0.06618102079868318,6000,42
pres_soybean,soybean,pres,295.0,0.11709641466194132,399265,0.12240803773055824,0.08244580879589024,0.6735326398856917,400.0,115.0,130.1157315927784,6,0.06618102079868318,6000,42
pres_soybean,soybean,pres,305.0,0.11635150502681976,397468,0.12240803773055824,0.08244580879589024,0.6735326398856917,400.0,115.0,130.1157315927784,6,0.06618102079868318,6000,42
pres_soybean,soybean,pres,315.0,0.11726507720990556,394768,0.12240803773055824,0.08244580879589024,0.6735326398856917,400.0,115.0,130.1157315927784,6,0.06618102079868318,6000,42
pres_soybean,soybean,pres,325.0,0.11777904135482781,390426,0.12240803773055824,0.08244580879589024,0.6735326398856917,400.0,115.0,130.1157315927784,6,0.06618102079868318,6000,42
pres_soybean,soybean,pres,335.0,0.11844902738923947,384275,0.12240803773055824,0.08244580879589024,0.6735326398856917,400.0,115.0,130.1157315927784,6,0.06618102079868318,6000,42
pres_soybean,soybean,pres,345.0,0.11758064176527562,379952,0.12240803773055824,0.08244580879589024,0.6735326398856917,400.0,115.0,130.1157315927784,6,0.06618102079868318,6000,42
pres_soybean,soybean,pres,355.0,0.11796321203483599,373981,0.12240803773055824,0.08244580879589024,0.6735326398856917,400.0,115.0,130.1157315927784,6,0.06618102079868318,6000,42
pres_soybean,soybean,pres,365.0,0.11730276035199774,368866,0.12240803773055824,0.08244580879589024,0.6735326398856917,400.0,115.0,130.1157315927784,6,0.06618102079868318,6000,42
pres_soybean,soybean,pres,375.0,0.11753933560406525,362585,0.12240803773055824,0.08244580879589024,0.6735326398856917,400.0,115.0,130.1157315927784,6,0.06618102079868318,6000,42
pres_soybean,soybean,pres,385.0,0.11732343010719437,355709,0.12240803773055824,0.08244580879589024,0.6735326398856917,400.0,115.0,130.1157315927784,6,0.06618102079868318,6000,42
pres_soybean,soybean,pres,395.0,0.11802832275465357,346294,0.12240803773055824,0.08244580879589024,0.6735326398856917,400.0,115.0,130.1157315927784,6,0.06618102079868318,6000,42
pres_soybean,soybean,pres,10.0,0.08919039856809538,62574,0.13232750637174467,0.08919039856809538,0.6740125391431077,800.0,490.0,130.1157315927784,6,0.2909673064092488,6000,42
pres_soybean,soybean,pres,30.0,0.09940339732081205,181025,0.13232750637174467,0.08919039856809538,0.6740125391431077,800.0,490.0,130.1157315927784,6,0.2909673064092488,6000,42
pres_soybean,soybean,pres,50.0,0.10520176753015127,287633,0.13232750637174467,0.08919039856809538,0.6740125391431077,800.0,490.0,130.1157315927784,6,0.2909673064092488,6000,42
pres_soybean,soybean,pres,70.0,0.11009379948197938,381452,0.13232750637174467,0.08919039856809538,0.6740125391431077,800.0,490.0,130.1157315927784,6,0.2909673064092488,6000,42
pres_soybean,soybean,pres,90.0,0.1139554914352774,464405,0.13232750637174467,0.08919039856809538,0.6740125391431077,800.0,490.0,130.1157315927784,6,0.2909673064092488,6000,42
pres_soybean,soybean,pres,110.0,0.11656972466982915,536919,0.13232750637174467,0.08919039856809538,0.6740125391431077,800.0,490.0,130.1157315927784,6,0.2909673064092488,6000,42
pres_soybean,soybean,pres,130.0,0.11976361646547329,602157,0.13232750637174467,0.08919039856809538,0.6740125391431077,800.0,490.0,130.1157315927784,6,0.2909673064092488,6000,42
pres_soybean,soybean,pres,150.0,0.12190682422066462,658991,0.13232750637174467,0.08919039856809538,0.6740125391431077,800.0,490.0,130.1157315927784,6,0.2909673064092488,6000,42
pres_soybean,soybean,pres,170.0,0.12161620782290843,703907,0.13232750637174467,0.08919039856809538,0.6740125391431077,800.0,490.0,130.1157315927784,6,0.2909673064092488,6000,42
pres_soybean,soybean,pres,190.0,0.12101990554675977,738990,0.13232750637174467,0.08919039856809538,0.6740125391431077,800.0,490.0,130.1157315927784,6,0.2909673064092488,6000,42
pres_soybean,soybean,pres,210.0,0.12021470740494779,764948,0.13232750637174467,0.08919039856809538,0.6740125391431077,800.0,490.0,130.1157315927784,6,0.2909673064092488,6000,42
pres_soybean,soybean,pres,230.0,0.11890616061943286,783168,0.13232750637174467,0.08919039856809538,0.6740125391431077,800.0,490.0,130.1157315927784,6,0.2909673064092488,6000,42
pres_soybean,soybean,pres,250.0,0.11775823799074073,793367,0.13232750637174467,0.08919039856809538,0.6740125391431077,800.0,490.0,130.1157315927784,6,0.2909673064092488,6000,42
pres_soybean,soybean,pres,270.0,0.11730451534979362,801444,0.13232750637174467,0.08919039856809538,0.6740125391431077,800.0,490.0,130.1157315927784,6,0.2909673064092488,6000,42
pres_soybean,soybean,pres,290.0,0.11688768271603704,800696,0.13232750637174467,0.08919039856809538,0.6740125391431077,800.0,490.0,130.1157315927784,6,0.2909673064092488,6000,42
pres_soybean,soybean,pres,310.0,0.11680673435693405,792236,0.13232750637174467,0.08919039856809538,0.6740125391431077,800.0,490.0,130.1157315927784,6,0.2909673064092488,6000,42
pres_soybean,soybean,pres,330.0,0.11811137458193548,774701,0.13232750637174467,0.08919039856809538,0.6740125391431077,800.0,490.0,130.1157315927784,6,0.2909673064092488,6000,42
pres_soybean,soybean,pres,350.0,0.11777041195968342,753933,0.13232750637174467,0.08919039856809538,0.6740125391431077,800.0,490.0,130.1157315927784,6,0.2909673064092488,6000,42
pres_soybean,soybean,pres,370.0,0.11742003223729272,731451,0.13232750637174467,0.08919039856809538,0.6740125391431077,800.0,490.0,130.1157315927784,6,0.2909673064092488,6000,42
pres_soybean,soybean,pres,390.0,0.11767114955349194,702003,0.13232750637174467,0.08919039856809538,0.6740125391431077,800.0,490.0,130.1157315927784,6,0.2909673064092488,6000,42
pres_soybean,soybean,pres,410.0,0.11892642886340138,665424,0.13232750637174467,0.08919039856809538,0.6740125391431077,800.0,490.0,130.1157315927784,6,0.2909673064092488,6000,42
pres_soybean,soybean,pres,430.0,0.12064569990081193,624067,0.13232750637174467,0.08919039856809538,0.6740125391431077,800.0,490.0,130.1157315927784,6,0.2909673064092488,6000,42
pres_soybean,soybean,pres,450.0,0.12346079122913133,577001,0.13232750637174467,0.08919039856809538,0.6740125391431077,800.0,490.0,130.1157315927784,6,0.2909673064092488,6000,42
pres_soybean,soybean,pres,470.0,0.12533139144583386,527322,0.13232750637174467,0.08919039856809538,0.6740125391431077,800.0,490.0,130.1157315927784,6,0.2909673064092488,6000,42
pres_soybean,soybean,pres,490.0,0.12730547550432278,478860,0.13232750637174467,0.08919039856809538,0.6740125391431077,800.0,490.0,130.1157315927784,6,0.2909673064092488,6000,42
pres_soybean,soybean,pres,510.0,0.12993318867592102,431364,0.13232750637174467,0.08919039856809538,0.6740125391431077,800.0,490.0,130.1157315927784,6,0.2909673064092488,6000,42
pres_soybean,soybean,pres,530.0,0.13232750637174467,383333,0.13232750637174467,0.08919039856809538,0.6740125391431077,800.0,490.0,130.1157315927784,6,0.2909673064092488,6000,42
pres_soybean,soybean,pres,550.0,0.1315932734701691,334318,0.13232750637174467,0.08919039856809538,0.6740125391431077,800.0,490.0,130.1157315927784,6,0.2909673064092488,6000,42
pres_soybean,soybean,pres,570.0,0.1279987075351389,290917,0.13232750637174467,0.08919039856809538,0.6740125391431077,800.0,490.0,130.1157315927784,6,0.2909673064092488,6000,42
pres_soybean,soybean,pres,590.0,0.12234250029153582,248683,0.13232750637174467,0.08919039856809538,0.6740125391431077,800.0,490.0,130.1157315927784,6,0.2909673064092488,6000,42
pres_soybean,soybean,pres,610.0,0.11610655834494485,211715,0.13232750637174467,0.08919039856809538,0.6740125391431077,800.0,490.0,130.1157315927784,6,0.2909673064092488,6000,42
pres_soybean,soybean,pres,630.0,0.10912107334207777,179924,0.13232750637174467,0.08919039856809538,0.6740125391431077,800.0,490.0,130.1157315927784,6,0.2909673064092488,6000,42
pres_soybean,soybean,pres,650.0,0.10250344255982875,153229,0.13232750637174467,0.08919039856809538,0.6740125391431077,800.0,490.0,130.1157315927784,6,0.2909673064092488,6000,42
pres_soybean,soybean,pres,670.0,0.09556009976607643,129102,0.13232750637174467,0.08919039856809538,0.6740125391431077,800.0,490.0,130.1157315927784,6,0.2909673064092488,6000,42
pres_soybean,soybean,pres,690.0,0.08736266826652668,106676,0.13232750637174467,0.08919039856809538,0.6740125391431077,800.0,490.0,130.1157315927784,6,0.2909673064092488,6000,42
pres_soybean,soybean,pres,710.0,0.08524008278317975,86491,0.13232750637174467,0.08919039856809538,0.6740125391431077,800.0,490.0,130.1157315927784,6,0.2909673064092488,6000,42
pres_soybean,soybean,pres,730.0,0.08209776439244758,69064,0.13232750637174467,0.08919039856809538,0.6740125391431077,800.0,490.0,130.1157315927784,6,0.2909673064092488,6000,42
pres_soybean,soybean,pres,750.0,0.08243447158106522,53679,0.13232750637174467,0.08919039856809538,0.6740125391431077,800.0,490.0,130.1157315927784,6,0.2909673064092488,6000,42
pres_soybean,soybean,pres,770.0,0.07923310643710106,42457,0.13232750637174467,0.08919039856809538,0.6740125391431077,800.0,490.0,130.1157315927784,6,0.2909673064092488,6000,42
pres_soybean,soybean,pres,790.0,0.0834844340637389,32539,0.13232750637174467,0.08919039856809538,0.6740125391431077,800.0,490.0,130.1157315927784,6,0.2909673064092488,6000,42
resid_soybean,soybean,resid,5.0,0.14409861929499054,15962,0.183006551599659,0.14409861929499054,0.7873959595185281,400.0,105.0,130.1157315927784,6,0.11034684083804049,6000,42
resid_soybean,soybean,resid,15.0,0.15310673458074803,46612,0.183006551599659,0.14409861929499054,0.7873959595185281,400.0,105.0,130.1157315927784,6,0.11034684083804049,6000,42
resid_soybean,soybean,resid,25.0,0.15755203022979414,76275,0.183006551599659,0.14409861929499054,0.7873959595185281,400.0,105.0,130.1157315927784,6,0.11034684083804049,6000,42
resid_soybean,soybean,resid,35.0,0.16022002357754683,104750,0.183006551599659,0.14409861929499054,0.7873959595185281,400.0,105.0,130.1157315927784,6,0.11034684083804049,6000,42
resid_soybean,soybean,resid,45.0,0.16476976005775051,130842,0.183006551599659,0.14409861929499054,0.7873959595185281,400.0,105.0,130.1157315927784,6,0.11034684083804049,6000,42
resid_soybean,soybean,resid,55.0,0.16651129795904018,156791,0.183006551599659,0.14409861929499054,0.7873959595185281,400.0,105.0,130.1157315927784,6,0.11034684083804049,6000,42
resid_soybean,soybean,resid,65.0,0.16788882398814073,179936,0.183006551599659,0.14409861929499054,0.7873959595185281,400.0,105.0,130.1157315927784,6,0.11034684083804049,6000,42
resid_soybean,soybean,resid,75.0,0.16996066653157213,201516,0.183006551599659,0.14409861929499054,0.7873959595185281,400.0,105.0,130.1157315927784,6,0.11034684083804049,6000,42
resid_soybean,soybean,resid,85.0,0.17219025038919092,222365,0.183006551599659,0.14409861929499054,0.7873959595185281,400.0,105.0,130.1157315927784,6,0.11034684083804049,6000,42
resid_soybean,soybean,resid,95.0,0.17353207539519036,242040,0.183006551599659,0.14409861929499054,0.7873959595185281,400.0,105.0,130.1157315927784,6,0.11034684083804049,6000,42
resid_soybean,soybean,resid,105.0,0.17460252512885507,259935,0.183006551599659,0.14409861929499054,0.7873959595185281,400.0,105.0,130.1157315927784,6,0.11034684083804049,6000,42
resid_soybean,soybean,resid,115.0,0.1761178749206253,276984,0.183006551599659,0.14409861929499054,0.7873959595185281,400.0,105.0,130.1157315927784,6,0.11034684083804049,6000,42
resid_soybean,soybean,resid,125.0,0.1780458611360081,293745,0.183006551599659,0.14409861929499054,0.7873959595185281,400.0,105.0,130.1157315927784,6,0.11034684083804049,6000,42
resid_soybean,soybean,resid,135.0,0.17935031395607479,308412,0.183006551599659,0.14409861929499054,0.7873959595185281,400.0,105.0,130.1157315927784,6,0.11034684083804049,6000,42
resid_soybean,soybean,resid,145.0,0.18113402064015868,323772,0.183006551599659,0.14409861929499054,0.7873959595185281,400.0,105.0,130.1157315927784,6,0.11034684083804049,6000,42
resid_soybean,soybean,resid,155.0,0.1820889691682757,335219,0.183006551599659,0.14409861929499054,0.7873959595185281,400.0,105.0,130.1157315927784,6,0.11034684083804049,6000,42
resid_soybean,soybean,resid,165.0,0.18213114077376516,346747,0.183006551599659,0.14409861929499054,0.7873959595185281,400.0,105.0,130.1157315927784,6,0.11034684083804049,6000,42
resid_soybean,soybean,resid,175.0,0.18131575329156185,357160,0.183006551599659,0.14409861929499054,0.7873959595185281,400.0,105.0,130.1157315927784,6,0.11034684083804049,6000,42
resid_soybean,soybean,resid,185.0,0.183006551599659,365848,0.183006551599659,0.14409861929499054,0.7873959595185281,400.0,105.0,130.1157315927784,6,0.11034684083804049,6000,42
resid_soybean,soybean,resid,195.0,0.18203447486060928,373142,0.183006551599659,0.14409861929499054,0.7873959595185281,400.0,105.0,130.1157315927784,6,0.11034684083804049,6000,42
resid_soybean,soybean,resid,205.0,0.18196479041448121,379243,0.183006551599659,0.14409861929499054,0.7873959595185281,400.0,105.0,130.1157315927784,6,0.11034684083804049,6000,42
resid_soybean,soybean,resid,215.0,0.18175382027672526,385705,0.183006551599659,0.14409861929499054,0.7873959595185281,400.0,105.0,130.1157315927784,6,0.11034684083804049,6000,42
resid_soybean,soybean,resid,225.0,0.180457438313188,389698,0.183006551599659,0.14409861929499054,0.7873959595185281,400.0,105.0,130.1157315927784,6,0.11034684083804049,6000,42
resid_soybean,soybean,resid,235.0,0.18079254053948454,393470,0.183006551599659,0.14409861929499054,0.7873959595185281,400.0,105.0,130.1157315927784,6,0.11034684083804049,6000,42
resid_soybean,soybean,resid,245.0,0.1798622934183232,395565,0.183006551599659,0.14409861929499054,0.7873959595185281,400.0,105.0,130.1157315927784,6,0.11034684083804049,6000,42
resid_soybean,soybean,resid,255.0,0.17967076999485887,397802,0.183006551599659,0.14409861929499054,0.7873959595185281,400.0,105.0,130.1157315927784,6,0.11034684083804049,6000,42
resid_soybean,soybean,resid,265.0,0.1792334188923925,399764,0.183006551599659,0.14409861929499054,0.7873959595185281,400.0,105.0,130.1157315927784,6,0.11034684083804049,6000,42
resid_soybean,soybean,resid,275.0,0.1796911236251512,401680,0.183006551599659,0.14409861929499054,0.7873959595185281,400.0,105.0,130.1157315927784,6,0.11034684083804049,6000,42
resid_soybean,soybean,resid,285.0,0.17825683181106144,401431,0.183006551599659,0.14409861929499054,0.7873959595185281,400.0,105.0,130.1157315927784,6,0.11034684083804049,6000,42
resid_soybean,soybean,resid,295.0,0.17811498120171756,399265,0.183006551599659,0.14409861929499054,0.7873959595185281,400.0,105.0,130.1157315927784,6,0.11034684083804049,6000,42
resid_soybean,soybean,resid,305.0,0.17773750012948258,397468,0.183006551599659,0.14409861929499054,0.7873959595185281,400.0,105.0,130.1157315927784,6,0.11034684083804049,6000,42
resid_soybean,soybean,resid,315.0,0.17656018020657507,394768,0.183006551599659,0.14409861929499054,0.7873959595185281,400.0,105.0,130.1157315927784,6,0.11034684083804049,6000,42
resid_soybean,soybean,resid,325.0,0.17610915242490374,390426,0.183006551599659,0.14409861929499054,0.7873959595185281,400.0,105.0,130.1157315927784,6,0.11034684083804049,6000,42
resid_soybean,soybean,resid,335.0,0.17538514070260464,384275,0.183006551599659,0.14409861929499054,0.7873959595185281,400.0,105.0,130.1157315927784,6,0.11034684083804049,6000,42
resid_soybean,soybean,resid,345.0,0.17424513360324886,379952,0.183006551599659,0.14409861929499054,0.7873959595185281,400.0,105.0,130.1157315927784,6,0.11034684083804049,6000,42
resid_soybean,soybean,resid,355.0,0.17473262994909683,373981,0.183006551599659,0.14409861929499054,0.7873959595185281,400.0,105.0,130.1157315927784,6,0.11034684083804049,6000,42
resid_soybean,soybean,resid,365.0,0.17523822368164918,368866,0.183006551599659,0.14409861929499054,0.7873959595185281,400.0,105.0,130.1157315927784,6,0.11034684083804049,6000,42
resid_soybean,soybean,resid,375.0,0.174246741947951,362585,0.183006551599659,0.14409861929499054,0.7873959595185281,400.0,105.0,130.1157315927784,6,0.11034684083804049,6000,42
resid_soybean,soybean,resid,385.0,0.17376030301239012,355709,0.183006551599659,0.14409861929499054,0.7873959595185281,400.0,105.0,130.1157315927784,6,0.11034684083804049,6000,42
resid_soybean,soybean,resid,395.0,0.17352572414777445,346294,0.183006551599659,0.14409861929499054,0.7873959595185281,400.0,105.0,130.1157315927784,6,0.11034684083804049,6000,42
resid_soybean,soybean,resid,10.0,0.15080885469147673,62574,0.19087613637175893,0.15080885469147673,0.7900875277449803,800.0,150.0,130.1157315927784,6,0.3031238213688759,6000,42
resid_soybean,soybean,resid,30.0,0.1590958628671486,181025,0.19087613637175893,0.15080885469147673,0.7900875277449803,800.0,150.0,130.1157315927784,6,0.3031238213688759,6000,42
resid_soybean,soybean,resid,50.0,0.16571908600116145,287633,0.19087613637175893,0.15080885469147673,0.7900875277449803,800.0,150.0,130.1157315927784,6,0.3031238213688759,6000,42
resid_soybean,soybean,resid,70.0,0.16898335074899692,381452,0.19087613637175893,0.15080885469147673,0.7900875277449803,800.0,150.0,130.1157315927784,6,0.3031238213688759,6000,42
resid_soybean,soybean,resid,90.0,0.17288958679696453,464405,0.19087613637175893,0.15080885469147673,0.7900875277449803,800.0,150.0,130.1157315927784,6,0.3031238213688759,6000,42
resid_soybean,soybean,resid,110.0,0.17538425877345265,536919,0.19087613637175893,0.15080885469147673,0.7900875277449803,800.0,150.0,130.1157315927784,6,0.3031238213688759,6000,42
resid_soybean,soybean,resid,130.0,0.1787139741084429,602157,0.19087613637175893,0.15080885469147673,0.7900875277449803,800.0,150.0,130.1157315927784,6,0.3031238213688759,6000,42
resid_soybean,soybean,resid,150.0,0.18161978886862742,658991,0.19087613637175893,0.15080885469147673,0.7900875277449803,800.0,150.0,130.1157315927784,6,0.3031238213688759,6000,42
resid_soybean,soybean,resid,170.0,0.18171741595906135,703907,0.19087613637175893,0.15080885469147673,0.7900875277449803,800.0,150.0,130.1157315927784,6,0.3031238213688759,6000,42
resid_soybean,soybean,resid,190.0,0.18251571592047192,738990,0.19087613637175893,0.15080885469147673,0.7900875277449803,800.0,150.0,130.1157315927784,6,0.3031238213688759,6000,42
resid_soybean,soybean,resid,210.0,0.18185841424644997,764948,0.19087613637175893,0.15080885469147673,0.7900875277449803,800.0,150.0,130.1157315927784,6,0.3031238213688759,6000,42
resid_soybean,soybean,resid,230.0,0.18062579640874465,783168,0.19087613637175893,0.15080885469147673,0.7900875277449803,800.0,150.0,130.1157315927784,6,0.3031238213688759,6000,42
resid_soybean,soybean,resid,250.0,0.17976626169416407,793367,0.19087613637175893,0.15080885469147673,0.7900875277449803,800.0,150.0,130.1157315927784,6,0.3031238213688759,6000,42
resid_soybean,soybean,resid,270.0,0.1794628183726488,801444,0.19087613637175893,0.15080885469147673,0.7900875277449803,800.0,150.0,130.1157315927784,6,0.3031238213688759,6000,42
resid_soybean,soybean,resid,290.0,0.1781860983697308,800696,0.19087613637175893,0.15080885469147673,0.7900875277449803,800.0,150.0,130.1157315927784,6,0.3031238213688759,6000,42
resid_soybean,soybean,resid,310.0,0.17715084636554562,792236,0.19087613637175893,0.15080885469147673,0.7900875277449803,800.0,150.0,130.1157315927784,6,0.3031238213688759,6000,42
resid_soybean,soybean,resid,330.0,0.17575002083144192,774701,0.19087613637175893,0.15080885469147673,0.7900875277449803,800.0,150.0,130.1157315927784,6,0.3031238213688759,6000,42
resid_soybean,soybean,resid,350.0,0.1744869513389317,753933,0.19087613637175893,0.15080885469147673,0.7900875277449803,800.0,150.0,130.1157315927784,6,0.3031238213688759,6000,42
resid_soybean,soybean,resid,370.0,0.17474673976213448,731451,0.19087613637175893,0.15080885469147673,0.7900875277449803,800.0,150.0,130.1157315927784,6,0.3031238213688759,6000,42
resid_soybean,soybean,resid,390.0,0.17364458662180032,702003,0.19087613637175893,0.15080885469147673,0.7900875277449803,800.0,150.0,130.1157315927784,6,0.3031238213688759,6000,42
resid_soybean,soybean,resid,410.0,0.17401140878161006,665424,0.19087613637175893,0.15080885469147673,0.7900875277449803,800.0,150.0,130.1157315927784,6,0.3031238213688759,6000,42
resid_soybean,soybean,resid,430.0,0.17279502957415802,624067,0.19087613637175893,0.15080885469147673,0.7900875277449803,800.0,150.0,130.1157315927784,6,0.3031238213688759,6000,42
resid_soybean,soybean,resid,450.0,0.17281937732838623,577001,0.19087613637175893,0.15080885469147673,0.7900875277449803,800.0,150.0,130.1157315927784,6,0.3031238213688759,6000,42
resid_soybean,soybean,resid,470.0,0.17272132762865322,527322,0.19087613637175893,0.15080885469147673,0.7900875277449803,800.0,150.0,130.1157315927784,6,0.3031238213688759,6000,42
resid_soybean,soybean,resid,490.0,0.1730791723169392,478860,0.19087613637175893,0.15080885469147673,0.7900875277449803,800.0,150.0,130.1157315927784,6,0.3031238213688759,6000,42
resid_soybean,soybean,resid,510.0,0.17326495578276066,431364,0.19087613637175893,0.15080885469147673,0.7900875277449803,800.0,150.0,130.1157315927784,6,0.3031238213688759,6000,42
resid_soybean,soybean,resid,530.0,0.173687684082402,383333,0.19087613637175893,0.15080885469147673,0.7900875277449803,800.0,150.0,130.1157315927784,6,0.3031238213688759,6000,42
resid_soybean,soybean,resid,550.0,0.1766197835911903,334318,0.19087613637175893,0.15080885469147673,0.7900875277449803,800.0,150.0,130.1157315927784,6,0.3031238213688759,6000,42
resid_soybean,soybean,resid,570.0,0.17867559646462725,290917,0.19087613637175893,0.15080885469147673,0.7900875277449803,800.0,150.0,130.1157315927784,6,0.3031238213688759,6000,42
resid_soybean,soybean,resid,590.0,0.18259110185617022,248683,0.19087613637175893,0.15080885469147673,0.7900875277449803,800.0,150.0,130.1157315927784,6,0.3031238213688759,6000,42
resid_soybean,soybean,resid,610.0,0.18510412345468838,211715,0.19087613637175893,0.15080885469147673,0.7900875277449803,800.0,150.0,130.1157315927784,6,0.3031238213688759,6000,42
resid_soybean,soybean,resid,630.0,0.1865334978432891,179924,0.19087613637175893,0.15080885469147673,0.7900875277449803,800.0,150.0,130.1157315927784,6,0.3031238213688759,6000,42
resid_soybean,soybean,resid,650.0,0.1886318468607133,153229,0.19087613637175893,0.15080885469147673,0.7900875277449803,800.0,150.0,130.1157315927784,6,0.3031238213688759,6000,42
resid_soybean,soybean,resid,670.0,0.19152712995750323,129102,0.19087613637175893,0.15080885469147673,0.7900875277449803,800.0,150.0,130.1157315927784,6,0.3031238213688759,6000,42
resid_soybean,soybean,resid,690.0,0.19013607448189362,106676,0.19087613637175893,0.15080885469147673,0.7900875277449803,800.0,150.0,130.1157315927784,6,0.3031238213688759,6000,42
resid_soybean,soybean,resid,710.0,0.18952444440819513,86491,0.19087613637175893,0.15080885469147673,0.7900875277449803,800.0,150.0,130.1157315927784,6,0.3031238213688759,6000,42
resid_soybean,soybean,resid,730.0,0.1914363145887285,69064,0.19087613637175893,0.15080885469147673,0.7900875277449803,800.0,150.0,130.1157315927784,6,0.3031238213688759,6000,42
resid_soybean,soybean,resid,750.0,0.19289686631790912,53679,0.19087613637175893,0.15080885469147673,0.7900875277449803,800.0,150.0,130.1157315927784,6,0.3031238213688759,6000,42
resid_soybean,soybean,resid,770.0,0.19198211119113134,42457,0.19087613637175893,0.15080885469147673,0.7900875277449803,800.0,150.0,130.1157315927784,6,0.3031238213688759,6000,42
resid_soybean,soybean,resid,790.0,0.1965896430930673,32539,0.19087613637175893,0.15080885469147673,0.7900875277449803,800.0,150.0,130.1157315927784,6,0.3031238213688759,6000,42
suit_sugarcane,sugarcane,suit,5.0,0.08942002905942467,15962,0.12174810318478099,0.08942002905942467,0.734467533541028,400.0,135.0,130.1157315927784,6,0.201503974329555,6000,42
suit_sugarcane,sugarcane,suit,15.0,0.09706811941902753,46612,0.12174810318478099,0.08942002905942467,0.734467533541028,400.0,135.0,130.1157315927784,6,0.201503974329555,6000,42
suit_sugarcane,sugarcane,suit,25.0,0.10036265134308471,76275,0.12174810318478099,0.08942002905942467,0.734467533541028,400.0,135.0,130.1157315927784,6,0.201503974329555,6000,42
suit_sugarcane,sugarcane,suit,35.0,0.10205927257193481,104750,0.12174810318478099,0.08942002905942467,0.734467533541028,400.0,135.0,130.1157315927784,6,0.201503974329555,6000,42
suit_sugarcane,sugarcane,suit,45.0,0.10285893342731146,130842,0.12174810318478099,0.08942002905942467,0.734467533541028,400.0,135.0,130.1157315927784,6,0.201503974329555,6000,42
suit_sugarcane,sugarcane,suit,55.0,0.10519029293939518,156791,0.12174810318478099,0.08942002905942467,0.734467533541028,400.0,135.0,130.1157315927784,6,0.201503974329555,6000,42
suit_sugarcane,sugarcane,suit,65.0,0.10716675693576129,179936,0.12174810318478099,0.08942002905942467,0.734467533541028,400.0,135.0,130.1157315927784,6,0.201503974329555,6000,42
suit_sugarcane,sugarcane,suit,75.0,0.10831791194181836,201516,0.12174810318478099,0.08942002905942467,0.734467533541028,400.0,135.0,130.1157315927784,6,0.201503974329555,6000,42
suit_sugarcane,sugarcane,suit,85.0,0.109204209754634,222365,0.12174810318478099,0.08942002905942467,0.734467533541028,400.0,135.0,130.1157315927784,6,0.201503974329555,6000,42
suit_sugarcane,sugarcane,suit,95.0,0.11109258991757497,242040,0.12174810318478099,0.08942002905942467,0.734467533541028,400.0,135.0,130.1157315927784,6,0.201503974329555,6000,42
suit_sugarcane,sugarcane,suit,105.0,0.11219029649492825,259935,0.12174810318478099,0.08942002905942467,0.734467533541028,400.0,135.0,130.1157315927784,6,0.201503974329555,6000,42
suit_sugarcane,sugarcane,suit,115.0,0.1134067628202052,276984,0.12174810318478099,0.08942002905942467,0.734467533541028,400.0,135.0,130.1157315927784,6,0.201503974329555,6000,42
suit_sugarcane,sugarcane,suit,125.0,0.1145769247659682,293745,0.12174810318478099,0.08942002905942467,0.734467533541028,400.0,135.0,130.1157315927784,6,0.201503974329555,6000,42
suit_sugarcane,sugarcane,suit,135.0,0.11586108713496428,308412,0.12174810318478099,0.08942002905942467,0.734467533541028,400.0,135.0,130.1157315927784,6,0.201503974329555,6000,42
suit_sugarcane,sugarcane,suit,145.0,0.11654820558835609,323772,0.12174810318478099,0.08942002905942467,0.734467533541028,400.0,135.0,130.1157315927784,6,0.201503974329555,6000,42
suit_sugarcane,sugarcane,suit,155.0,0.11875073672434977,335219,0.12174810318478099,0.08942002905942467,0.734467533541028,400.0,135.0,130.1157315927784,6,0.201503974329555,6000,42
suit_sugarcane,sugarcane,suit,165.0,0.11929307121107548,346747,0.12174810318478099,0.08942002905942467,0.734467533541028,400.0,135.0,130.1157315927784,6,0.201503974329555,6000,42
suit_sugarcane,sugarcane,suit,175.0,0.11993069868872523,357160,0.12174810318478099,0.08942002905942467,0.734467533541028,400.0,135.0,130.1157315927784,6,0.201503974329555,6000,42
suit_sugarcane,sugarcane,suit,185.0,0.12026531204471581,365848,0.12174810318478099,0.08942002905942467,0.734467533541028,400.0,135.0,130.1157315927784,6,0.201503974329555,6000,42
suit_sugarcane,sugarcane,suit,195.0,0.1209005029707255,373142,0.12174810318478099,0.08942002905942467,0.734467533541028,400.0,135.0,130.1157315927784,6,0.201503974329555,6000,42
suit_sugarcane,sugarcane,suit,205.0,0.1211680724866161,379243,0.12174810318478099,0.08942002905942467,0.734467533541028,400.0,135.0,130.1157315927784,6,0.201503974329555,6000,42
suit_sugarcane,sugarcane,suit,215.0,0.12128183473280642,385705,0.12174810318478099,0.08942002905942467,0.734467533541028,400.0,135.0,130.1157315927784,6,0.201503974329555,6000,42
suit_sugarcane,sugarcane,suit,225.0,0.12089755295290011,389698,0.12174810318478099,0.08942002905942467,0.734467533541028,400.0,135.0,130.1157315927784,6,0.201503974329555,6000,42
suit_sugarcane,sugarcane,suit,235.0,0.12070250033754179,393470,0.12174810318478099,0.08942002905942467,0.734467533541028,400.0,135.0,130.1157315927784,6,0.201503974329555,6000,42
suit_sugarcane,sugarcane,suit,245.0,0.12033307510415503,395565,0.12174810318478099,0.08942002905942467,0.734467533541028,400.0,135.0,130.1157315927784,6,0.201503974329555,6000,42
suit_sugarcane,sugarcane,suit,255.0,0.12034436689365895,397802,0.12174810318478099,0.08942002905942467,0.734467533541028,400.0,135.0,130.1157315927784,6,0.201503974329555,6000,42
suit_sugarcane,sugarcane,suit,265.0,0.12019060579766615,399764,0.12174810318478099,0.08942002905942467,0.734467533541028,400.0,135.0,130.1157315927784,6,0.201503974329555,6000,42
suit_sugarcane,sugarcane,suit,275.0,0.12085178505088054,401680,0.12174810318478099,0.08942002905942467,0.734467533541028,400.0,135.0,130.1157315927784,6,0.201503974329555,6000,42
suit_sugarcane,sugarcane,suit,285.0,0.12078466355809558,401431,0.12174810318478099,0.08942002905942467,0.734467533541028,400.0,135.0,130.1157315927784,6,0.201503974329555,6000,42
suit_sugarcane,sugarcane,suit,295.0,0.12064712304568836,399265,0.12174810318478099,0.08942002905942467,0.734467533541028,400.0,135.0,130.1157315927784,6,0.201503974329555,6000,42
suit_sugarcane,sugarcane,suit,305.0,0.12028736188922602,397468,0.12174810318478099,0.08942002905942467,0.734467533541028,400.0,135.0,130.1157315927784,6,0.201503974329555,6000,42
suit_sugarcane,sugarcane,suit,315.0,0.12079995490498993,394768,0.12174810318478099,0.08942002905942467,0.734467533541028,400.0,135.0,130.1157315927784,6,0.201503974329555,6000,42
suit_sugarcane,sugarcane,suit,325.0,0.12121764816802968,390426,0.12174810318478099,0.08942002905942467,0.734467533541028,400.0,135.0,130.1157315927784,6,0.201503974329555,6000,42
suit_sugarcane,sugarcane,suit,335.0,0.1215966012856934,384275,0.12174810318478099,0.08942002905942467,0.734467533541028,400.0,135.0,130.1157315927784,6,0.201503974329555,6000,42
suit_sugarcane,sugarcane,suit,345.0,0.12091839275704973,379952,0.12174810318478099,0.08942002905942467,0.734467533541028,400.0,135.0,130.1157315927784,6,0.201503974329555,6000,42
suit_sugarcane,sugarcane,suit,355.0,0.1211200720427016,373981,0.12174810318478099,0.08942002905942467,0.734467533541028,400.0,135.0,130.1157315927784,6,0.201503974329555,6000,42
suit_sugarcane,sugarcane,suit,365.0,0.12218960057766051,368866,0.12174810318478099,0.08942002905942467,0.734467533541028,400.0,135.0,130.1157315927784,6,0.201503974329555,6000,42
suit_sugarcane,sugarcane,suit,375.0,0.1219776860046296,362585,0.12174810318478099,0.08942002905942467,0.734467533541028,400.0,135.0,130.1157315927784,6,0.201503974329555,6000,42
suit_sugarcane,sugarcane,suit,385.0,0.12158162405928614,355709,0.12174810318478099,0.08942002905942467,0.734467533541028,400.0,135.0,130.1157315927784,6,0.201503974329555,6000,42
suit_sugarcane,sugarcane,suit,395.0,0.12227692205932891,346294,0.12174810318478099,0.08942002905942467,0.734467533541028,400.0,135.0,130.1157315927784,6,0.201503974329555,6000,42
suit_sugarcane,sugarcane,suit,10.0,0.09511716825208949,62574,0.14112807296083196,0.09511716825208949,0.6739776591329768,800.0,530.0,130.1157315927784,6,0.5624610828100862,6000,42
suit_sugarcane,sugarcane,suit,30.0,0.10134440012762855,181025,0.14112807296083196,0.09511716825208949,0.6739776591329768,800.0,530.0,130.1157315927784,6,0.5624610828100862,6000,42
suit_sugarcane,sugarcane,suit,50.0,0.10412977574811304,287633,0.14112807296083196,0.09511716825208949,0.6739776591329768,800.0,530.0,130.1157315927784,6,0.5624610828100862,6000,42
suit_sugarcane,sugarcane,suit,70.0,0.10777489675990849,381452,0.14112807296083196,0.09511716825208949,0.6739776591329768,800.0,530.0,130.1157315927784,6,0.5624610828100862,6000,42
suit_sugarcane,sugarcane,suit,90.0,0.11018840142922458,464405,0.14112807296083196,0.09511716825208949,0.6739776591329768,800.0,530.0,130.1157315927784,6,0.5624610828100862,6000,42
suit_sugarcane,sugarcane,suit,110.0,0.1128178431241973,536919,0.14112807296083196,0.09511716825208949,0.6739776591329768,800.0,530.0,130.1157315927784,6,0.5624610828100862,6000,42
suit_sugarcane,sugarcane,suit,130.0,0.11523464540119592,602157,0.14112807296083196,0.09511716825208949,0.6739776591329768,800.0,530.0,130.1157315927784,6,0.5624610828100862,6000,42
suit_sugarcane,sugarcane,suit,150.0,0.11766860068461182,658991,0.14112807296083196,0.09511716825208949,0.6739776591329768,800.0,530.0,130.1157315927784,6,0.5624610828100862,6000,42
suit_sugarcane,sugarcane,suit,170.0,0.11961660120852881,703907,0.14112807296083196,0.09511716825208949,0.6739776591329768,800.0,530.0,130.1157315927784,6,0.5624610828100862,6000,42
suit_sugarcane,sugarcane,suit,190.0,0.12058604224744267,738990,0.14112807296083196,0.09511716825208949,0.6739776591329768,800.0,530.0,130.1157315927784,6,0.5624610828100862,6000,42
suit_sugarcane,sugarcane,suit,210.0,0.12122543412056616,764948,0.14112807296083196,0.09511716825208949,0.6739776591329768,800.0,530.0,130.1157315927784,6,0.5624610828100862,6000,42
suit_sugarcane,sugarcane,suit,230.0,0.12079955692578326,783168,0.14112807296083196,0.09511716825208949,0.6739776591329768,800.0,530.0,130.1157315927784,6,0.5624610828100862,6000,42
suit_sugarcane,sugarcane,suit,250.0,0.12033873691823128,793367,0.14112807296083196,0.09511716825208949,0.6739776591329768,800.0,530.0,130.1157315927784,6,0.5624610828100862,6000,42
suit_sugarcane,sugarcane,suit,270.0,0.12052198575987329,801444,0.14112807296083196,0.09511716825208949,0.6739776591329768,800.0,530.0,130.1157315927784,6,0.5624610828100862,6000,42
suit_sugarcane,sugarcane,suit,290.0,0.1207160793355114,800696,0.14112807296083196,0.09511716825208949,0.6739776591329768,800.0,530.0,130.1157315927784,6,0.5624610828100862,6000,42
suit_sugarcane,sugarcane,suit,310.0,0.12054278491929164,792236,0.14112807296083196,0.09511716825208949,0.6739776591329768,800.0,530.0,130.1157315927784,6,0.5624610828100862,6000,42
suit_sugarcane,sugarcane,suit,330.0,0.12140562031378682,774701,0.14112807296083196,0.09511716825208949,0.6739776591329768,800.0,530.0,130.1157315927784,6,0.5624610828100862,6000,42
suit_sugarcane,sugarcane,suit,350.0,0.12101843376988158,753933,0.14112807296083196,0.09511716825208949,0.6739776591329768,800.0,530.0,130.1157315927784,6,0.5624610828100862,6000,42
suit_sugarcane,sugarcane,suit,370.0,0.12208455315074825,731451,0.14112807296083196,0.09511716825208949,0.6739776591329768,800.0,530.0,130.1157315927784,6,0.5624610828100862,6000,42
suit_sugarcane,sugarcane,suit,390.0,0.12192461052177535,702003,0.14112807296083196,0.09511716825208949,0.6739776591329768,800.0,530.0,130.1157315927784,6,0.5624610828100862,6000,42
suit_sugarcane,sugarcane,suit,410.0,0.12249760982905485,665424,0.14112807296083196,0.09511716825208949,0.6739776591329768,800.0,530.0,130.1157315927784,6,0.5624610828100862,6000,42
suit_sugarcane,sugarcane,suit,430.0,0.122597106769211,624067,0.14112807296083196,0.09511716825208949,0.6739776591329768,800.0,530.0,130.1157315927784,6,0.5624610828100862,6000,42
suit_sugarcane,sugarcane,suit,450.0,0.12332248104907736,577001,0.14112807296083196,0.09511716825208949,0.6739776591329768,800.0,530.0,130.1157315927784,6,0.5624610828100862,6000,42
suit_sugarcane,sugarcane,suit,470.0,0.1249930133185321,527322,0.14112807296083196,0.09511716825208949,0.6739776591329768,800.0,530.0,130.1157315927784,6,0.5624610828100862,6000,42
suit_sugarcane,sugarcane,suit,490.0,0.12773930013363294,478860,0.14112807296083196,0.09511716825208949,0.6739776591329768,800.0,530.0,130.1157315927784,6,0.5624610828100862,6000,42
suit_sugarcane,sugarcane,suit,510.0,0.13081897009758567,431364,0.14112807296083196,0.09511716825208949,0.6739776591329768,800.0,530.0,130.1157315927784,6,0.5624610828100862,6000,42
suit_sugarcane,sugarcane,suit,530.0,0.13434182744065387,383333,0.14112807296083196,0.09511716825208949,0.6739776591329768,800.0,530.0,130.1157315927784,6,0.5624610828100862,6000,42
suit_sugarcane,sugarcane,suit,550.0,0.13836001082355295,334318,0.14112807296083196,0.09511716825208949,0.6739776591329768,800.0,530.0,130.1157315927784,6,0.5624610828100862,6000,42
suit_sugarcane,sugarcane,suit,570.0,0.13983352039939398,290917,0.14112807296083196,0.09511716825208949,0.6739776591329768,800.0,530.0,130.1157315927784,6,0.5624610828100862,6000,42
suit_sugarcane,sugarcane,suit,590.0,0.14112807296083196,248683,0.14112807296083196,0.09511716825208949,0.6739776591329768,800.0,530.0,130.1157315927784,6,0.5624610828100862,6000,42
suit_sugarcane,sugarcane,suit,610.0,0.14094259867152667,211715,0.14112807296083196,0.09511716825208949,0.6739776591329768,800.0,530.0,130.1157315927784,6,0.5624610828100862,6000,42
suit_sugarcane,sugarcane,suit,630.0,0.13955586372975595,179924,0.14112807296083196,0.09511716825208949,0.6739776591329768,800.0,530.0,130.1157315927784,6,0.5624610828100862,6000,42
suit_sugarcane,sugarcane,suit,650.0,0.13670297599160902,153229,0.14112807296083196,0.09511716825208949,0.6739776591329768,800.0,530.0,130.1157315927784,6,0.5624610828100862,6000,42
suit_sugarcane,sugarcane,suit,670.0,0.1347979069650356,129102,0.14112807296083196,0.09511716825208949,0.6739776591329768,800.0,530.0,130.1157315927784,6,0.5624610828100862,6000,42
suit_sugarcane,sugarcane,suit,690.0,0.131666785061448,106676,0.14112807296083196,0.09511716825208949,0.6739776591329768,800.0,530.0,130.1157315927784,6,0.5624610828100862,6000,42
suit_sugarcane,sugarcane,suit,710.0,0.1311012284444471,86491,0.14112807296083196,0.09511716825208949,0.6739776591329768,800.0,530.0,130.1157315927784,6,0.5624610828100862,6000,42
suit_sugarcane,sugarcane,suit,730.0,0.13097539726295826,69064,0.14112807296083196,0.09511716825208949,0.6739776591329768,800.0,530.0,130.1157315927784,6,0.5624610828100862,6000,42
suit_sugarcane,sugarcane,suit,750.0,0.12576469056420478,53679,0.14112807296083196,0.09511716825208949,0.6739776591329768,800.0,530.0,130.1157315927784,6,0.5624610828100862,6000,42
suit_sugarcane,sugarcane,suit,770.0,0.12367930263364993,42457,0.14112807296083196,0.09511716825208949,0.6739776591329768,800.0,530.0,130.1157315927784,6,0.5624610828100862,6000,42
suit_sugarcane,sugarcane,suit,790.0,0.12757316847763264,32539,0.14112807296083196,0.09511716825208949,0.6739776591329768,800.0,530.0,130.1157315927784,6,0.5624610828100862,6000,42
pres_sugarcane,sugarcane,pres,5.0,0.01838742012279163,15962,0.0261600082269152,0.01838742012279163,0.7028828111710377,400.0,165.0,130.1157315927784,6,0.24633492922607556,6000,42
pres_sugarcane,sugarcane,pres,15.0,0.019812494636574272,46612,0.0261600082269152,0.01838742012279163,0.7028828111710377,400.0,165.0,130.1157315927784,6,0.24633492922607556,6000,42
pres_sugarcane,sugarcane,pres,25.0,0.020216322517207473,76275,0.0261600082269152,0.01838742012279163,0.7028828111710377,400.0,165.0,130.1157315927784,6,0.24633492922607556,6000,42
pres_sugarcane,sugarcane,pres,35.0,0.02049164677804296,104750,0.0261600082269152,0.01838742012279163,0.7028828111710377,400.0,165.0,130.1157315927784,6,0.24633492922607556,6000,42
pres_sugarcane,sugarcane,pres,45.0,0.021694104339585147,130842,0.0261600082269152,0.01838742012279163,0.7028828111710377,400.0,165.0,130.1157315927784,6,0.24633492922607556,6000,42
pres_sugarcane,sugarcane,pres,55.0,0.021656217512484772,156791,0.0261600082269152,0.01838742012279163,0.7028828111710377,400.0,165.0,130.1157315927784,6,0.24633492922607556,6000,42
pres_sugarcane,sugarcane,pres,65.0,0.02230515294326872,179936,0.0261600082269152,0.01838742012279163,0.7028828111710377,400.0,165.0,130.1157315927784,6,0.24633492922607556,6000,42
pres_sugarcane,sugarcane,pres,75.0,0.022965918338990452,201516,0.0261600082269152,0.01838742012279163,0.7028828111710377,400.0,165.0,130.1157315927784,6,0.24633492922607556,6000,42
pres_sugarcane,sugarcane,pres,85.0,0.023018460639039416,222365,0.0261600082269152,0.01838742012279163,0.7028828111710377,400.0,165.0,130.1157315927784,6,0.24633492922607556,6000,42
pres_sugarcane,sugarcane,pres,95.0,0.023326722855726328,242040,0.0261600082269152,0.01838742012279163,0.7028828111710377,400.0,165.0,130.1157315927784,6,0.24633492922607556,6000,42
pres_sugarcane,sugarcane,pres,105.0,0.023829034181622327,259935,0.0261600082269152,0.01838742012279163,0.7028828111710377,400.0,165.0,130.1157315927784,6,0.24633492922607556,6000,42
pres_sugarcane,sugarcane,pres,115.0,0.023846142737486642,276984,0.0261600082269152,0.01838742012279163,0.7028828111710377,400.0,165.0,130.1157315927784,6,0.24633492922607556,6000,42
pres_sugarcane,sugarcane,pres,125.0,0.024254029855827332,293745,0.0261600082269152,0.01838742012279163,0.7028828111710377,400.0,165.0,130.1157315927784,6,0.24633492922607556,6000,42
pres_sugarcane,sugarcane,pres,135.0,0.024237059517787894,308412,0.0261600082269152,0.01838742012279163,0.7028828111710377,400.0,165.0,130.1157315927784,6,0.24633492922607556,6000,42
pres_sugarcane,sugarcane,pres,145.0,0.02443540516165697,323772,0.0261600082269152,0.01838742012279163,0.7028828111710377,400.0,165.0,130.1157315927784,6,0.24633492922607556,6000,42
pres_sugarcane,sugarcane,pres,155.0,0.02476142462091946,335219,0.0261600082269152,0.01838742012279163,0.7028828111710377,400.0,165.0,130.1157315927784,6,0.24633492922607556,6000,42
pres_sugarcane,sugarcane,pres,165.0,0.025267702388196582,346747,0.0261600082269152,0.01838742012279163,0.7028828111710377,400.0,165.0,130.1157315927784,6,0.24633492922607556,6000,42
pres_sugarcane,sugarcane,pres,175.0,0.025572572516519208,357160,0.0261600082269152,0.01838742012279163,0.7028828111710377,400.0,165.0,130.1157315927784,6,0.24633492922607556,6000,42
pres_sugarcane,sugarcane,pres,185.0,0.025864566705298374,365848,0.0261600082269152,0.01838742012279163,0.7028828111710377,400.0,165.0,130.1157315927784,6,0.24633492922607556,6000,42
pres_sugarcane,sugarcane,pres,195.0,0.026063804128187124,373142,0.0261600082269152,0.01838742012279163,0.7028828111710377,400.0,165.0,130.1157315927784,6,0.24633492922607556,6000,42
pres_sugarcane,sugarcane,pres,205.0,0.026160008226915197,379243,0.0261600082269152,0.01838742012279163,0.7028828111710377,400.0,165.0,130.1157315927784,6,0.24633492922607556,6000,42
pres_sugarcane,sugarcane,pres,215.0,0.025653024980231004,385705,0.0261600082269152,0.01838742012279163,0.7028828111710377,400.0,165.0,130.1157315927784,6,0.24633492922607556,6000,42
pres_sugarcane,sugarcane,pres,225.0,0.02563651853486546,389698,0.0261600082269152,0.01838742012279163,0.7028828111710377,400.0,165.0,130.1157315927784,6,0.24633492922607556,6000,42
pres_sugarcane,sugarcane,pres,235.0,0.025464457264848653,393470,0.0261600082269152,0.01838742012279163,0.7028828111710377,400.0,165.0,130.1157315927784,6,0.24633492922607556,6000,42
pres_sugarcane,sugarcane,pres,245.0,0.02558745086142606,395565,0.0261600082269152,0.01838742012279163,0.7028828111710377,400.0,165.0,130.1157315927784,6,0.24633492922607556,6000,42
pres_sugarcane,sugarcane,pres,255.0,0.02512053735275338,397802,0.0261600082269152,0.01838742012279163,0.7028828111710377,400.0,165.0,130.1157315927784,6,0.24633492922607556,6000,42
pres_sugarcane,sugarcane,pres,265.0,0.024965979928157613,399764,0.0261600082269152,0.01838742012279163,0.7028828111710377,400.0,165.0,130.1157315927784,6,0.24633492922607556,6000,42
pres_sugarcane,sugarcane,pres,275.0,0.024544413463453495,401680,0.0261600082269152,0.01838742012279163,0.7028828111710377,400.0,165.0,130.1157315927784,6,0.24633492922607556,6000,42
pres_sugarcane,sugarcane,pres,285.0,0.024397717166835645,401431,0.0261600082269152,0.01838742012279163,0.7028828111710377,400.0,165.0,130.1157315927784,6,0.24633492922607556,6000,42
pres_sugarcane,sugarcane,pres,295.0,0.024294641403579075,399265,0.0261600082269152,0.01838742012279163,0.7028828111710377,400.0,165.0,130.1157315927784,6,0.24633492922607556,6000,42
pres_sugarcane,sugarcane,pres,305.0,0.0238245594613906,397468,0.0261600082269152,0.01838742012279163,0.7028828111710377,400.0,165.0,130.1157315927784,6,0.24633492922607556,6000,42
pres_sugarcane,sugarcane,pres,315.0,0.02320983463705265,394768,0.0261600082269152,0.01838742012279163,0.7028828111710377,400.0,165.0,130.1157315927784,6,0.24633492922607556,6000,42
pres_sugarcane,sugarcane,pres,325.0,0.02248569511251812,390426,0.0261600082269152,0.01838742012279163,0.7028828111710377,400.0,165.0,130.1157315927784,6,0.24633492922607556,6000,42
pres_sugarcane,sugarcane,pres,335.0,0.02233686812829354,384275,0.0261600082269152,0.01838742012279163,0.7028828111710377,400.0,165.0,130.1157315927784,6,0.24633492922607556,6000,42
pres_sugarcane,sugarcane,pres,345.0,0.021018444435086537,379952,0.0261600082269152,0.01838742012279163,0.7028828111710377,400.0,165.0,130.1157315927784,6,0.24633492922607556,6000,42
pres_sugarcane,sugarcane,pres,355.0,0.020662814421053475,373981,0.0261600082269152,0.01838742012279163,0.7028828111710377,400.0,165.0,130.1157315927784,6,0.24633492922607556,6000,42
pres_sugarcane,sugarcane,pres,365.0,0.020420694778049482,368866,0.0261600082269152,0.01838742012279163,0.7028828111710377,400.0,165.0,130.1157315927784,6,0.24633492922607556,6000,42
pres_sugarcane,sugarcane,pres,375.0,0.02004219700208227,362585,0.0261600082269152,0.01838742012279163,0.7028828111710377,400.0,165.0,130.1157315927784,6,0.24633492922607556,6000,42
pres_sugarcane,sugarcane,pres,385.0,0.019441453547703318,355709,0.0261600082269152,0.01838742012279163,0.7028828111710377,400.0,165.0,130.1157315927784,6,0.24633492922607556,6000,42
pres_sugarcane,sugarcane,pres,395.0,0.01919034115520338,346294,0.0261600082269152,0.01838742012279163,0.7028828111710377,400.0,165.0,130.1157315927784,6,0.24633492922607556,6000,42
pres_sugarcane,sugarcane,pres,10.0,0.019448972416658675,62574,0.03240204992560754,0.019448972416658675,0.6002389497365731,800.0,590.0,130.1157315927784,6,0.6295532793330578,6000,42
pres_sugarcane,sugarcane,pres,30.0,0.020375638723933158,181025,0.03240204992560754,0.019448972416658675,0.6002389497365731,800.0,590.0,130.1157315927784,6,0.6295532793330578,6000,42
pres_sugarcane,sugarcane,pres,50.0,0.02167345193354031,287633,0.03240204992560754,0.019448972416658675,0.6002389497365731,800.0,590.0,130.1157315927784,6,0.6295532793330578,6000,42
pres_sugarcane,sugarcane,pres,70.0,0.0226542264819689,381452,0.03240204992560754,0.019448972416658675,0.6002389497365731,800.0,590.0,130.1157315927784,6,0.6295532793330578,6000,42
pres_sugarcane,sugarcane,pres,90.0,0.023179121671816627,464405,0.03240204992560754,0.019448972416658675,0.6002389497365731,800.0,590.0,130.1157315927784,6,0.6295532793330578,6000,42
pres_sugarcane,sugarcane,pres,110.0,0.023837860086903237,536919,0.03240204992560754,0.019448972416658675,0.6002389497365731,800.0,590.0,130.1157315927784,6,0.6295532793330578,6000,42
pres_sugarcane,sugarcane,pres,130.0,0.024245338009854574,602157,0.03240204992560754,0.019448972416658675,0.6002389497365731,800.0,590.0,130.1157315927784,6,0.6295532793330578,6000,42
pres_sugarcane,sugarcane,pres,150.0,0.024601246451013747,658991,0.03240204992560754,0.019448972416658675,0.6002389497365731,800.0,590.0,130.1157315927784,6,0.6295532793330578,6000,42
pres_sugarcane,sugarcane,pres,170.0,0.025422392446729468,703907,0.03240204992560754,0.019448972416658675,0.6002389497365731,800.0,590.0,130.1157315927784,6,0.6295532793330578,6000,42
pres_sugarcane,sugarcane,pres,190.0,0.02596516867616612,738990,0.03240204992560754,0.019448972416658675,0.6002389497365731,800.0,590.0,130.1157315927784,6,0.6295532793330578,6000,42
pres_sugarcane,sugarcane,pres,210.0,0.025904375199359956,764948,0.03240204992560754,0.019448972416658675,0.6002389497365731,800.0,590.0,130.1157315927784,6,0.6295532793330578,6000,42
pres_sugarcane,sugarcane,pres,230.0,0.025550073547438098,783168,0.03240204992560754,0.019448972416658675,0.6002389497365731,800.0,590.0,130.1157315927784,6,0.6295532793330578,6000,42
pres_sugarcane,sugarcane,pres,250.0,0.025353335845831753,793367,0.03240204992560754,0.019448972416658675,0.6002389497365731,800.0,590.0,130.1157315927784,6,0.6295532793330578,6000,42
pres_sugarcane,sugarcane,pres,270.0,0.024754692779532943,801444,0.03240204992560754,0.019448972416658675,0.6002389497365731,800.0,590.0,130.1157315927784,6,0.6295532793330578,6000,42
pres_sugarcane,sugarcane,pres,290.0,0.024346318702728627,800696,0.03240204992560754,0.019448972416658675,0.6002389497365731,800.0,590.0,130.1157315927784,6,0.6295532793330578,6000,42
pres_sugarcane,sugarcane,pres,310.0,0.023518244563488656,792236,0.03240204992560754,0.019448972416658675,0.6002389497365731,800.0,590.0,130.1157315927784,6,0.6295532793330578,6000,42
pres_sugarcane,sugarcane,pres,330.0,0.022411872451436103,774701,0.03240204992560754,0.019448972416658675,0.6002389497365731,800.0,590.0,130.1157315927784,6,0.6295532793330578,6000,42
pres_sugarcane,sugarcane,pres,350.0,0.02084203768769904,753933,0.03240204992560754,0.019448972416658675,0.6002389497365731,800.0,590.0,130.1157315927784,6,0.6295532793330578,6000,42
pres_sugarcane,sugarcane,pres,370.0,0.02023307097809696,731451,0.03240204992560754,0.019448972416658675,0.6002389497365731,800.0,590.0,130.1157315927784,6,0.6295532793330578,6000,42
pres_sugarcane,sugarcane,pres,390.0,0.019317581263897734,702003,0.03240204992560754,0.019448972416658675,0.6002389497365731,800.0,590.0,130.1157315927784,6,0.6295532793330578,6000,42
pres_sugarcane,sugarcane,pres,410.0,0.018826342302051022,665424,0.03240204992560754,0.019448972416658675,0.6002389497365731,800.0,590.0,130.1157315927784,6,0.6295532793330578,6000,42
pres_sugarcane,sugarcane,pres,430.0,0.019071670189258524,624067,0.03240204992560754,0.019448972416658675,0.6002389497365731,800.0,590.0,130.1157315927784,6,0.6295532793330578,6000,42
pres_sugarcane,sugarcane,pres,450.0,0.020073622056114286,577001,0.03240204992560754,0.019448972416658675,0.6002389497365731,800.0,590.0,130.1157315927784,6,0.6295532793330578,6000,42
pres_sugarcane,sugarcane,pres,470.0,0.021753312018083826,527322,0.03240204992560754,0.019448972416658675,0.6002389497365731,800.0,590.0,130.1157315927784,6,0.6295532793330578,6000,42
pres_sugarcane,sugarcane,pres,490.0,0.02320615628785031,478860,0.03240204992560754,0.019448972416658675,0.6002389497365731,800.0,590.0,130.1157315927784,6,0.6295532793330578,6000,42
pres_sugarcane,sugarcane,pres,510.0,0.025144657412301444,431364,0.03240204992560754,0.019448972416658675,0.6002389497365731,800.0,590.0,130.1157315927784,6,0.6295532793330578,6000,42
pres_sugarcane,sugarcane,pres,530.0,0.027041762645010996,383333,0.03240204992560754,0.019448972416658675,0.6002389497365731,800.0,590.0,130.1157315927784,6,0.6295532793330578,6000,42
pres_sugarcane,sugarcane,pres,550.0,0.02860300671815457,334318,0.03240204992560754,0.019448972416658675,0.6002389497365731,800.0,590.0,130.1157315927784,6,0.6295532793330578,6000,42
pres_sugarcane,sugarcane,pres,570.0,0.030202772612119608,290917,0.03240204992560754,0.019448972416658675,0.6002389497365731,800.0,590.0,130.1157315927784,6,0.6295532793330578,6000,42
pres_sugarcane,sugarcane,pres,590.0,0.03157634418114628,248683,0.03240204992560754,0.019448972416658675,0.6002389497365731,800.0,590.0,130.1157315927784,6,0.6295532793330578,6000,42
pres_sugarcane,sugarcane,pres,610.0,0.03240204992560754,211715,0.03240204992560754,0.019448972416658675,0.6002389497365731,800.0,590.0,130.1157315927784,6,0.6295532793330578,6000,42
pres_sugarcane,sugarcane,pres,630.0,0.031743958560281005,179924,0.03240204992560754,0.019448972416658675,0.6002389497365731,800.0,590.0,130.1157315927784,6,0.6295532793330578,6000,42
pres_sugarcane,sugarcane,pres,650.0,0.029857272448426866,153229,0.03240204992560754,0.019448972416658675,0.6002389497365731,800.0,590.0,130.1157315927784,6,0.6295532793330578,6000,42
pres_sugarcane,sugarcane,pres,670.0,0.029132004151755975,129102,0.03240204992560754,0.019448972416658675,0.6002389497365731,800.0,590.0,130.1157315927784,6,0.6295532793330578,6000,42
pres_sugarcane,sugarcane,pres,690.0,0.02722261802092317,106676,0.03240204992560754,0.019448972416658675,0.6002389497365731,800.0,590.0,130.1157315927784,6,0.6295532793330578,6000,42
pres_sugarcane,sugarcane,pres,710.0,0.0273207616977489,86491,0.03240204992560754,0.019448972416658675,0.6002389497365731,800.0,590.0,130.1157315927784,6,0.6295532793330578,6000,42
pres_sugarcane,sugarcane,pres,730.0,0.025729757905710644,69064,0.03240204992560754,0.019448972416658675,0.6002389497365731,800.0,590.0,130.1157315927784,6,0.6295532793330578,6000,42
pres_sugarcane,sugarcane,pres,750.0,0.025587287393580356,53679,0.03240204992560754,0.019448972416658675,0.6002389497365731,800.0,590.0,130.1157315927784,6,0.6295532793330578,6000,42
pres_sugarcane,sugarcane,pres,770.0,0.026944908966719267,42457,0.03240204992560754,0.019448972416658675,0.6002389497365731,800.0,590.0,130.1157315927784,6,0.6295532793330578,6000,42
pres_sugarcane,sugarcane,pres,790.0,0.030640154891053813,32539,0.03240204992560754,0.019448972416658675,0.6002389497365731,800.0,590.0,130.1157315927784,6,0.6295532793330578,6000,42
resid_sugarcane,sugarcane,resid,5.0,0.09997565847015522,15962,0.12751525349879955,0.09997565847015522,0.7840290139963247,400.0,105.0,130.1157315927784,6,0.1504597850130629,6000,42
resid_sugarcane,sugarcane,resid,15.0,0.10738447956693578,46612,0.12751525349879955,0.09997565847015522,0.7840290139963247,400.0,105.0,130.1157315927784,6,0.1504597850130629,6000,42
resid_sugarcane,sugarcane,resid,25.0,0.11098924878143593,76275,0.12751525349879955,0.09997565847015522,0.7840290139963247,400.0,105.0,130.1157315927784,6,0.1504597850130629,6000,42
resid_sugarcane,sugarcane,resid,35.0,0.11320883731570376,104750,0.12751525349879955,0.09997565847015522,0.7840290139963247,400.0,105.0,130.1157315927784,6,0.1504597850130629,6000,42
resid_sugarcane,sugarcane,resid,45.0,0.1143124104555259,130842,0.12751525349879955,0.09997565847015522,0.7840290139963247,400.0,105.0,130.1157315927784,6,0.1504597850130629,6000,42
resid_sugarcane,sugarcane,resid,55.0,0.11540555655812537,156791,0.12751525349879955,0.09997565847015522,0.7840290139963247,400.0,105.0,130.1157315927784,6,0.1504597850130629,6000,42
resid_sugarcane,sugarcane,resid,65.0,0.11759968133853065,179936,0.12751525349879955,0.09997565847015522,0.7840290139963247,400.0,105.0,130.1157315927784,6,0.1504597850130629,6000,42
resid_sugarcane,sugarcane,resid,75.0,0.11827763002115867,201516,0.12751525349879955,0.09997565847015522,0.7840290139963247,400.0,105.0,130.1157315927784,6,0.1504597850130629,6000,42
resid_sugarcane,sugarcane,resid,85.0,0.11868833079755288,222365,0.12751525349879955,0.09997565847015522,0.7840290139963247,400.0,105.0,130.1157315927784,6,0.1504597850130629,6000,42
resid_sugarcane,sugarcane,resid,95.0,0.12017523538852379,242040,0.12751525349879955,0.09997565847015522,0.7840290139963247,400.0,105.0,130.1157315927784,6,0.1504597850130629,6000,42
resid_sugarcane,sugarcane,resid,105.0,0.12145556051594718,259935,0.12751525349879955,0.09997565847015522,0.7840290139963247,400.0,105.0,130.1157315927784,6,0.1504597850130629,6000,42
resid_sugarcane,sugarcane,resid,115.0,0.12200100187100302,276984,0.12751525349879955,0.09997565847015522,0.7840290139963247,400.0,105.0,130.1157315927784,6,0.1504597850130629,6000,42
resid_sugarcane,sugarcane,resid,125.0,0.12306999367180464,293745,0.12751525349879955,0.09997565847015522,0.7840290139963247,400.0,105.0,130.1157315927784,6,0.1504597850130629,6000,42
resid_sugarcane,sugarcane,resid,135.0,0.1236596615896135,308412,0.12751525349879955,0.09997565847015522,0.7840290139963247,400.0,105.0,130.1157315927784,6,0.1504597850130629,6000,42
resid_sugarcane,sugarcane,resid,145.0,0.12407644532679662,323772,0.12751525349879955,0.09997565847015522,0.7840290139963247,400.0,105.0,130.1157315927784,6,0.1504597850130629,6000,42
resid_sugarcane,sugarcane,resid,155.0,0.12606218336112426,335219,0.12751525349879955,0.09997565847015522,0.7840290139963247,400.0,105.0,130.1157315927784,6,0.1504597850130629,6000,42
resid_sugarcane,sugarcane,resid,165.0,0.1265883093130922,346747,0.12751525349879955,0.09997565847015522,0.7840290139963247,400.0,105.0,130.1157315927784,6,0.1504597850130629,6000,42
resid_sugarcane,sugarcane,resid,175.0,0.12677638879631642,357160,0.12751525349879955,0.09997565847015522,0.7840290139963247,400.0,105.0,130.1157315927784,6,0.1504597850130629,6000,42
resid_sugarcane,sugarcane,resid,185.0,0.12683521815875004,365848,0.12751525349879955,0.09997565847015522,0.7840290139963247,400.0,105.0,130.1157315927784,6,0.1504597850130629,6000,42
resid_sugarcane,sugarcane,resid,195.0,0.12751525349879955,373142,0.12751525349879955,0.09997565847015522,0.7840290139963247,400.0,105.0,130.1157315927784,6,0.1504597850130629,6000,42
resid_sugarcane,sugarcane,resid,205.0,0.12734838121721725,379243,0.12751525349879955,0.09997565847015522,0.7840290139963247,400.0,105.0,130.1157315927784,6,0.1504597850130629,6000,42
resid_sugarcane,sugarcane,resid,215.0,0.1271114334775231,385705,0.12751525349879955,0.09997565847015522,0.7840290139963247,400.0,105.0,130.1157315927784,6,0.1504597850130629,6000,42
resid_sugarcane,sugarcane,resid,225.0,0.12659449960319777,389698,0.12751525349879955,0.09997565847015522,0.7840290139963247,400.0,105.0,130.1157315927784,6,0.1504597850130629,6000,42
resid_sugarcane,sugarcane,resid,235.0,0.12638095990739298,393470,0.12751525349879955,0.09997565847015522,0.7840290139963247,400.0,105.0,130.1157315927784,6,0.1504597850130629,6000,42
resid_sugarcane,sugarcane,resid,245.0,0.12626574943520746,395565,0.12751525349879955,0.09997565847015522,0.7840290139963247,400.0,105.0,130.1157315927784,6,0.1504597850130629,6000,42
resid_sugarcane,sugarcane,resid,255.0,0.1262151660911329,397802,0.12751525349879955,0.09997565847015522,0.7840290139963247,400.0,105.0,130.1157315927784,6,0.1504597850130629,6000,42
resid_sugarcane,sugarcane,resid,265.0,0.12562419150490464,399764,0.12751525349879955,0.09997565847015522,0.7840290139963247,400.0,105.0,130.1157315927784,6,0.1504597850130629,6000,42
resid_sugarcane,sugarcane,resid,275.0,0.1261306887652323,401680,0.12751525349879955,0.09997565847015522,0.7840290139963247,400.0,105.0,130.1157315927784,6,0.1504597850130629,6000,42
resid_sugarcane,sugarcane,resid,285.0,0.12610782478730256,401431,0.12751525349879955,0.09997565847015522,0.7840290139963247,400.0,105.0,130.1157315927784,6,0.1504597850130629,6000,42
resid_sugarcane,sugarcane,resid,295.0,0.1258837395884432,399265,0.12751525349879955,0.09997565847015522,0.7840290139963247,400.0,105.0,130.1157315927784,6,0.1504597850130629,6000,42
resid_sugarcane,sugarcane,resid,305.0,0.12535707829204537,397468,0.12751525349879955,0.09997565847015522,0.7840290139963247,400.0,105.0,130.1157315927784,6,0.1504597850130629,6000,42
resid_sugarcane,sugarcane,resid,315.0,0.12514921823729216,394768,0.12751525349879955,0.09997565847015522,0.7840290139963247,400.0,105.0,130.1157315927784,6,0.1504597850130629,6000,42
resid_sugarcane,sugarcane,resid,325.0,0.12538173702526986,390426,0.12751525349879955,0.09997565847015522,0.7840290139963247,400.0,105.0,130.1157315927784,6,0.1504597850130629,6000,42
resid_sugarcane,sugarcane,resid,335.0,0.12537368147685524,384275,0.12751525349879955,0.09997565847015522,0.7840290139963247,400.0,105.0,130.1157315927784,6,0.1504597850130629,6000,42
resid_sugarcane,sugarcane,resid,345.0,0.12475424696859402,379952,0.12751525349879955,0.09997565847015522,0.7840290139963247,400.0,105.0,130.1157315927784,6,0.1504597850130629,6000,42
resid_sugarcane,sugarcane,resid,355.0,0.12458437634362308,373981,0.12751525349879955,0.09997565847015522,0.7840290139963247,400.0,105.0,130.1157315927784,6,0.1504597850130629,6000,42
resid_sugarcane,sugarcane,resid,365.0,0.12531952753969786,368866,0.12751525349879955,0.09997565847015522,0.7840290139963247,400.0,105.0,130.1157315927784,6,0.1504597850130629,6000,42
resid_sugarcane,sugarcane,resid,375.0,0.12478701576864641,362585,0.12751525349879955,0.09997565847015522,0.7840290139963247,400.0,105.0,130.1157315927784,6,0.1504597850130629,6000,42
resid_sugarcane,sugarcane,resid,385.0,0.12429599413387486,355709,0.12751525349879955,0.09997565847015522,0.7840290139963247,400.0,105.0,130.1157315927784,6,0.1504597850130629,6000,42
resid_sugarcane,sugarcane,resid,395.0,0.12455680268752356,346294,0.12751525349879955,0.09997565847015522,0.7840290139963247,400.0,105.0,130.1157315927784,6,0.1504597850130629,6000,42
resid_sugarcane,sugarcane,resid,10.0,0.10549456358990361,62574,0.13900152957494907,0.10549456358990361,0.7589453433533719,800.0,530.0,130.1157315927784,6,0.46615975796987846,6000,42
resid_sugarcane,sugarcane,resid,30.0,0.11227361226142242,181025,0.13900152957494907,0.10549456358990361,0.7589453433533719,800.0,530.0,130.1157315927784,6,0.46615975796987846,6000,42
resid_sugarcane,sugarcane,resid,50.0,0.11490829295361434,287633,0.13900152957494907,0.10549456358990361,0.7589453433533719,800.0,530.0,130.1157315927784,6,0.46615975796987846,6000,42
resid_sugarcane,sugarcane,resid,70.0,0.11795783257834187,381452,0.13900152957494907,0.10549456358990361,0.7589453433533719,800.0,530.0,130.1157315927784,6,0.46615975796987846,6000,42
resid_sugarcane,sugarcane,resid,90.0,0.11946328022143635,464405,0.13900152957494907,0.10549456358990361,0.7589453433533719,800.0,530.0,130.1157315927784,6,0.46615975796987846,6000,42
resid_sugarcane,sugarcane,resid,110.0,0.12173694100031963,536919,0.13900152957494907,0.10549456358990361,0.7589453433533719,800.0,530.0,130.1157315927784,6,0.46615975796987846,6000,42
resid_sugarcane,sugarcane,resid,130.0,0.12337200902970512,602157,0.13900152957494907,0.10549456358990361,0.7589453433533719,800.0,530.0,130.1157315927784,6,0.46615975796987846,6000,42
resid_sugarcane,sugarcane,resid,150.0,0.12508656097045376,658991,0.13900152957494907,0.10549456358990361,0.7589453433533719,800.0,530.0,130.1157315927784,6,0.46615975796987846,6000,42
resid_sugarcane,sugarcane,resid,170.0,0.1266837401984625,703907,0.13900152957494907,0.10549456358990361,0.7589453433533719,800.0,530.0,130.1157315927784,6,0.46615975796987846,6000,42
resid_sugarcane,sugarcane,resid,190.0,0.1271785918807987,738990,0.13900152957494907,0.10549456358990361,0.7589453433533719,800.0,530.0,130.1157315927784,6,0.46615975796987846,6000,42
resid_sugarcane,sugarcane,resid,210.0,0.12722890652359267,764948,0.13900152957494907,0.10549456358990361,0.7589453433533719,800.0,530.0,130.1157315927784,6,0.46615975796987846,6000,42
resid_sugarcane,sugarcane,resid,230.0,0.1264872155158649,783168,0.13900152957494907,0.10549456358990361,0.7589453433533719,800.0,530.0,130.1157315927784,6,0.46615975796987846,6000,42
resid_sugarcane,sugarcane,resid,250.0,0.12624038645005742,793367,0.13900152957494907,0.10549456358990361,0.7589453433533719,800.0,530.0,130.1157315927784,6,0.46615975796987846,6000,42
resid_sugarcane,sugarcane,resid,270.0,0.12587804557272275,801444,0.13900152957494907,0.10549456358990361,0.7589453433533719,800.0,530.0,130.1157315927784,6,0.46615975796987846,6000,42
resid_sugarcane,sugarcane,resid,290.0,0.1259960852795211,800696,0.13900152957494907,0.10549456358990361,0.7589453433533719,800.0,530.0,130.1157315927784,6,0.46615975796987846,6000,42
resid_sugarcane,sugarcane,resid,310.0,0.12525350246603542,792236,0.13900152957494907,0.10549456358990361,0.7589453433533719,800.0,530.0,130.1157315927784,6,0.46615975796987846,6000,42
resid_sugarcane,sugarcane,resid,330.0,0.12537774123093498,774701,0.13900152957494907,0.10549456358990361,0.7589453433533719,800.0,530.0,130.1157315927784,6,0.46615975796987846,6000,42
resid_sugarcane,sugarcane,resid,350.0,0.12466998432695711,753933,0.13900152957494907,0.10549456358990361,0.7589453433533719,800.0,530.0,130.1157315927784,6,0.46615975796987846,6000,42
resid_sugarcane,sugarcane,resid,370.0,0.12505555800447718,731451,0.13900152957494907,0.10549456358990361,0.7589453433533719,800.0,530.0,130.1157315927784,6,0.46615975796987846,6000,42
resid_sugarcane,sugarcane,resid,390.0,0.124424649477623,702003,0.13900152957494907,0.10549456358990361,0.7589453433533719,800.0,530.0,130.1157315927784,6,0.46615975796987846,6000,42
resid_sugarcane,sugarcane,resid,410.0,0.12460820096054878,665424,0.13900152957494907,0.10549456358990361,0.7589453433533719,800.0,530.0,130.1157315927784,6,0.46615975796987846,6000,42
resid_sugarcane,sugarcane,resid,430.0,0.12455756879289248,624067,0.13900152957494907,0.10549456358990361,0.7589453433533719,800.0,530.0,130.1157315927784,6,0.46615975796987846,6000,42
resid_sugarcane,sugarcane,resid,450.0,0.12511707857393126,577001,0.13900152957494907,0.10549456358990361,0.7589453433533719,800.0,530.0,130.1157315927784,6,0.46615975796987846,6000,42
resid_sugarcane,sugarcane,resid,470.0,0.12621975676175257,527322,0.13900152957494907,0.10549456358990361,0.7589453433533719,800.0,530.0,130.1157315927784,6,0.46615975796987846,6000,42
resid_sugarcane,sugarcane,resid,490.0,0.1285154819460464,478860,0.13900152957494907,0.10549456358990361,0.7589453433533719,800.0,530.0,130.1157315927784,6,0.46615975796987846,6000,42
resid_sugarcane,sugarcane,resid,510.0,0.1310971001164456,431364,0.13900152957494907,0.10549456358990361,0.7589453433533719,800.0,530.0,130.1157315927784,6,0.46615975796987846,6000,42
resid_sugarcane,sugarcane,resid,530.0,0.1338486541201776,383333,0.13900152957494907,0.10549456358990361,0.7589453433533719,800.0,530.0,130.1157315927784,6,0.46615975796987846,6000,42
resid_sugarcane,sugarcane,resid,550.0,0.1368757463687721,334318,0.13900152957494907,0.10549456358990361,0.7589453433533719,800.0,530.0,130.1157315927784,6,0.46615975796987846,6000,42
resid_sugarcane,sugarcane,resid,570.0,0.13786133208946458,290917,0.13900152957494907,0.10549456358990361,0.7589453433533719,800.0,530.0,130.1157315927784,6,0.46615975796987846,6000,42
resid_sugarcane,sugarcane,resid,590.0,0.13900152957494905,248683,0.13900152957494907,0.10549456358990361,0.7589453433533719,800.0,530.0,130.1157315927784,6,0.46615975796987846,6000,42
resid_sugarcane,sugarcane,resid,610.0,0.13897128136252862,211715,0.13900152957494907,0.10549456358990361,0.7589453433533719,800.0,530.0,130.1157315927784,6,0.46615975796987846,6000,42
resid_sugarcane,sugarcane,resid,630.0,0.1387324959470239,179924,0.13900152957494907,0.10549456358990361,0.7589453433533719,800.0,530.0,130.1157315927784,6,0.46615975796987846,6000,42
resid_sugarcane,sugarcane,resid,650.0,0.1368332434747446,153229,0.13900152957494907,0.10549456358990361,0.7589453433533719,800.0,530.0,130.1157315927784,6,0.46615975796987846,6000,42
resid_sugarcane,sugarcane,resid,670.0,0.13538933555376298,129102,0.13900152957494907,0.10549456358990361,0.7589453433533719,800.0,530.0,130.1157315927784,6,0.46615975796987846,6000,42
resid_sugarcane,sugarcane,resid,690.0,0.13321708210363112,106676,0.13900152957494907,0.10549456358990361,0.7589453433533719,800.0,530.0,130.1157315927784,6,0.46615975796987846,6000,42
resid_sugarcane,sugarcane,resid,710.0,0.13310869057887562,86491,0.13900152957494907,0.10549456358990361,0.7589453433533719,800.0,530.0,130.1157315927784,6,0.46615975796987846,6000,42
resid_sugarcane,sugarcane,resid,730.0,0.13225846773235928,69064,0.13900152957494907,0.10549456358990361,0.7589453433533719,800.0,530.0,130.1157315927784,6,0.46615975796987846,6000,42
resid_sugarcane,sugarcane,resid,750.0,0.12892352826993406,53679,0.13900152957494907,0.10549456358990361,0.7589453433533719,800.0,530.0,130.1157315927784,6,0.46615975796987846,6000,42
resid_sugarcane,sugarcane,resid,770.0,0.12685553639586325,42457,0.13900152957494907,0.10549456358990361,0.7589453433533719,800.0,530.0,130.1157315927784,6,0.46615975796987846,6000,42
resid_sugarcane,sugarcane,resid,790.0,0.12951790636252047,32539,0.13900152957494907,0.10549456358990361,0.7589453433533719,800.0,530.0,130.1157315927784,6,0.46615975796987846,6000,42
suit_other_crops,other_crops,suit,5.0,0.07251790151340848,15962,0.09633863601017378,0.07251790151340848,0.7527395499532531,400.0,155.0,130.1157315927784,6,0.27333523600748194,6000,42
suit_other_crops,other_crops,suit,15.0,0.07813700058105635,46612,0.09633863601017378,0.07251790151340848,0.7527395499532531,400.0,155.0,130.1157315927784,6,0.27333523600748194,6000,42
suit_other_crops,other_crops,suit,25.0,0.08074305397260208,76275,0.09633863601017378,0.07251790151340848,0.7527395499532531,400.0,155.0,130.1157315927784,6,0.27333523600748194,6000,42
suit_other_crops,other_crops,suit,35.0,0.08210635497122973,104750,0.09633863601017378,0.07251790151340848,0.7527395499532531,400.0,155.0,130.1157315927784,6,0.27333523600748194,6000,42
suit_other_crops,other_crops,suit,45.0,0.08267943145273797,130842,0.09633863601017378,0.07251790151340848,0.7527395499532531,400.0,155.0,130.1157315927784,6,0.27333523600748194,6000,42
suit_other_crops,other_crops,suit,55.0,0.08428190556438325,156791,0.09633863601017378,0.07251790151340848,0.7527395499532531,400.0,155.0,130.1157315927784,6,0.27333523600748194,6000,42
suit_other_crops,other_crops,suit,65.0,0.08556051097929253,179936,0.09633863601017378,0.07251790151340848,0.7527395499532531,400.0,155.0,130.1157315927784,6,0.27333523600748194,6000,42
suit_other_crops,other_crops,suit,75.0,0.08607984696257277,201516,0.09633863601017378,0.07251790151340848,0.7527395499532531,400.0,155.0,130.1157315927784,6,0.27333523600748194,6000,42
suit_other_crops,other_crops,suit,85.0,0.08626238958862378,222365,0.09633863601017378,0.07251790151340848,0.7527395499532531,400.0,155.0,130.1157315927784,6,0.27333523600748194,6000,42
suit_other_crops,other_crops,suit,95.0,0.08738847442346769,242040,0.09633863601017378,0.07251790151340848,0.7527395499532531,400.0,155.0,130.1157315927784,6,0.27333523600748194,6000,42
suit_other_crops,other_crops,suit,105.0,0.08830296480432882,259935,0.09633863601017378,0.07251790151340848,0.7527395499532531,400.0,155.0,130.1157315927784,6,0.27333523600748194,6000,42
suit_other_crops,other_crops,suit,115.0,0.08886551215294042,276984,0.09633863601017378,0.07251790151340848,0.7527395499532531,400.0,155.0,130.1157315927784,6,0.27333523600748194,6000,42
suit_other_crops,other_crops,suit,125.0,0.0893851483965595,293745,0.09633863601017378,0.07251790151340848,0.7527395499532531,400.0,155.0,130.1157315927784,6,0.27333523600748194,6000,42
suit_other_crops,other_crops,suit,135.0,0.0902500130206026,308412,0.09633863601017378,0.07251790151340848,0.7527395499532531,400.0,155.0,130.1157315927784,6,0.27333523600748194,6000,42
suit_other_crops,other_crops,suit,145.0,0.09030647659498996,323772,0.09633863601017378,0.07251790151340848,0.7527395499532531,400.0,155.0,130.1157315927784,6,0.27333523600748194,6000,42
suit_other_crops,other_crops,suit,155.0,0.09162772155362102,335219,0.09633863601017378,0.07251790151340848,0.7527395499532531,400.0,155.0,130.1157315927784,6,0.27333523600748194,6000,42
suit_other_crops,other_crops,suit,165.0,0.09224433769319854,346747,0.09633863601017378,0.07251790151340848,0.7527395499532531,400.0,155.0,130.1157315927784,6,0.27333523600748194,6000,42
suit_other_crops,other_crops,suit,175.0,0.09252332494788877,357160,0.09633863601017378,0.07251790151340848,0.7527395499532531,400.0,155.0,130.1157315927784,6,0.27333523600748194,6000,42
suit_other_crops,other_crops,suit,185.0,0.0926626436724115,365848,0.09633863601017378,0.07251790151340848,0.7527395499532531,400.0,155.0,130.1157315927784,6,0.27333523600748194,6000,42
suit_other_crops,other_crops,suit,195.0,0.09295105640455882,373142,0.09633863601017378,0.07251790151340848,0.7527395499532531,400.0,155.0,130.1157315927784,6,0.27333523600748194,6000,42
suit_other_crops,other_crops,suit,205.0,0.09321196133236498,379243,0.09633863601017378,0.07251790151340848,0.7527395499532531,400.0,155.0,130.1157315927784,6,0.27333523600748194,6000,42
suit_other_crops,other_crops,suit,215.0,0.09370905039753276,385705,0.09633863601017378,0.07251790151340848,0.7527395499532531,400.0,155.0,130.1157315927784,6,0.27333523600748194,6000,42
suit_other_crops,other_crops,suit,225.0,0.09324225008858096,389698,0.09633863601017378,0.07251790151340848,0.7527395499532531,400.0,155.0,130.1157315927784,6,0.27333523600748194,6000,42
suit_other_crops,other_crops,suit,235.0,0.09342004564370257,393470,0.09633863601017378,0.07251790151340848,0.7527395499532531,400.0,155.0,130.1157315927784,6,0.27333523600748194,6000,42
suit_other_crops,other_crops,suit,245.0,0.09365991783252797,395565,0.09633863601017378,0.07251790151340848,0.7527395499532531,400.0,155.0,130.1157315927784,6,0.27333523600748194,6000,42
suit_other_crops,other_crops,suit,255.0,0.09354888445260835,397802,0.09633863601017378,0.07251790151340848,0.7527395499532531,400.0,155.0,130.1157315927784,6,0.27333523600748194,6000,42
suit_other_crops,other_crops,suit,265.0,0.09382981219094577,399764,0.09633863601017378,0.07251790151340848,0.7527395499532531,400.0,155.0,130.1157315927784,6,0.27333523600748194,6000,42
suit_other_crops,other_crops,suit,275.0,0.09431364807204136,401680,0.09633863601017378,0.07251790151340848,0.7527395499532531,400.0,155.0,130.1157315927784,6,0.27333523600748194,6000,42
suit_other_crops,other_crops,suit,285.0,0.09447069258527568,401431,0.09633863601017378,0.07251790151340848,0.7527395499532531,400.0,155.0,130.1157315927784,6,0.27333523600748194,6000,42
suit_other_crops,other_crops,suit,295.0,0.09478713723920694,399265,0.09633863601017378,0.07251790151340848,0.7527395499532531,400.0,155.0,130.1157315927784,6,0.27333523600748194,6000,42
suit_other_crops,other_crops,suit,305.0,0.09441124233017731,397468,0.09633863601017378,0.07251790151340848,0.7527395499532531,400.0,155.0,130.1157315927784,6,0.27333523600748194,6000,42
suit_other_crops,other_crops,suit,315.0,0.09517840192404939,394768,0.09633863601017378,0.07251790151340848,0.7527395499532531,400.0,155.0,130.1157315927784,6,0.27333523600748194,6000,42
suit_other_crops,other_crops,suit,325.0,0.09588775744729046,390426,0.09633863601017378,0.07251790151340848,0.7527395499532531,400.0,155.0,130.1157315927784,6,0.27333523600748194,6000,42
suit_other_crops,other_crops,suit,335.0,0.09624782780562338,384275,0.09633863601017378,0.07251790151340848,0.7527395499532531,400.0,155.0,130.1157315927784,6,0.27333523600748194,6000,42
suit_other_crops,other_crops,suit,345.0,0.09629214669995238,379952,0.09633863601017378,0.07251790151340848,0.7527395499532531,400.0,155.0,130.1157315927784,6,0.27333523600748194,6000,42
suit_other_crops,other_crops,suit,355.0,0.09656970828700616,373981,0.09633863601017378,0.07251790151340848,0.7527395499532531,400.0,155.0,130.1157315927784,6,0.27333523600748194,6000,42
suit_other_crops,other_crops,suit,365.0,0.09702733164121219,368866,0.09633863601017378,0.07251790151340848,0.7527395499532531,400.0,155.0,130.1157315927784,6,0.27333523600748194,6000,42
suit_other_crops,other_crops,suit,375.0,0.09694642347052469,362585,0.09633863601017378,0.07251790151340848,0.7527395499532531,400.0,155.0,130.1157315927784,6,0.27333523600748194,6000,42
suit_other_crops,other_crops,suit,385.0,0.0966880753456345,355709,0.09633863601017378,0.07251790151340848,0.7527395499532531,400.0,155.0,130.1157315927784,6,0.27333523600748194,6000,42
suit_other_crops,other_crops,suit,395.0,0.09734138577497253,346294,0.09633863601017378,0.07251790151340848,0.7527395499532531,400.0,155.0,130.1157315927784,6,0.27333523600748194,6000,42
suit_other_crops,other_crops,suit,10.0,0.07670362474895683,62574,0.11324581036826072,0.07670362474895683,0.6773197569033819,800.0,530.0,130.1157315927784,6,0.6406578886333111,6000,42
suit_other_crops,other_crops,suit,30.0,0.08153192721997811,181025,0.11324581036826072,0.07670362474895683,0.6773197569033819,800.0,530.0,130.1157315927784,6,0.6406578886333111,6000,42
suit_other_crops,other_crops,suit,50.0,0.08355295263576974,287633,0.11324581036826072,0.07670362474895683,0.6773197569033819,800.0,530.0,130.1157315927784,6,0.6406578886333111,6000,42
suit_other_crops,other_crops,suit,70.0,0.08583486924719176,381452,0.11324581036826072,0.07670362474895683,0.6773197569033819,800.0,530.0,130.1157315927784,6,0.6406578886333111,6000,42
suit_other_crops,other_crops,suit,90.0,0.0868492858826465,464405,0.11324581036826072,0.07670362474895683,0.6773197569033819,800.0,530.0,130.1157315927784,6,0.6406578886333111,6000,42
suit_other_crops,other_crops,suit,110.0,0.08859316987214694,536919,0.11324581036826072,0.07670362474895683,0.6773197569033819,800.0,530.0,130.1157315927784,6,0.6406578886333111,6000,42
suit_other_crops,other_crops,suit,130.0,0.08982811365052215,602157,0.11324581036826072,0.07670362474895683,0.6773197569033819,800.0,530.0,130.1157315927784,6,0.6406578886333111,6000,42
suit_other_crops,other_crops,suit,150.0,0.09097857441390911,658991,0.11324581036826072,0.07670362474895683,0.6773197569033819,800.0,530.0,130.1157315927784,6,0.6406578886333111,6000,42
suit_other_crops,other_crops,suit,170.0,0.09238589487033295,703907,0.11324581036826072,0.07670362474895683,0.6773197569033819,800.0,530.0,130.1157315927784,6,0.6406578886333111,6000,42
suit_other_crops,other_crops,suit,190.0,0.0928082733882384,738990,0.11324581036826072,0.07670362474895683,0.6773197569033819,800.0,530.0,130.1157315927784,6,0.6406578886333111,6000,42
suit_other_crops,other_crops,suit,210.0,0.09346260547795465,764948,0.11324581036826072,0.07670362474895683,0.6773197569033819,800.0,530.0,130.1157315927784,6,0.6406578886333111,6000,42
suit_other_crops,other_crops,suit,230.0,0.09333157602768176,783168,0.11324581036826072,0.07670362474895683,0.6773197569033819,800.0,530.0,130.1157315927784,6,0.6406578886333111,6000,42
suit_other_crops,other_crops,suit,250.0,0.09360424460614122,793367,0.11324581036826072,0.07670362474895683,0.6773197569033819,800.0,530.0,130.1157315927784,6,0.6406578886333111,6000,42
suit_other_crops,other_crops,suit,270.0,0.09407230848104024,801444,0.11324581036826072,0.07670362474895683,0.6773197569033819,800.0,530.0,130.1157315927784,6,0.6406578886333111,6000,42
suit_other_crops,other_crops,suit,290.0,0.09462848689766373,800696,0.11324581036826072,0.07670362474895683,0.6773197569033819,800.0,530.0,130.1157315927784,6,0.6406578886333111,6000,42
suit_other_crops,other_crops,suit,310.0,0.09479351485825442,792236,0.11324581036826072,0.07670362474895683,0.6773197569033819,800.0,530.0,130.1157315927784,6,0.6406578886333111,6000,42
suit_other_crops,other_crops,suit,330.0,0.09606636317640192,774701,0.11324581036826072,0.07670362474895683,0.6773197569033819,800.0,530.0,130.1157315927784,6,0.6406578886333111,6000,42
suit_other_crops,other_crops,suit,350.0,0.09642982837708809,753933,0.11324581036826072,0.07670362474895683,0.6773197569033819,800.0,530.0,130.1157315927784,6,0.6406578886333111,6000,42
suit_other_crops,other_crops,suit,370.0,0.09698722493677304,731451,0.11324581036826072,0.07670362474895683,0.6773197569033819,800.0,530.0,130.1157315927784,6,0.6406578886333111,6000,42
suit_other_crops,other_crops,suit,390.0,0.09701034958351837,702003,0.11324581036826072,0.07670362474895683,0.6773197569033819,800.0,530.0,130.1157315927784,6,0.6406578886333111,6000,42
suit_other_crops,other_crops,suit,410.0,0.09800660829959144,665424,0.11324581036826072,0.07670362474895683,0.6773197569033819,800.0,530.0,130.1157315927784,6,0.6406578886333111,6000,42
suit_other_crops,other_crops,suit,430.0,0.09877801216546075,624067,0.11324581036826072,0.07670362474895683,0.6773197569033819,800.0,530.0,130.1157315927784,6,0.6406578886333111,6000,42
suit_other_crops,other_crops,suit,450.0,0.09978838929568928,577001,0.11324581036826072,0.07670362474895683,0.6773197569033819,800.0,530.0,130.1157315927784,6,0.6406578886333111,6000,42
suit_other_crops,other_crops,suit,470.0,0.10091529421707279,527322,0.11324581036826072,0.07670362474895683,0.6773197569033819,800.0,530.0,130.1157315927784,6,0.6406578886333111,6000,42
suit_other_crops,other_crops,suit,490.0,0.10315609746680719,478860,0.11324581036826072,0.07670362474895683,0.6773197569033819,800.0,530.0,130.1157315927784,6,0.6406578886333111,6000,42
suit_other_crops,other_crops,suit,510.0,0.10516767676660675,431364,0.11324581036826072,0.07670362474895683,0.6773197569033819,800.0,530.0,130.1157315927784,6,0.6406578886333111,6000,42
suit_other_crops,other_crops,suit,530.0,0.10764040946325576,383333,0.11324581036826072,0.07670362474895683,0.6773197569033819,800.0,530.0,130.1157315927784,6,0.6406578886333111,6000,42
suit_other_crops,other_crops,suit,550.0,0.10984814131070517,334318,0.11324581036826072,0.07670362474895683,0.6773197569033819,800.0,530.0,130.1157315927784,6,0.6406578886333111,6000,42
suit_other_crops,other_crops,suit,570.0,0.11064154505936025,290917,0.11324581036826072,0.07670362474895683,0.6773197569033819,800.0,530.0,130.1157315927784,6,0.6406578886333111,6000,42
suit_other_crops,other_crops,suit,590.0,0.11181431612588763,248683,0.11324581036826072,0.07670362474895683,0.6773197569033819,800.0,530.0,130.1157315927784,6,0.6406578886333111,6000,42
suit_other_crops,other_crops,suit,610.0,0.11264487997238856,211715,0.11324581036826072,0.07670362474895683,0.6773197569033819,800.0,530.0,130.1157315927784,6,0.6406578886333111,6000,42
suit_other_crops,other_crops,suit,630.0,0.11300148561515666,179924,0.11324581036826072,0.07670362474895683,0.6773197569033819,800.0,530.0,130.1157315927784,6,0.6406578886333111,6000,42
suit_other_crops,other_crops,suit,650.0,0.11291173183586234,153229,0.11324581036826072,0.07670362474895683,0.6773197569033819,800.0,530.0,130.1157315927784,6,0.6406578886333111,6000,42
suit_other_crops,other_crops,suit,670.0,0.11205729646945749,129102,0.11324581036826072,0.07670362474895683,0.6773197569033819,800.0,530.0,130.1157315927784,6,0.6406578886333111,6000,42
suit_other_crops,other_crops,suit,690.0,0.11168353988324352,106676,0.11324581036826072,0.07670362474895683,0.6773197569033819,800.0,530.0,130.1157315927784,6,0.6406578886333111,6000,42
suit_other_crops,other_crops,suit,710.0,0.11248788622576333,86491,0.11324581036826072,0.07670362474895683,0.6773197569033819,800.0,530.0,130.1157315927784,6,0.6406578886333111,6000,42
suit_other_crops,other_crops,suit,730.0,0.11370144890860878,69064,0.11324581036826072,0.07670362474895683,0.6773197569033819,800.0,530.0,130.1157315927784,6,0.6406578886333111,6000,42
suit_other_crops,other_crops,suit,750.0,0.11049438124443847,53679,0.11324581036826072,0.07670362474895683,0.6773197569033819,800.0,530.0,130.1157315927784,6,0.6406578886333111,6000,42
suit_other_crops,other_crops,suit,770.0,0.10859933657273561,42457,0.11324581036826072,0.07670362474895683,0.6773197569033819,800.0,530.0,130.1157315927784,6,0.6406578886333111,6000,42
suit_other_crops,other_crops,suit,790.0,0.1109890642965397,32539,0.11324581036826072,0.07670362474895683,0.6773197569033819,800.0,530.0,130.1157315927784,6,0.6406578886333111,6000,42
pres_other_crops,other_crops,pres,5.0,0.004040847011652675,15962,0.004645059853637109,0.004040847011652675,0.8699235615852545,400.0,285.0,130.1157315927784,6,1.0,6000,42
pres_other_crops,other_crops,pres,15.0,0.004226379473097057,46612,0.004645059853637109,0.004040847011652675,0.8699235615852545,400.0,285.0,130.1157315927784,6,1.0,6000,42
pres_other_crops,other_crops,pres,25.0,0.0038872500819403474,76275,0.004645059853637109,0.004040847011652675,0.8699235615852545,400.0,285.0,130.1157315927784,6,1.0,6000,42
pres_other_crops,other_crops,pres,35.0,0.004071599045346062,104750,0.004645059853637109,0.004040847011652675,0.8699235615852545,400.0,285.0,130.1157315927784,6,1.0,6000,42
pres_other_crops,other_crops,pres,45.0,0.004176793384387276,130842,0.004645059853637109,0.004040847011652675,0.8699235615852545,400.0,285.0,130.1157315927784,6,1.0,6000,42
pres_other_crops,other_crops,pres,55.0,0.003970253394646376,156791,0.004645059853637109,0.004040847011652675,0.8699235615852545,400.0,285.0,130.1157315927784,6,1.0,6000,42
pres_other_crops,other_crops,pres,65.0,0.004193157567134982,179936,0.004645059853637109,0.004040847011652675,0.8699235615852545,400.0,285.0,130.1157315927784,6,1.0,6000,42
pres_other_crops,other_crops,pres,75.0,0.003984795251989916,201516,0.004645059853637109,0.004040847011652675,0.8699235615852545,400.0,285.0,130.1157315927784,6,1.0,6000,42
pres_other_crops,other_crops,pres,85.0,0.003961954444269557,222365,0.004645059853637109,0.004040847011652675,0.8699235615852545,400.0,285.0,130.1157315927784,6,1.0,6000,42
pres_other_crops,other_crops,pres,95.0,0.003978681209717402,242040,0.004645059853637109,0.004040847011652675,0.8699235615852545,400.0,285.0,130.1157315927784,6,1.0,6000,42
pres_other_crops,other_crops,pres,105.0,0.0038817396656856524,259935,0.004645059853637109,0.004040847011652675,0.8699235615852545,400.0,285.0,130.1157315927784,6,1.0,6000,42
pres_other_crops,other_crops,pres,115.0,0.0037962481587384108,276984,0.004645059853637109,0.004040847011652675,0.8699235615852545,400.0,285.0,130.1157315927784,6,1.0,6000,42
pres_other_crops,other_crops,pres,125.0,0.003926875351069806,293745,0.004645059853637109,0.004040847011652675,0.8699235615852545,400.0,285.0,130.1157315927784,6,1.0,6000,42
pres_other_crops,other_crops,pres,135.0,0.003795247915126519,308412,0.004645059853637109,0.004040847011652675,0.8699235615852545,400.0,285.0,130.1157315927784,6,1.0,6000,42
pres_other_crops,other_crops,pres,145.0,0.0038344884671929627,323772,0.004645059853637109,0.004040847011652675,0.8699235615852545,400.0,285.0,130.1157315927784,6,1.0,6000,42
pres_other_crops,other_crops,pres,155.0,0.003910876173486586,335219,0.004645059853637109,0.004040847011652675,0.8699235615852545,400.0,285.0,130.1157315927784,6,1.0,6000,42
pres_other_crops,other_crops,pres,165.0,0.00380392620556198,346747,0.004645059853637109,0.004040847011652675,0.8699235615852545,400.0,285.0,130.1157315927784,6,1.0,6000,42
pres_other_crops,other_crops,pres,175.0,0.004016407212453802,357160,0.004645059853637109,0.004040847011652675,0.8699235615852545,400.0,285.0,130.1157315927784,6,1.0,6000,42
pres_other_crops,other_crops,pres,185.0,0.003759758150926068,365848,0.004645059853637109,0.004040847011652675,0.8699235615852545,400.0,285.0,130.1157315927784,6,1.0,6000,42
pres_other_crops,other_crops,pres,195.0,0.00391271955448596,373142,0.004645059853637109,0.004040847011652675,0.8699235615852545,400.0,285.0,130.1157315927784,6,1.0,6000,42
pres_other_crops,other_crops,pres,205.0,0.003948655611309899,379243,0.004645059853637109,0.004040847011652675,0.8699235615852545,400.0,285.0,130.1157315927784,6,1.0,6000,42
pres_other_crops,other_crops,pres,215.0,0.0038332404298622004,385705,0.004645059853637109,0.004040847011652675,0.8699235615852545,400.0,285.0,130.1157315927784,6,1.0,6000,42
pres_other_crops,other_crops,pres,225.0,0.003973589805439084,389698,0.004645059853637109,0.004040847011652675,0.8699235615852545,400.0,285.0,130.1157315927784,6,1.0,6000,42
pres_other_crops,other_crops,pres,235.0,0.004071466693775891,393470,0.004645059853637109,0.004040847011652675,0.8699235615852545,400.0,285.0,130.1157315927784,6,1.0,6000,42
pres_other_crops,other_crops,pres,245.0,0.0041889449268767455,395565,0.004645059853637109,0.004040847011652675,0.8699235615852545,400.0,285.0,130.1157315927784,6,1.0,6000,42
pres_other_crops,other_crops,pres,255.0,0.004226977239933434,397802,0.004645059853637109,0.004040847011652675,0.8699235615852545,400.0,285.0,130.1157315927784,6,1.0,6000,42
pres_other_crops,other_crops,pres,265.0,0.00439509310493191,399764,0.004645059853637109,0.004040847011652675,0.8699235615852545,400.0,285.0,130.1157315927784,6,1.0,6000,42
pres_other_crops,other_crops,pres,275.0,0.004375373431587333,401680,0.004645059853637109,0.004040847011652675,0.8699235615852545,400.0,285.0,130.1157315927784,6,1.0,6000,42
pres_other_crops,other_crops,pres,285.0,0.004535025944682897,401431,0.004645059853637109,0.004040847011652675,0.8699235615852545,400.0,285.0,130.1157315927784,6,1.0,6000,42
pres_other_crops,other_crops,pres,295.0,0.004321691107409866,399265,0.004645059853637109,0.004040847011652675,0.8699235615852545,400.0,285.0,130.1157315927784,6,1.0,6000,42
pres_other_crops,other_crops,pres,305.0,0.004461994424708404,397468,0.004645059853637109,0.004040847011652675,0.8699235615852545,400.0,285.0,130.1157315927784,6,1.0,6000,42
pres_other_crops,other_crops,pres,315.0,0.004508977424715276,394768,0.004645059853637109,0.004040847011652675,0.8699235615852545,400.0,285.0,130.1157315927784,6,1.0,6000,42
pres_other_crops,other_crops,pres,325.0,0.004525825636612316,390426,0.004645059853637109,0.004040847011652675,0.8699235615852545,400.0,285.0,130.1157315927784,6,1.0,6000,42
pres_other_crops,other_crops,pres,335.0,0.004491575043913864,384275,0.004645059853637109,0.004040847011652675,0.8699235615852545,400.0,285.0,130.1157315927784,6,1.0,6000,42
pres_other_crops,other_crops,pres,345.0,0.004566366277845623,379952,0.004645059853637109,0.004040847011652675,0.8699235615852545,400.0,285.0,130.1157315927784,6,1.0,6000,42
pres_other_crops,other_crops,pres,355.0,0.00461520772445659,373981,0.004645059853637109,0.004040847011652675,0.8699235615852545,400.0,285.0,130.1157315927784,6,1.0,6000,42
pres_other_crops,other_crops,pres,365.0,0.004685983527893598,368866,0.004645059853637109,0.004040847011652675,0.8699235615852545,400.0,285.0,130.1157315927784,6,1.0,6000,42
pres_other_crops,other_crops,pres,375.0,0.0047878428506419185,362585,0.004645059853637109,0.004040847011652675,0.8699235615852545,400.0,285.0,130.1157315927784,6,1.0,6000,42
pres_other_crops,other_crops,pres,385.0,0.004784810055410462,355709,0.004645059853637109,0.004040847011652675,0.8699235615852545,400.0,285.0,130.1157315927784,6,1.0,6000,42
pres_other_crops,other_crops,pres,395.0,0.004867251526159852,346294,0.004645059853637109,0.004040847011652675,0.8699235615852545,400.0,285.0,130.1157315927784,6,1.0,6000,42
pres_other_crops,other_crops,pres,10.0,0.004179052002429124,62574,0.005761217450134392,0.004179052002429124,0.7253765438642901,800.0,,130.1157315927784,6,1.0,6000,42
pres_other_crops,other_crops,pres,30.0,0.003993923491230493,181025,0.005761217450134392,0.004179052002429124,0.7253765438642901,800.0,,130.1157315927784,6,1.0,6000,42
pres_other_crops,other_crops,pres,50.0,0.004064206819106291,287633,0.005761217450134392,0.004179052002429124,0.7253765438642901,800.0,,130.1157315927784,6,1.0,6000,42
pres_other_crops,other_crops,pres,70.0,0.004083082537252394,381452,0.005761217450134392,0.004179052002429124,0.7253765438642901,800.0,,130.1157315927784,6,1.0,6000,42
pres_other_crops,other_crops,pres,90.0,0.003970672150385978,464405,0.005761217450134392,0.004179052002429124,0.7253765438642901,800.0,,130.1157315927784,6,1.0,6000,42
pres_other_crops,other_crops,pres,110.0,0.0038376365895041896,536919,0.005761217450134392,0.004179052002429124,0.7253765438642901,800.0,,130.1157315927784,6,1.0,6000,42
pres_other_crops,other_crops,pres,130.0,0.003859458579739171,602157,0.005761217450134392,0.004179052002429124,0.7253765438642901,800.0,,130.1157315927784,6,1.0,6000,42
pres_other_crops,other_crops,pres,150.0,0.003873345766482395,658991,0.005761217450134392,0.004179052002429124,0.7253765438642901,800.0,,130.1157315927784,6,1.0,6000,42
pres_other_crops,other_crops,pres,170.0,0.003911738340434177,703907,0.005761217450134392,0.004179052002429124,0.7253765438642901,800.0,,130.1157315927784,6,1.0,6000,42
pres_other_crops,other_crops,pres,190.0,0.0038369937346919443,738990,0.005761217450134392,0.004179052002429124,0.7253765438642901,800.0,,130.1157315927784,6,1.0,6000,42
pres_other_crops,other_crops,pres,210.0,0.0038904605280358925,764948,0.005761217450134392,0.004179052002429124,0.7253765438642901,800.0,,130.1157315927784,6,1.0,6000,42
pres_other_crops,other_crops,pres,230.0,0.004022763953583395,783168,0.005761217450134392,0.004179052002429124,0.7253765438642901,800.0,,130.1157315927784,6,1.0,6000,42
pres_other_crops,other_crops,pres,250.0,0.004208014701897104,793367,0.005761217450134392,0.004179052002429124,0.7253765438642901,800.0,,130.1157315927784,6,1.0,6000,42
pres_other_crops,other_crops,pres,270.0,0.004385209696497821,801444,0.005761217450134392,0.004179052002429124,0.7253765438642901,800.0,,130.1157315927784,6,1.0,6000,42
pres_other_crops,other_crops,pres,290.0,0.004428647077042973,800696,0.005761217450134392,0.004179052002429124,0.7253765438642901,800.0,,130.1157315927784,6,1.0,6000,42
pres_other_crops,other_crops,pres,310.0,0.004485405863909239,792236,0.005761217450134392,0.004179052002429124,0.7253765438642901,800.0,,130.1157315927784,6,1.0,6000,42
pres_other_crops,other_crops,pres,330.0,0.004508836312332113,774701,0.005761217450134392,0.004179052002429124,0.7253765438642901,800.0,,130.1157315927784,6,1.0,6000,42
pres_other_crops,other_crops,pres,350.0,0.004590593593860462,753933,0.005761217450134392,0.004179052002429124,0.7253765438642901,800.0,,130.1157315927784,6,1.0,6000,42
pres_other_crops,other_crops,pres,370.0,0.004736475854158378,731451,0.005761217450134392,0.004179052002429124,0.7253765438642901,800.0,,130.1157315927784,6,1.0,6000,42
pres_other_crops,other_crops,pres,390.0,0.004825477953797918,702003,0.005761217450134392,0.004179052002429124,0.7253765438642901,800.0,,130.1157315927784,6,1.0,6000,42
pres_other_crops,other_crops,pres,410.0,0.00489236937651783,665424,0.005761217450134392,0.004179052002429124,0.7253765438642901,800.0,,130.1157315927784,6,1.0,6000,42
pres_other_crops,other_crops,pres,430.0,0.004767917547314631,624067,0.005761217450134392,0.004179052002429124,0.7253765438642901,800.0,,130.1157315927784,6,1.0,6000,42
pres_other_crops,other_crops,pres,450.0,0.004485260857433522,577001,0.005761217450134392,0.004179052002429124,0.7253765438642901,800.0,,130.1157315927784,6,1.0,6000,42
pres_other_crops,other_crops,pres,470.0,0.004468806535665115,527322,0.005761217450134392,0.004179052002429124,0.7253765438642901,800.0,,130.1157315927784,6,1.0,6000,42
pres_other_crops,other_crops,pres,490.0,0.004143173370087291,478860,0.005761217450134392,0.004179052002429124,0.7253765438642901,800.0,,130.1157315927784,6,1.0,6000,42
pres_other_crops,other_crops,pres,510.0,0.004215697183816916,431364,0.005761217450134392,0.004179052002429124,0.7253765438642901,800.0,,130.1157315927784,6,1.0,6000,42
pres_other_crops,other_crops,pres,530.0,0.004275655891874688,383333,0.005761217450134392,0.004179052002429124,0.7253765438642901,800.0,,130.1157315927784,6,1.0,6000,42
pres_other_crops,other_crops,pres,550.0,0.004211559054552851,334318,0.005761217450134392,0.004179052002429124,0.7253765438642901,800.0,,130.1157315927784,6,1.0,6000,42
pres_other_crops,other_crops,pres,570.0,0.00410941952515666,290917,0.005761217450134392,0.004179052002429124,0.7253765438642901,800.0,,130.1157315927784,6,1.0,6000,42
pres_other_crops,other_crops,pres,590.0,0.004266475794485349,248683,0.005761217450134392,0.004179052002429124,0.7253765438642901,800.0,,130.1157315927784,6,1.0,6000,42
pres_other_crops,other_crops,pres,610.0,0.004293507781687646,211715,0.005761217450134392,0.004179052002429124,0.7253765438642901,800.0,,130.1157315927784,6,1.0,6000,42
pres_other_crops,other_crops,pres,630.0,0.004287921566883795,179924,0.005761217450134392,0.004179052002429124,0.7253765438642901,800.0,,130.1157315927784,6,1.0,6000,42
pres_other_crops,other_crops,pres,650.0,0.00434317263703346,153229,0.005761217450134392,0.004179052002429124,0.7253765438642901,800.0,,130.1157315927784,6,1.0,6000,42
pres_other_crops,other_crops,pres,670.0,0.004825641740639185,129102,0.005761217450134392,0.004179052002429124,0.7253765438642901,800.0,,130.1157315927784,6,1.0,6000,42
pres_other_crops,other_crops,pres,690.0,0.005160485957478721,106676,0.005761217450134392,0.004179052002429124,0.7253765438642901,800.0,,130.1157315927784,6,1.0,6000,42
pres_other_crops,other_crops,pres,710.0,0.00647466210357147,86491,0.005761217450134392,0.004179052002429124,0.7253765438642901,800.0,,130.1157315927784,6,1.0,6000,42
pres_other_crops,other_crops,pres,730.0,0.006595331866095216,69064,0.005761217450134392,0.004179052002429124,0.7253765438642901,800.0,,130.1157315927784,6,1.0,6000,42
pres_other_crops,other_crops,pres,750.0,0.0066040723560424,53679,0.005761217450134392,0.004179052002429124,0.7253765438642901,800.0,,130.1157315927784,6,1.0,6000,42
pres_other_crops,other_crops,pres,770.0,0.0062062792943448665,42457,0.005761217450134392,0.004179052002429124,0.7253765438642901,800.0,,130.1157315927784,6,1.0,6000,42
pres_other_crops,other_crops,pres,790.0,0.004102768984910415,32539,0.005761217450134392,0.004179052002429124,0.7253765438642901,800.0,,130.1157315927784,6,1.0,6000,42
resid_other_crops,other_crops,resid,5.0,0.07492776047242758,15962,0.09956219123061573,0.07492776047242758,0.7525724328311792,400.0,175.0,130.1157315927784,6,0.30169330454259635,6000,42
resid_other_crops,other_crops,resid,15.0,0.08088450270754702,46612,0.09956219123061573,0.07492776047242758,0.7525724328311792,400.0,175.0,130.1157315927784,6,0.30169330454259635,6000,42
resid_other_crops,other_crops,resid,25.0,0.08322508973523586,76275,0.09956219123061573,0.07492776047242758,0.7525724328311792,400.0,175.0,130.1157315927784,6,0.30169330454259635,6000,42
resid_other_crops,other_crops,resid,35.0,0.08457580597524327,104750,0.09956219123061573,0.07492776047242758,0.7525724328311792,400.0,175.0,130.1157315927784,6,0.30169330454259635,6000,42
resid_other_crops,other_crops,resid,45.0,0.08534832106916786,130842,0.09956219123061573,0.07492776047242758,0.7525724328311792,400.0,175.0,130.1157315927784,6,0.30169330454259635,6000,42
resid_other_crops,other_crops,resid,55.0,0.08660884635186124,156791,0.09956219123061573,0.07492776047242758,0.7525724328311792,400.0,175.0,130.1157315927784,6,0.30169330454259635,6000,42
resid_other_crops,other_crops,resid,65.0,0.08793233719530125,179936,0.09956219123061573,0.07492776047242758,0.7525724328311792,400.0,175.0,130.1157315927784,6,0.30169330454259635,6000,42
resid_other_crops,other_crops,resid,75.0,0.08847863611055001,201516,0.09956219123061573,0.07492776047242758,0.7525724328311792,400.0,175.0,130.1157315927784,6,0.30169330454259635,6000,42
resid_other_crops,other_crops,resid,85.0,0.0885904546437779,222365,0.09956219123061573,0.07492776047242758,0.7525724328311792,400.0,175.0,130.1157315927784,6,0.30169330454259635,6000,42
resid_other_crops,other_crops,resid,95.0,0.08966926922205781,242040,0.09956219123061573,0.07492776047242758,0.7525724328311792,400.0,175.0,130.1157315927784,6,0.30169330454259635,6000,42
resid_other_crops,other_crops,resid,105.0,0.09042377592452928,259935,0.09956219123061573,0.07492776047242758,0.7525724328311792,400.0,175.0,130.1157315927784,6,0.30169330454259635,6000,42
resid_other_crops,other_crops,resid,115.0,0.09101888155084187,276984,0.09956219123061573,0.07492776047242758,0.7525724328311792,400.0,175.0,130.1157315927784,6,0.30169330454259635,6000,42
resid_other_crops,other_crops,resid,125.0,0.09162147206562231,293745,0.09956219123061573,0.07492776047242758,0.7525724328311792,400.0,175.0,130.1157315927784,6,0.30169330454259635,6000,42
resid_other_crops,other_crops,resid,135.0,0.09261580950261358,308412,0.09956219123061573,0.07492776047242758,0.7525724328311792,400.0,175.0,130.1157315927784,6,0.30169330454259635,6000,42
resid_other_crops,other_crops,resid,145.0,0.0926288708995613,323772,0.09956219123061573,0.07492776047242758,0.7525724328311792,400.0,175.0,130.1157315927784,6,0.30169330454259635,6000,42
resid_other_crops,other_crops,resid,155.0,0.09396391568249578,335219,0.09956219123061573,0.07492776047242758,0.7525724328311792,400.0,175.0,130.1157315927784,6,0.30169330454259635,6000,42
resid_other_crops,other_crops,resid,165.0,0.09453350187241474,346747,0.09956219123061573,0.07492776047242758,0.7525724328311792,400.0,175.0,130.1157315927784,6,0.30169330454259635,6000,42
resid_other_crops,other_crops,resid,175.0,0.09513816160726922,357160,0.09956219123061573,0.07492776047242758,0.7525724328311792,400.0,175.0,130.1157315927784,6,0.30169330454259635,6000,42
resid_other_crops,other_crops,resid,185.0,0.09497455962825094,365848,0.09956219123061573,0.07492776047242758,0.7525724328311792,400.0,175.0,130.1157315927784,6,0.30169330454259635,6000,42
resid_other_crops,other_crops,resid,195.0,0.09551621275270522,373142,0.09956219123061573,0.07492776047242758,0.7525724328311792,400.0,175.0,130.1157315927784,6,0.30169330454259635,6000,42
resid_other_crops,other_crops,resid,205.0,0.09569621212982851,379243,0.09956219123061573,0.07492776047242758,0.7525724328311792,400.0,175.0,130.1157315927784,6,0.30169330454259635,6000,42
resid_other_crops,other_crops,resid,215.0,0.09620771228849087,385705,0.09956219123061573,0.07492776047242758,0.7525724328311792,400.0,175.0,130.1157315927784,6,0.30169330454259635,6000,42
resid_other_crops,other_crops,resid,225.0,0.09582062626520725,389698,0.09956219123061573,0.07492776047242758,0.7525724328311792,400.0,175.0,130.1157315927784,6,0.30169330454259635,6000,42
resid_other_crops,other_crops,resid,235.0,0.09614342806493467,393470,0.09956219123061573,0.07492776047242758,0.7525724328311792,400.0,175.0,130.1157315927784,6,0.30169330454259635,6000,42
resid_other_crops,other_crops,resid,245.0,0.09641681205793295,395565,0.09956219123061573,0.07492776047242758,0.7525724328311792,400.0,175.0,130.1157315927784,6,0.30169330454259635,6000,42
resid_other_crops,other_crops,resid,255.0,0.09636557192215708,397802,0.09956219123061573,0.07492776047242758,0.7525724328311792,400.0,175.0,130.1157315927784,6,0.30169330454259635,6000,42
resid_other_crops,other_crops,resid,265.0,0.09680256635769202,399764,0.09956219123061573,0.07492776047242758,0.7525724328311792,400.0,175.0,130.1157315927784,6,0.30169330454259635,6000,42
resid_other_crops,other_crops,resid,275.0,0.09722301736523006,401680,0.09956219123061573,0.07492776047242758,0.7525724328311792,400.0,175.0,130.1157315927784,6,0.30169330454259635,6000,42
resid_other_crops,other_crops,resid,285.0,0.09753808461889361,401431,0.09956219123061573,0.07492776047242758,0.7525724328311792,400.0,175.0,130.1157315927784,6,0.30169330454259635,6000,42
resid_other_crops,other_crops,resid,295.0,0.09768601395630121,399265,0.09956219123061573,0.07492776047242758,0.7525724328311792,400.0,175.0,130.1157315927784,6,0.30169330454259635,6000,42
resid_other_crops,other_crops,resid,305.0,0.09753484023006487,397468,0.09956219123061573,0.07492776047242758,0.7525724328311792,400.0,175.0,130.1157315927784,6,0.30169330454259635,6000,42
resid_other_crops,other_crops,resid,315.0,0.09825873532404475,394768,0.09956219123061573,0.07492776047242758,0.7525724328311792,400.0,175.0,130.1157315927784,6,0.30169330454259635,6000,42
resid_other_crops,other_crops,resid,325.0,0.09909978306942263,390426,0.09956219123061573,0.07492776047242758,0.7525724328311792,400.0,175.0,130.1157315927784,6,0.30169330454259635,6000,42
resid_other_crops,other_crops,resid,335.0,0.09942462699752114,384275,0.09956219123061573,0.07492776047242758,0.7525724328311792,400.0,175.0,130.1157315927784,6,0.30169330454259635,6000,42
resid_other_crops,other_crops,resid,345.0,0.09954771817153284,379952,0.09956219123061573,0.07492776047242758,0.7525724328311792,400.0,175.0,130.1157315927784,6,0.30169330454259635,6000,42
resid_other_crops,other_crops,resid,355.0,0.09981694293345504,373981,0.09956219123061573,0.07492776047242758,0.7525724328311792,400.0,175.0,130.1157315927784,6,0.30169330454259635,6000,42
resid_other_crops,other_crops,resid,365.0,0.10042018688954442,368866,0.09956219123061573,0.07492776047242758,0.7525724328311792,400.0,175.0,130.1157315927784,6,0.30169330454259635,6000,42
resid_other_crops,other_crops,resid,375.0,0.10035218217676801,362585,0.09956219123061573,0.07492776047242758,0.7525724328311792,400.0,175.0,130.1157315927784,6,0.30169330454259635,6000,42
resid_other_crops,other_crops,resid,385.0,0.09999692776334923,355709,0.09956219123061573,0.07492776047242758,0.7525724328311792,400.0,175.0,130.1157315927784,6,0.30169330454259635,6000,42
resid_other_crops,other_crops,resid,395.0,0.1005275311852464,346294,0.09956219123061573,0.07492776047242758,0.7525724328311792,400.0,175.0,130.1157315927784,6,0.30169330454259635,6000,42
resid_other_crops,other_crops,resid,10.0,0.07936499748881436,62574,0.11683184119795395,0.07936499748881436,0.6793096528740168,800.0,550.0,130.1157315927784,6,0.6590968449238392,6000,42
resid_other_crops,other_crops,resid,30.0,0.08400668082011793,181025,0.11683184119795395,0.07936499748881436,0.6793096528740168,800.0,550.0,130.1157315927784,6,0.6590968449238392,6000,42
resid_other_crops,other_crops,resid,50.0,0.08603544326863306,287633,0.11683184119795395,0.07936499748881436,0.6793096528740168,800.0,550.0,130.1157315927784,6,0.6590968449238392,6000,42
resid_other_crops,other_crops,resid,70.0,0.08822093962025974,381452,0.11683184119795395,0.07936499748881436,0.6793096528740168,800.0,550.0,130.1157315927784,6,0.6590968449238392,6000,42
resid_other_crops,other_crops,resid,90.0,0.08915271448276946,464405,0.11683184119795395,0.07936499748881436,0.6793096528740168,800.0,550.0,130.1157315927784,6,0.6590968449238392,6000,42
resid_other_crops,other_crops,resid,110.0,0.09073077704909102,536919,0.11683184119795395,0.07936499748881436,0.6793096528740168,800.0,550.0,130.1157315927784,6,0.6590968449238392,6000,42
resid_other_crops,other_crops,resid,130.0,0.09213075053887321,602157,0.11683184119795395,0.07936499748881436,0.6793096528740168,800.0,550.0,130.1157315927784,6,0.6590968449238392,6000,42
resid_other_crops,other_crops,resid,150.0,0.09330798848552305,658991,0.11683184119795395,0.07936499748881436,0.6793096528740168,800.0,550.0,130.1157315927784,6,0.6590968449238392,6000,42
resid_other_crops,other_crops,resid,170.0,0.09484030415013131,703907,0.11683184119795395,0.07936499748881436,0.6793096528740168,800.0,550.0,130.1157315927784,6,0.6590968449238392,6000,42
resid_other_crops,other_crops,resid,190.0,0.0952480593104728,738990,0.11683184119795395,0.07936499748881436,0.6793096528740168,800.0,550.0,130.1157315927784,6,0.6590968449238392,6000,42
resid_other_crops,other_crops,resid,210.0,0.09595412269198028,764948,0.11683184119795395,0.07936499748881436,0.6793096528740168,800.0,550.0,130.1157315927784,6,0.6590968449238392,6000,42
resid_other_crops,other_crops,resid,230.0,0.09598280452598751,783168,0.11683184119795395,0.07936499748881436,0.6793096528740168,800.0,550.0,130.1157315927784,6,0.6590968449238392,6000,42
resid_other_crops,other_crops,resid,250.0,0.09639111975097805,793367,0.11683184119795395,0.07936499748881436,0.6793096528740168,800.0,550.0,130.1157315927784,6,0.6590968449238392,6000,42
resid_other_crops,other_crops,resid,270.0,0.09701329444438041,801444,0.11683184119795395,0.07936499748881436,0.6793096528740168,800.0,550.0,130.1157315927784,6,0.6590968449238392,6000,42
resid_other_crops,other_crops,resid,290.0,0.0976118492023311,800696,0.11683184119795395,0.07936499748881436,0.6793096528740168,800.0,550.0,130.1157315927784,6,0.6590968449238392,6000,42
resid_other_crops,other_crops,resid,310.0,0.09789555423253415,792236,0.11683184119795395,0.07936499748881436,0.6793096528740168,800.0,550.0,130.1157315927784,6,0.6590968449238392,6000,42
resid_other_crops,other_crops,resid,330.0,0.09926091542948162,774701,0.11683184119795395,0.07936499748881436,0.6793096528740168,800.0,550.0,130.1157315927784,6,0.6590968449238392,6000,42
resid_other_crops,other_crops,resid,350.0,0.09968126444910448,753933,0.11683184119795395,0.07936499748881436,0.6793096528740168,800.0,550.0,130.1157315927784,6,0.6590968449238392,6000,42
resid_other_crops,other_crops,resid,370.0,0.10038647651279735,731451,0.11683184119795395,0.07936499748881436,0.6793096528740168,800.0,550.0,130.1157315927784,6,0.6590968449238392,6000,42
resid_other_crops,other_crops,resid,390.0,0.10025867134761089,702003,0.11683184119795395,0.07936499748881436,0.6793096528740168,800.0,550.0,130.1157315927784,6,0.6590968449238392,6000,42
resid_other_crops,other_crops,resid,410.0,0.10122675929990796,665424,0.11683184119795395,0.07936499748881436,0.6793096528740168,800.0,550.0,130.1157315927784,6,0.6590968449238392,6000,42
resid_other_crops,other_crops,resid,430.0,0.10181980837484994,624067,0.11683184119795395,0.07936499748881436,0.6793096528740168,800.0,550.0,130.1157315927784,6,0.6590968449238392,6000,42
resid_other_crops,other_crops,resid,450.0,0.1027120624820203,577001,0.11683184119795395,0.07936499748881436,0.6793096528740168,800.0,550.0,130.1157315927784,6,0.6590968449238392,6000,42
resid_other_crops,other_crops,resid,470.0,0.10378763332084352,527322,0.11683184119795395,0.07936499748881436,0.6793096528740168,800.0,550.0,130.1157315927784,6,0.6590968449238392,6000,42
resid_other_crops,other_crops,resid,490.0,0.10568914244110801,478860,0.11683184119795395,0.07936499748881436,0.6793096528740168,800.0,550.0,130.1157315927784,6,0.6590968449238392,6000,42
resid_other_crops,other_crops,resid,510.0,0.10794076112923116,431364,0.11683184119795395,0.07936499748881436,0.6793096528740168,800.0,550.0,130.1157315927784,6,0.6590968449238392,6000,42
resid_other_crops,other_crops,resid,530.0,0.11033266542336877,383333,0.11683184119795395,0.07936499748881436,0.6793096528740168,800.0,550.0,130.1157315927784,6,0.6590968449238392,6000,42
resid_other_crops,other_crops,resid,550.0,0.1126111855078889,334318,0.11683184119795395,0.07936499748881436,0.6793096528740168,800.0,550.0,130.1157315927784,6,0.6590968449238392,6000,42
resid_other_crops,other_crops,resid,570.0,0.11335882233368903,290917,0.11683184119795395,0.07936499748881436,0.6793096528740168,800.0,550.0,130.1157315927784,6,0.6590968449238392,6000,42
resid_other_crops,other_crops,resid,590.0,0.11451800053946863,248683,0.11683184119795395,0.07936499748881436,0.6793096528740168,800.0,550.0,130.1157315927784,6,0.6590968449238392,6000,42
resid_other_crops,other_crops,resid,610.0,0.11545291468551885,211715,0.11683184119795395,0.07936499748881436,0.6793096528740168,800.0,550.0,130.1157315927784,6,0.6590968449238392,6000,42
resid_other_crops,other_crops,resid,630.0,0.11582509236800212,179924,0.11683184119795395,0.07936499748881436,0.6793096528740168,800.0,550.0,130.1157315927784,6,0.6590968449238392,6000,42
resid_other_crops,other_crops,resid,650.0,0.11580518077506985,153229,0.11683184119795395,0.07936499748881436,0.6793096528740168,800.0,550.0,130.1157315927784,6,0.6590968449238392,6000,42
resid_other_crops,other_crops,resid,670.0,0.11539844243761149,129102,0.11683184119795395,0.07936499748881436,0.6793096528740168,800.0,550.0,130.1157315927784,6,0.6590968449238392,6000,42
resid_other_crops,other_crops,resid,690.0,0.11530274490513903,106676,0.11683184119795395,0.07936499748881436,0.6793096528740168,800.0,550.0,130.1157315927784,6,0.6590968449238392,6000,42
resid_other_crops,other_crops,resid,710.0,0.11675317337818591,86491,0.11683184119795395,0.07936499748881436,0.6793096528740168,800.0,550.0,130.1157315927784,6,0.6590968449238392,6000,42
resid_other_crops,other_crops,resid,730.0,0.11820298861095654,69064,0.11683184119795395,0.07936499748881436,0.6793096528740168,800.0,550.0,130.1157315927784,6,0.6590968449238392,6000,42
resid_other_crops,other_crops,resid,750.0,0.11494951287316617,53679,0.11683184119795395,0.07936499748881436,0.6793096528740168,800.0,550.0,130.1157315927784,6,0.6590968449238392,6000,42
resid_other_crops,other_crops,resid,770.0,0.11246019091609857,42457,0.11683184119795395,0.07936499748881436,0.6793096528740168,800.0,550.0,130.1157315927784,6,0.6590968449238392,6000,42
resid_other_crops,other_crops,resid,790.0,0.1144760692398526,32539,0.11683184119795395,0.07936499748881436,0.6793096528740168,800.0,550.0,130.1157315927784,6,0.6590968449238392,6000,42
